sys.executable: /Users/sanel.zulic/myprojects/whisper.cpp/vibepaste/venv/bin/python3
sys.path: ['/Users/sanel.zulic/myprojects/whisper.cpp/vibepaste', '/Users/sanel.zulic/myprojects/whisper.cpp/vibepaste', '/Applications/VibePaste.app/Contents/MacOS', '/opt/homebrew/Cellar/python@3.14/3.14.2/Frameworks/Python.framework/Versions/3.14/lib/python314.zip', '/opt/homebrew/Cellar/python@3.14/3.14.2/Frameworks/Python.framework/Versions/3.14/lib/python3.14', '/opt/homebrew/Cellar/python@3.14/3.14.2/Frameworks/Python.framework/Versions/3.14/lib/python3.14/lib-dynload', '/Users/sanel.zulic/myprojects/whisper.cpp/vibepaste/venv/lib/python3.14/site-packages']
os.getcwd: /Users/sanel.zulic/myprojects/whisper.cpp/vibepaste

🔴 Recording... (English, turbo)
Press Space to stop and transcribe
sys.executable: /Users/sanel.zulic/myprojects/whisper.cpp/vibepaste/venv/bin/python3
sys.path: ['/Users/sanel.zulic/myprojects/whisper.cpp/vibepaste', '/Users/sanel.zulic/myprojects/whisper.cpp/vibepaste', '/Applications/VibePaste.app/Contents/MacOS', '/opt/homebrew/Cellar/python@3.14/3.14.2/Frameworks/Python.framework/Versions/3.14/lib/python314.zip', '/opt/homebrew/Cellar/python@3.14/3.14.2/Frameworks/Python.framework/Versions/3.14/lib/python3.14', '/opt/homebrew/Cellar/python@3.14/3.14.2/Frameworks/Python.framework/Versions/3.14/lib/python3.14/lib-dynload', '/Users/sanel.zulic/myprojects/whisper.cpp/vibepaste/venv/lib/python3.14/site-packages']
os.getcwd: /Users/sanel.zulic/myprojects/whisper.cpp/vibepaste

🔴 Recording... (English, turbo)
Press Space to stop and transcribe
sys.executable: /Users/sanel.zulic/myprojects/whisper.cpp/vibepaste/venv/bin/python3
sys.path: ['/Users/sanel.zulic/myprojects/whisper.cpp/vibepaste', '/Users/sanel.zulic/myprojects/whisper.cpp/vibepaste', '/Applications/VibePaste.app/Contents/MacOS', '/opt/homebrew/Cellar/python@3.14/3.14.2/Frameworks/Python.framework/Versions/3.14/lib/python314.zip', '/opt/homebrew/Cellar/python@3.14/3.14.2/Frameworks/Python.framework/Versions/3.14/lib/python3.14', '/opt/homebrew/Cellar/python@3.14/3.14.2/Frameworks/Python.framework/Versions/3.14/lib/python3.14/lib-dynload', '/Users/sanel.zulic/myprojects/whisper.cpp/vibepaste/venv/lib/python3.14/site-packages']
os.getcwd: /Users/sanel.zulic/myprojects/whisper.cpp/vibepaste
DEBUG: Key pressed: Key.alt. Current keys: {<Key.alt: <58>>}
DEBUG: Key pressed: Key.space. Current keys: {<Key.alt: <58>>, <Key.space: ' '>}
sys.executable: /Users/sanel.zulic/myprojects/whisper.cpp/vibepaste/venv/bin/python3
sys.path: ['/Users/sanel.zulic/myprojects/whisper.cpp/vibepaste', '/Users/sanel.zulic/myprojects/whisper.cpp/vibepaste', '/Applications/VibePaste.app/Contents/MacOS', '/opt/homebrew/Cellar/python@3.14/3.14.2/Frameworks/Python.framework/Versions/3.14/lib/python314.zip', '/opt/homebrew/Cellar/python@3.14/3.14.2/Frameworks/Python.framework/Versions/3.14/lib/python3.14', '/opt/homebrew/Cellar/python@3.14/3.14.2/Frameworks/Python.framework/Versions/3.14/lib/python3.14/lib-dynload', '/Users/sanel.zulic/myprojects/whisper.cpp/vibepaste/venv/lib/python3.14/site-packages']
os.getcwd: /Users/sanel.zulic/myprojects/whisper.cpp/vibepaste
DEBUG: Key pressed: Key.alt. Current keys: {<Key.alt: <58>>}
DEBUG: Key pressed: Key.space. Current keys: {<Key.alt: <58>>, <Key.space: ' '>}

🔴 Recording... (English, turbo)
Press Space to stop and transcribe
DEBUG: Key pressed: Key.space. Current keys: {<Key.space: ' '>}
DEBUG: Key pressed: 't'. Current keys: {'t'}
DEBUG: Key pressed: 'h'. Current keys: {'h'}
DEBUG: Key pressed: 'e'. Current keys: {'e', 'h'}
DEBUG: Key pressed: 'r'. Current keys: {'r'}
DEBUG: Key pressed: 'e'. Current keys: {'e', 'r'}
DEBUG: Key pressed: Key.space. Current keys: {<Key.space: ' '>}
DEBUG: Key pressed: 'i'. Current keys: {'i'}
DEBUG: Key pressed: 's'. Current keys: {'s'}
DEBUG: Key pressed: Key.space. Current keys: {<Key.space: ' '>}
DEBUG: Key pressed: 's'. Current keys: {'s'}
DEBUG: Key pressed: 'o'. Current keys: {'o'}
DEBUG: Key pressed: 'u'. Current keys: {'u'}
DEBUG: Key pressed: 'n'. Current keys: {'n'}
DEBUG: Key pressed: 'd'. Current keys: {'d'}
DEBUG: Key pressed: Key.space. Current keys: {<Key.space: ' '>}
DEBUG: Key pressed: 's'. Current keys: {'s'}
DEBUG: Key pressed: 'p'. Current keys: {'p'}
DEBUG: Key pressed: 'a'. Current keys: {'a'}
DEBUG: Key pressed: 'c'. Current keys: {'c'}
DEBUG: Key pressed: 'e'. Current keys: {'e'}
DEBUG: Key pressed: Key.space. Current keys: {<Key.space: ' '>}
DEBUG: Key pressed: 'f'. Current keys: {'f'}
DEBUG: Key pressed: 'o'. Current keys: {'o'}
DEBUG: Key pressed: 'r'. Current keys: {'o', 'r'}
DEBUG: Key pressed: Key.space. Current keys: {<Key.space: ' '>}
DEBUG: Key pressed: 'e'. Current keys: {'e'}
DEBUG: Key pressed: 'n'. Current keys: {'n'}
DEBUG: Key pressed: 'd'. Current keys: {'d'}
DEBUG: Key pressed: Key.space. Current keys: {<Key.space: ' '>}
DEBUG: Key pressed: 'i'. Current keys: {'i'}
DEBUG: Key pressed: 's'. Current keys: {'s'}
DEBUG: Key pressed: Key.space. Current keys: {<Key.space: ' '>}
DEBUG: Key pressed: 'n'. Current keys: {'n'}
DEBUG: Key pressed: 'o'. Current keys: {'o'}
DEBUG: Key pressed: 't'. Current keys: {'t'}
DEBUG: Key pressed: Key.space. Current keys: {<Key.space: ' '>}
DEBUG: Key pressed: 'w'. Current keys: {'w'}
DEBUG: Key pressed: 'o'. Current keys: {'o'}
DEBUG: Key pressed: 'r'. Current keys: {'r'}
DEBUG: Key pressed: 'k'. Current keys: {'k'}
DEBUG: Key pressed: 'i'. Current keys: {'i'}
DEBUG: Key pressed: 'n'. Current keys: {'n'}
DEBUG: Key pressed: 'g'. Current keys: {'g'}
DEBUG: Key pressed: Key.space. Current keys: {<Key.space: ' '>}
DEBUG: Key pressed: 'n'. Current keys: {'n'}
DEBUG: Key pressed: 'o'. Current keys: {'o'}
DEBUG: Key pressed: Key.space. Current keys: {<Key.space: ' '>}
DEBUG: Key pressed: 'p'. Current keys: {'p'}
DEBUG: Key pressed: 'a'. Current keys: {'a'}
DEBUG: Key pressed: 's'. Current keys: {'s'}
DEBUG: Key pressed: 't'. Current keys: {'t'}
DEBUG: Key pressed: 'i'. Current keys: {'i'}
DEBUG: Key pressed: 'n'. Current keys: {'n'}
DEBUG: Key pressed: 'g'. Current keys: {'g'}
DEBUG: Key pressed: Key.space. Current keys: {<Key.space: ' '>}
DEBUG: Key pressed: 'a'. Current keys: {'a'}
DEBUG: Key pressed: 'n'. Current keys: {'n'}
DEBUG: Key pressed: 'd'. Current keys: {'d'}
DEBUG: Key pressed: Key.space. Current keys: {<Key.space: ' '>}
DEBUG: Key pressed: 'n'. Current keys: {'n'}
DEBUG: Key pressed: 'o'. Current keys: {'o'}
DEBUG: Key pressed: Key.space. Current keys: {<Key.space: ' '>}
DEBUG: Key pressed: 'a'. Current keys: {'a'}
DEBUG: Key pressed: 'n'. Current keys: {'n'}
DEBUG: Key pressed: 'i'. Current keys: {'i'}
DEBUG: Key pressed: 'm'. Current keys: {'m'}
DEBUG: Key pressed: 'a'. Current keys: {'m', 'a'}
DEBUG: Key pressed: 't'. Current keys: {'t'}
DEBUG: Key pressed: 'i'. Current keys: {'i'}
DEBUG: Key pressed: 'o'. Current keys: {'o'}
DEBUG: Key pressed: 'n'. Current keys: {'n'}
DEBUG: Key pressed: Key.enter. Current keys: {<Key.enter: <36>>}
sys.executable: /Users/sanel.zulic/myprojects/whisper.cpp/vibepaste/venv/bin/python3
sys.path: ['/Users/sanel.zulic/myprojects/whisper.cpp/vibepaste', '/Users/sanel.zulic/myprojects/whisper.cpp/vibepaste', '/Applications/VibePaste.app/Contents/MacOS', '/opt/homebrew/Cellar/python@3.14/3.14.2/Frameworks/Python.framework/Versions/3.14/lib/python314.zip', '/opt/homebrew/Cellar/python@3.14/3.14.2/Frameworks/Python.framework/Versions/3.14/lib/python3.14', '/opt/homebrew/Cellar/python@3.14/3.14.2/Frameworks/Python.framework/Versions/3.14/lib/python3.14/lib-dynload', '/Users/sanel.zulic/myprojects/whisper.cpp/vibepaste/venv/lib/python3.14/site-packages']
os.getcwd: /Users/sanel.zulic/myprojects/whisper.cpp/vibepaste
DEBUG: Key pressed: Key.alt. Current keys: {<Key.alt: <58>>}
DEBUG: Key pressed: Key.space. Current keys: {<Key.space: ' '>, <Key.alt: <58>>}
DEBUG: Failed to start overlay process: name 'sys' is not defined
Traceback (most recent call last):
  File "/Users/sanel.zulic/myprojects/whisper.cpp/vibepaste/src/overlay.py", line 53, in show
    [sys.executable, script_path],
     ^^^
NameError: name 'sys' is not defined. Did you forget to import 'sys'?

🔴 Recording... (English, turbo)
Press Space to stop and transcribe
DEBUG: Key pressed: Key.space. Current keys: {<Key.space: ' '>}
DEBUG: Key pressed: 's'. Current keys: {'s'}
DEBUG: Key pressed: 't'. Current keys: {'t'}
DEBUG: Key pressed: 'i'. Current keys: {'i'}
DEBUG: Key pressed: 'l'. Current keys: {'l'}
DEBUG: Key pressed: 'l'. Current keys: {'l'}
DEBUG: Key pressed: Key.space. Current keys: {<Key.space: ' '>}
DEBUG: Key pressed: 't'. Current keys: {'t'}
DEBUG: Key pressed: 'h'. Current keys: {'h'}
DEBUG: Key pressed: 'e'. Current keys: {'e'}
DEBUG: Key pressed: Key.space. Current keys: {<Key.space: ' '>}
DEBUG: Key pressed: 's'. Current keys: {'s'}
DEBUG: Key pressed: 'a'. Current keys: {'a'}
DEBUG: Key pressed: 'm'. Current keys: {'m'}
DEBUG: Key pressed: 'e'. Current keys: {'e'}
DEBUG: Key pressed: Key.space. Current keys: {<Key.space: ' '>}
DEBUG: Key pressed: 's'. Current keys: {'s'}
DEBUG: Key pressed: 'p'. Current keys: {'p'}
DEBUG: Key pressed: 'a'. Current keys: {'a'}
DEBUG: Key pressed: 'c'. Current keys: {'c'}
DEBUG: Key pressed: 'e'. Current keys: {'e'}
DEBUG: Key pressed: Key.space. Current keys: {<Key.space: ' '>}
DEBUG: Key pressed: 'i'. Current keys: {'i'}
DEBUG: Key pressed: 's'. Current keys: {'s'}
DEBUG: Key pressed: Key.space. Current keys: {<Key.space: ' '>}
DEBUG: Key pressed: 'n'. Current keys: {'n'}
DEBUG: Key pressed: 'o'. Current keys: {'o'}
DEBUG: Key pressed: 't'. Current keys: {'t'}
DEBUG: Key pressed: Key.space. Current keys: {<Key.space: ' '>}
DEBUG: Key pressed: 'e'. Current keys: {'e'}
DEBUG: Key pressed: 'n'. Current keys: {'n'}
DEBUG: Key pressed: 'd'. Current keys: {'d'}
DEBUG: Key pressed: 'i'. Current keys: {'i'}
DEBUG: Key pressed: 'n'. Current keys: {'n'}
DEBUG: Key pressed: 'g'. Current keys: {'g'}
DEBUG: Key pressed: Key.space. Current keys: {<Key.space: ' '>}
DEBUG: Key pressed: 'a'. Current keys: {'a'}
DEBUG: Key pressed: 'n'. Current keys: {'n'}
DEBUG: Key pressed: 'd'. Current keys: {'d'}
DEBUG: Key pressed: Key.space. Current keys: {<Key.space: ' '>}
DEBUG: Key pressed: 'n'. Current keys: {'n'}
DEBUG: Key pressed: 'o'. Current keys: {'o'}
DEBUG: Key pressed: Key.space. Current keys: {<Key.space: ' '>}
DEBUG: Key pressed: 'a'. Current keys: {'a'}
DEBUG: Key pressed: 'n'. Current keys: {'n'}
DEBUG: Key pressed: 'i'. Current keys: {'i'}
DEBUG: Key pressed: 'm'. Current keys: {'m'}
DEBUG: Key pressed: 'a'. Current keys: {'m', 'a'}
DEBUG: Key pressed: 't'. Current keys: {'t'}
DEBUG: Key pressed: 'i'. Current keys: {'i'}
DEBUG: Key pressed: 'o'. Current keys: {'o'}
DEBUG: Key pressed: 'n'. Current keys: {'n'}
DEBUG: Key pressed: Key.enter. Current keys: {<Key.enter: <36>>}
sys.executable: /Users/sanel.zulic/myprojects/whisper.cpp/vibepaste/venv/bin/python3
sys.path: ['/Users/sanel.zulic/myprojects/whisper.cpp/vibepaste', '/Users/sanel.zulic/myprojects/whisper.cpp/vibepaste', '/Applications/VibePaste.app/Contents/MacOS', '/opt/homebrew/Cellar/python@3.14/3.14.2/Frameworks/Python.framework/Versions/3.14/lib/python314.zip', '/opt/homebrew/Cellar/python@3.14/3.14.2/Frameworks/Python.framework/Versions/3.14/lib/python3.14', '/opt/homebrew/Cellar/python@3.14/3.14.2/Frameworks/Python.framework/Versions/3.14/lib/python3.14/lib-dynload', '/Users/sanel.zulic/myprojects/whisper.cpp/vibepaste/venv/lib/python3.14/site-packages']
os.getcwd: /Users/sanel.zulic/myprojects/whisper.cpp/vibepaste
DEBUG: Key pressed: Key.alt. Current keys: {<Key.alt: <58>>}
DEBUG: Key pressed: Key.space. Current keys: {<Key.alt: <58>>, <Key.space: ' '>}
DEBUG: Overlay process started (PID: 28234)

🔴 Recording... (English, turbo)
Press Space to stop and transcribe
DEBUG: Key pressed: Key.space. Current keys: {<Key.space: ' '>}
DEBUG: Key pressed: 'c'. Current keys: {'c'}
DEBUG: Key pressed: 'h'. Current keys: {'h'}
DEBUG: Key pressed: 'e'. Current keys: {'e', 'h'}
DEBUG: Key pressed: 'c'. Current keys: {'c'}
DEBUG: Key pressed: 'k'. Current keys: {'k'}
DEBUG: Key pressed: Key.space. Current keys: {<Key.space: ' '>}
DEBUG: Key pressed: 'l'. Current keys: {<Key.space: ' '>, 'l'}
DEBUG: Key pressed: 'o'. Current keys: {'o'}
DEBUG: Key pressed: 'g'. Current keys: {'g'}
DEBUG: Key pressed: 's'. Current keys: {'s'}
DEBUG: Key pressed: Key.space. Current keys: {<Key.space: ' '>}
DEBUG: Key pressed: 'a'. Current keys: {'a'}
DEBUG: Key pressed: 'n'. Current keys: {'n', 'a'}
DEBUG: Key pressed: 'i'. Current keys: {'i'}
DEBUG: Key pressed: 'm'. Current keys: {'m'}
DEBUG: Key pressed: 'a'. Current keys: {'a', 'm'}
DEBUG: Key pressed: 't'. Current keys: {'t'}
DEBUG: Key pressed: 'i'. Current keys: {'i'}
DEBUG: Key pressed: 'o'. Current keys: {'o'}
DEBUG: Key pressed: 'n'. Current keys: {'n'}
DEBUG: Key pressed: Key.space. Current keys: {<Key.space: ' '>}
DEBUG: Key pressed: 'n'. Current keys: {'n'}
DEBUG: Key pressed: 'o'. Current keys: {'o'}
DEBUG: Key pressed: 'w'. Current keys: {'w'}
DEBUG: Key pressed: Key.space. Current keys: {<Key.space: ' '>}
DEBUG: Key pressed: 'w'. Current keys: {'w'}
DEBUG: Key pressed: 'o'. Current keys: {'o'}
DEBUG: Key pressed: 'r'. Current keys: {'r'}
DEBUG: Key pressed: 'k'. Current keys: {'k'}
DEBUG: Key pressed: 's'. Current keys: {'s'}
DEBUG: Key pressed: Key.space. Current keys: {<Key.space: ' '>}
DEBUG: Key pressed: 's'. Current keys: {'s'}
DEBUG: Key pressed: 'p'. Current keys: {'p'}
DEBUG: Key pressed: 'a'. Current keys: {'a'}
DEBUG: Key pressed: 'c'. Current keys: {'c'}
DEBUG: Key pressed: 'e'. Current keys: {'e'}
DEBUG: Key pressed: Key.space. Current keys: {<Key.space: ' '>}
DEBUG: Key pressed: 's'. Current keys: {'s'}
DEBUG: Key pressed: 't'. Current keys: {'t'}
DEBUG: Key pressed: 'i'. Current keys: {'i'}
DEBUG: Key pressed: 'l'. Current keys: {'l'}
DEBUG: Key pressed: 'l'. Current keys: {'l'}
DEBUG: Key pressed: Key.space. Current keys: {<Key.space: ' '>}
DEBUG: Key pressed: 'n'. Current keys: {'n'}
DEBUG: Key pressed: 'o'. Current keys: {'o'}
DEBUG: Key pressed: 't'. Current keys: {'t'}
DEBUG: Key pressed: Key.space. Current keys: {<Key.space: ' '>}
DEBUG: Key pressed: 'e'. Current keys: {'e'}
DEBUG: Key pressed: 'n'. Current keys: {'n'}
DEBUG: Key pressed: 'd'. Current keys: {'d'}
DEBUG: Key pressed: 'i'. Current keys: {'i'}
DEBUG: Key pressed: 'n'. Current keys: {'n'}
DEBUG: Key pressed: 'g'. Current keys: {'g'}
DEBUG: Key pressed: Key.space. Current keys: {<Key.space: ' '>}
DEBUG: Key pressed: 'c'. Current keys: {'c'}
DEBUG: Key pressed: 'o'. Current keys: {'o'}
DEBUG: Key pressed: 'n'. Current keys: {'n'}
DEBUG: Key pressed: 'v'. Current keys: {'v'}
DEBUG: Key pressed: 'e'. Current keys: {'e'}
DEBUG: Key pressed: Key.space. Current keys: {<Key.space: ' '>}
DEBUG: Key pressed: 'a'. Current keys: {'a'}
DEBUG: Key pressed: 'n'. Current keys: {'n'}
DEBUG: Key pressed: 'd'. Current keys: {'d'}
DEBUG: Key pressed: Key.space. Current keys: {<Key.space: ' '>}
DEBUG: Key pressed: 'n'. Current keys: {'n'}
DEBUG: Key pressed: 'o'. Current keys: {'o'}
DEBUG: Key pressed: 't'. Current keys: {'t'}
DEBUG: Key pressed: Key.space. Current keys: {<Key.space: ' '>}
DEBUG: Key pressed: 'p'. Current keys: {'p'}
DEBUG: Key pressed: 'a'. Current keys: {'a'}
DEBUG: Key pressed: 's'. Current keys: {'s'}
DEBUG: Key pressed: 't'. Current keys: {'t'}
DEBUG: Key pressed: 'i'. Current keys: {'i'}
DEBUG: Key pressed: 'n'. Current keys: {'n'}
DEBUG: Key pressed: 'g'. Current keys: {'g'}
DEBUG: Key pressed: Key.enter. Current keys: {<Key.enter: <36>>}
sys.executable: /Users/sanel.zulic/myprojects/whisper.cpp/vibepaste/venv/bin/python3
sys.path: ['/Users/sanel.zulic/myprojects/whisper.cpp/vibepaste', '/Users/sanel.zulic/myprojects/whisper.cpp/vibepaste', '/Applications/VibePaste.app/Contents/MacOS', '/opt/homebrew/Cellar/python@3.14/3.14.2/Frameworks/Python.framework/Versions/3.14/lib/python314.zip', '/opt/homebrew/Cellar/python@3.14/3.14.2/Frameworks/Python.framework/Versions/3.14/lib/python3.14', '/opt/homebrew/Cellar/python@3.14/3.14.2/Frameworks/Python.framework/Versions/3.14/lib/python3.14/lib-dynload', '/Users/sanel.zulic/myprojects/whisper.cpp/vibepaste/venv/lib/python3.14/site-packages']
os.getcwd: /Users/sanel.zulic/myprojects/whisper.cpp/vibepaste
DEBUG: Key pressed: Key.space. Current keys: {<Key.space: ' '>}
DEBUG: Key pressed: Key.alt. Current keys: {<Key.alt: <58>>}
DEBUG: Key pressed: Key.space. Current keys: {<Key.space: ' '>, <Key.alt: <58>>}
DEBUG: Overlay process started (PID: 28978)

🔴 Recording... (English, turbo)
Press Space to stop and transcribe
DEBUG: Key pressed: Key.space. Current keys: {<Key.space: ' '>}
DEBUG: Key pressed: 'a'. Current keys: {'a'}
DEBUG: Key pressed: 'n'. Current keys: {'n'}
DEBUG: Key pressed: 'd'. Current keys: {'d'}
DEBUG: Key pressed: Key.space. Current keys: {<Key.space: ' '>}
DEBUG: Key pressed: 'i'. Current keys: {'i'}
DEBUG: Key pressed: Key.space. Current keys: {<Key.space: ' '>}
DEBUG: Key pressed: 'a'. Current keys: {'a'}
DEBUG: Key pressed: 's'. Current keys: {'s'}
DEBUG: Key pressed: 't'. Current keys: {'t'}
DEBUG: Key pressed: 'i'. Current keys: {'i'}
DEBUG: Key pressed: 'l'. Current keys: {'l'}
DEBUG: Key pressed: 'l'. Current keys: {'l'}
DEBUG: Key pressed: Key.space. Current keys: {<Key.space: ' '>, 'l'}
DEBUG: Key pressed: 's'. Current keys: {'s'}
DEBUG: Key pressed: 'e'. Current keys: {'e'}
DEBUG: Key pressed: 'e'. Current keys: {'e'}
DEBUG: Key pressed: 'i'. Current keys: {'i'}
DEBUG: Key pressed: 'n'. Current keys: {'n'}
DEBUG: Key pressed: 'g'. Current keys: {'n', 'g'}
DEBUG: Key pressed: Key.space. Current keys: {<Key.space: ' '>}
DEBUG: Key pressed: 'i'. Current keys: {'i'}
DEBUG: Key pressed: 't'. Current keys: {'t'}
DEBUG: Key pressed: '.'. Current keys: {'.'}
DEBUG: Key pressed: Key.space. Current keys: {<Key.space: ' '>}
DEBUG: Key pressed: 's'. Current keys: {'s'}
DEBUG: Key pressed: 'p'. Current keys: {'p'}
DEBUG: Key pressed: 'a'. Current keys: {'a'}
DEBUG: Key pressed: 'c'. Current keys: {'c'}
DEBUG: Key pressed: 'e'. Current keys: {'e'}
DEBUG: Key pressed: Key.space. Current keys: {<Key.space: ' '>}
DEBUG: Key pressed: 's'. Current keys: {'s'}
DEBUG: Key pressed: 't'. Current keys: {'t'}
DEBUG: Key pressed: 'i'. Current keys: {'i'}
DEBUG: Key pressed: 'l'. Current keys: {'l'}
DEBUG: Key pressed: 'l'. Current keys: {'l'}
DEBUG: Key pressed: Key.space. Current keys: {<Key.space: ' '>}
DEBUG: Key pressed: 'n'. Current keys: {'n', <Key.space: ' '>}
DEBUG: Key pressed: 'o'. Current keys: {'o'}
DEBUG: Key pressed: 't'. Current keys: {'t'}
DEBUG: Key pressed: Key.space. Current keys: {<Key.space: ' '>}
DEBUG: Key pressed: 'w'. Current keys: {'w'}
DEBUG: Key pressed: 'o'. Current keys: {'o'}
DEBUG: Key pressed: 'r'. Current keys: {'r'}
DEBUG: Key pressed: 'k'. Current keys: {'k'}
DEBUG: Key pressed: 'i'. Current keys: {'i'}
DEBUG: Key pressed: 'n'. Current keys: {'n'}
DEBUG: Key pressed: 'g'. Current keys: {'g'}
sys.executable: /Users/sanel.zulic/myprojects/whisper.cpp/vibepaste/venv/bin/python3
sys.path: ['/Users/sanel.zulic/myprojects/whisper.cpp/vibepaste', '/Users/sanel.zulic/myprojects/whisper.cpp/vibepaste', '/Applications/VibePaste.app/Contents/MacOS', '/opt/homebrew/Cellar/python@3.14/3.14.2/Frameworks/Python.framework/Versions/3.14/lib/python314.zip', '/opt/homebrew/Cellar/python@3.14/3.14.2/Frameworks/Python.framework/Versions/3.14/lib/python3.14', '/opt/homebrew/Cellar/python@3.14/3.14.2/Frameworks/Python.framework/Versions/3.14/lib/python3.14/lib-dynload', '/Users/sanel.zulic/myprojects/whisper.cpp/vibepaste/venv/lib/python3.14/site-packages']
os.getcwd: /Users/sanel.zulic/myprojects/whisper.cpp/vibepaste
DEBUG: Key pressed: Key.alt. Current keys: {<Key.alt: <58>>}
DEBUG: Key pressed: Key.space. Current keys: {<Key.space: ' '>, <Key.alt: <58>>}
DEBUG: Overlay process started (PID: 29817)

🔴 Recording... (English, turbo)
Press Space to stop and transcribe
DEBUG: _on_stop_recording called. is_recording=True
ERROR in _on_stop_recording: name 'threading' is not defined
Traceback (most recent call last):
  File "/Users/sanel.zulic/myprojects/whisper.cpp/vibepaste/src/main.py", line 115, in _on_stop_recording
    threading.Thread(target=self._stop_and_transcribe).start()
    ^^^^^^^^^
NameError: name 'threading' is not defined. Did you forget to import 'threading'?
DEBUG: Key pressed: Key.space. Current keys: {<Key.space: ' '>}
DEBUG: _on_stop_recording called. is_recording=True
ERROR in _on_stop_recording: name 'threading' is not defined
Traceback (most recent call last):
  File "/Users/sanel.zulic/myprojects/whisper.cpp/vibepaste/src/main.py", line 115, in _on_stop_recording
    threading.Thread(target=self._stop_and_transcribe).start()
    ^^^^^^^^^
NameError: name 'threading' is not defined. Did you forget to import 'threading'?
DEBUG: Key pressed: Key.space. Current keys: {<Key.space: ' '>}
DEBUG: _on_stop_recording called. is_recording=True
ERROR in _on_stop_recording: name 'threading' is not defined
Traceback (most recent call last):
  File "/Users/sanel.zulic/myprojects/whisper.cpp/vibepaste/src/main.py", line 115, in _on_stop_recording
    threading.Thread(target=self._stop_and_transcribe).start()
    ^^^^^^^^^
NameError: name 'threading' is not defined. Did you forget to import 'threading'?
DEBUG: Key pressed: Key.space. Current keys: {<Key.space: ' '>}
DEBUG: _on_stop_recording called. is_recording=True
ERROR in _on_stop_recording: name 'threading' is not defined
Traceback (most recent call last):
  File "/Users/sanel.zulic/myprojects/whisper.cpp/vibepaste/src/main.py", line 115, in _on_stop_recording
    threading.Thread(target=self._stop_and_transcribe).start()
    ^^^^^^^^^
NameError: name 'threading' is not defined. Did you forget to import 'threading'?
DEBUG: Key pressed: Key.space. Current keys: {<Key.space: ' '>}
DEBUG: _on_stop_recording called. is_recording=True
ERROR in _on_stop_recording: name 'threading' is not defined
Traceback (most recent call last):
  File "/Users/sanel.zulic/myprojects/whisper.cpp/vibepaste/src/main.py", line 115, in _on_stop_recording
    threading.Thread(target=self._stop_and_transcribe).start()
    ^^^^^^^^^
NameError: name 'threading' is not defined. Did you forget to import 'threading'?
DEBUG: Key pressed: 'c'. Current keys: {'c'}
DEBUG: Key pressed: 'h'. Current keys: {'h'}
DEBUG: Key pressed: 'e'. Current keys: {'e', 'h'}
DEBUG: Key pressed: 'c'. Current keys: {'c'}
DEBUG: Key pressed: 'k'. Current keys: {'k'}
DEBUG: Key pressed: Key.space. Current keys: {<Key.space: ' '>}
DEBUG: _on_stop_recording called. is_recording=True
ERROR in _on_stop_recording: name 'threading' is not defined
Traceback (most recent call last):
  File "/Users/sanel.zulic/myprojects/whisper.cpp/vibepaste/src/main.py", line 115, in _on_stop_recording
    threading.Thread(target=self._stop_and_transcribe).start()
    ^^^^^^^^^
NameError: name 'threading' is not defined. Did you forget to import 'threading'?
DEBUG: Key pressed: 'l'. Current keys: {'l'}
DEBUG: Key pressed: 'o'. Current keys: {'o'}
DEBUG: Key pressed: 'g'. Current keys: {'g'}
DEBUG: Key pressed: 's'. Current keys: {'s'}
DEBUG: Key pressed: Key.space. Current keys: {<Key.space: ' '>}
DEBUG: _on_stop_recording called. is_recording=True
ERROR in _on_stop_recording: name 'threading' is not defined
Traceback (most recent call last):
  File "/Users/sanel.zulic/myprojects/whisper.cpp/vibepaste/src/main.py", line 115, in _on_stop_recording
    threading.Thread(target=self._stop_and_transcribe).start()
    ^^^^^^^^^
NameError: name 'threading' is not defined. Did you forget to import 'threading'?
DEBUG: Key pressed: 's'. Current keys: {'s'}
DEBUG: Key pressed: 'p'. Current keys: {'p'}
DEBUG: Key pressed: 'a'. Current keys: {'a', 'p'}
DEBUG: Key pressed: 'c'. Current keys: {'c'}
DEBUG: Key pressed: 'e'. Current keys: {'e'}
DEBUG: Key pressed: Key.space. Current keys: {<Key.space: ' '>}
DEBUG: _on_stop_recording called. is_recording=True
ERROR in _on_stop_recording: name 'threading' is not defined
Traceback (most recent call last):
  File "/Users/sanel.zulic/myprojects/whisper.cpp/vibepaste/src/main.py", line 115, in _on_stop_recording
    threading.Thread(target=self._stop_and_transcribe).start()
    ^^^^^^^^^
NameError: name 'threading' is not defined. Did you forget to import 'threading'?
DEBUG: Key pressed: 'i'. Current keys: {'i'}
DEBUG: Key pressed: 's'. Current keys: {'s'}
DEBUG: Key pressed: Key.space. Current keys: {<Key.space: ' '>}
DEBUG: _on_stop_recording called. is_recording=True
ERROR in _on_stop_recording: name 'threading' is not defined
Traceback (most recent call last):
  File "/Users/sanel.zulic/myprojects/whisper.cpp/vibepaste/src/main.py", line 115, in _on_stop_recording
    threading.Thread(target=self._stop_and_transcribe).start()
    ^^^^^^^^^
NameError: name 'threading' is not defined. Did you forget to import 'threading'?
DEBUG: Key pressed: 'n'. Current keys: {'n'}
DEBUG: Key pressed: 'o'. Current keys: {'o'}
DEBUG: Key pressed: 't'. Current keys: {'t'}
DEBUG: Key pressed: Key.space. Current keys: {<Key.space: ' '>}
DEBUG: _on_stop_recording called. is_recording=True
ERROR in _on_stop_recording: name 'threading' is not defined
Traceback (most recent call last):
  File "/Users/sanel.zulic/myprojects/whisper.cpp/vibepaste/src/main.py", line 115, in _on_stop_recording
    threading.Thread(target=self._stop_and_transcribe).start()
    ^^^^^^^^^
NameError: name 'threading' is not defined. Did you forget to import 'threading'?
DEBUG: Key pressed: 'm'. Current keys: {'m'}
DEBUG: Key pressed: 'a'. Current keys: {'a'}
DEBUG: Key pressed: 'k'. Current keys: {'k'}
DEBUG: Key pressed: 'i'. Current keys: {'i'}
DEBUG: Key pressed: 'n'. Current keys: {'n'}
DEBUG: Key pressed: 'g'. Current keys: {'g'}
DEBUG: Key pressed: Key.space. Current keys: {<Key.space: ' '>}
DEBUG: _on_stop_recording called. is_recording=True
ERROR in _on_stop_recording: name 'threading' is not defined
Traceback (most recent call last):
  File "/Users/sanel.zulic/myprojects/whisper.cpp/vibepaste/src/main.py", line 115, in _on_stop_recording
    threading.Thread(target=self._stop_and_transcribe).start()
    ^^^^^^^^^
NameError: name 'threading' is not defined. Did you forget to import 'threading'?
DEBUG: Key pressed: 'e'. Current keys: {'e'}
DEBUG: Key pressed: 'v'. Current keys: {'v'}
DEBUG: Key pressed: 'e'. Current keys: {'e'}
DEBUG: Key pressed: 'n'. Current keys: {'n'}
DEBUG: Key pressed: Key.space. Current keys: {<Key.space: ' '>}
DEBUG: _on_stop_recording called. is_recording=True
ERROR in _on_stop_recording: name 'threading' is not defined
Traceback (most recent call last):
  File "/Users/sanel.zulic/myprojects/whisper.cpp/vibepaste/src/main.py", line 115, in _on_stop_recording
    threading.Thread(target=self._stop_and_transcribe).start()
    ^^^^^^^^^
NameError: name 'threading' is not defined. Did you forget to import 'threading'?
DEBUG: Key pressed: 's'. Current keys: {'s'}
DEBUG: Key pressed: 'o'. Current keys: {'o'}
DEBUG: Key pressed: 'u'. Current keys: {'u'}
DEBUG: Key pressed: 'n'. Current keys: {'n'}
DEBUG: Key pressed: 'd'. Current keys: {'d'}
DEBUG: Key pressed: Key.space. Current keys: {<Key.space: ' '>}
DEBUG: _on_stop_recording called. is_recording=True
ERROR in _on_stop_recording: name 'threading' is not defined
Traceback (most recent call last):
  File "/Users/sanel.zulic/myprojects/whisper.cpp/vibepaste/src/main.py", line 115, in _on_stop_recording
    threading.Thread(target=self._stop_and_transcribe).start()
    ^^^^^^^^^
NameError: name 'threading' is not defined. Did you forget to import 'threading'?
DEBUG: Key pressed: 'n'. Current keys: {'n'}
DEBUG: Key pressed: 'o'. Current keys: {'o'}
DEBUG: Key pressed: 'w'. Current keys: {'w'}
DEBUG: Key pressed: '.'. Current keys: {'.'}
DEBUG: Key pressed: Key.space. Current keys: {<Key.space: ' '>}
DEBUG: _on_stop_recording called. is_recording=True
ERROR in _on_stop_recording: name 'threading' is not defined
Traceback (most recent call last):
  File "/Users/sanel.zulic/myprojects/whisper.cpp/vibepaste/src/main.py", line 115, in _on_stop_recording
    threading.Thread(target=self._stop_and_transcribe).start()
    ^^^^^^^^^
NameError: name 'threading' is not defined. Did you forget to import 'threading'?
DEBUG: Key pressed: 's'. Current keys: {'s'}
DEBUG: Key pressed: 'o'. Current keys: {'o'}
DEBUG: Key pressed: 'u'. Current keys: {'u'}
DEBUG: Key pressed: 'n'. Current keys: {'n'}
DEBUG: Key pressed: 'd'. Current keys: {'d'}
DEBUG: Key pressed: Key.space. Current keys: {<Key.space: ' '>}
DEBUG: _on_stop_recording called. is_recording=True
ERROR in _on_stop_recording: name 'threading' is not defined
Traceback (most recent call last):
  File "/Users/sanel.zulic/myprojects/whisper.cpp/vibepaste/src/main.py", line 115, in _on_stop_recording
    threading.Thread(target=self._stop_and_transcribe).start()
    ^^^^^^^^^
NameError: name 'threading' is not defined. Did you forget to import 'threading'?
DEBUG: Key pressed: 'i'. Current keys: {'i'}
DEBUG: Key pressed: 's'. Current keys: {'s'}
DEBUG: Key pressed: Key.space. Current keys: {<Key.space: ' '>}
DEBUG: _on_stop_recording called. is_recording=True
ERROR in _on_stop_recording: name 'threading' is not defined
Traceback (most recent call last):
  File "/Users/sanel.zulic/myprojects/whisper.cpp/vibepaste/src/main.py", line 115, in _on_stop_recording
    threading.Thread(target=self._stop_and_transcribe).start()
    ^^^^^^^^^
NameError: name 'threading' is not defined. Did you forget to import 'threading'?
DEBUG: Key pressed: 'h'. Current keys: {'h'}
DEBUG: Key pressed: 'e'. Current keys: {'e'}
DEBUG: Key pressed: 'a'. Current keys: {'a'}
DEBUG: Key pressed: 'r'. Current keys: {'r'}
DEBUG: Key pressed: 'e'. Current keys: {'e'}
DEBUG: Key pressed: 'd'. Current keys: {'d'}
DEBUG: Key pressed: Key.space. Current keys: {<Key.space: ' '>}
DEBUG: _on_stop_recording called. is_recording=True
ERROR in _on_stop_recording: name 'threading' is not defined
Traceback (most recent call last):
  File "/Users/sanel.zulic/myprojects/whisper.cpp/vibepaste/src/main.py", line 115, in _on_stop_recording
    threading.Thread(target=self._stop_and_transcribe).start()
    ^^^^^^^^^
NameError: name 'threading' is not defined. Did you forget to import 'threading'?
DEBUG: Key pressed: 'o'. Current keys: {'o'}
DEBUG: Key pressed: 'n'. Current keys: {'n'}
DEBUG: Key pressed: Key.space. Current keys: {'n', <Key.space: ' '>}
DEBUG: _on_stop_recording called. is_recording=True
ERROR in _on_stop_recording: name 'threading' is not defined
Traceback (most recent call last):
  File "/Users/sanel.zulic/myprojects/whisper.cpp/vibepaste/src/main.py", line 115, in _on_stop_recording
    threading.Thread(target=self._stop_and_transcribe).start()
    ^^^^^^^^^
NameError: name 'threading' is not defined. Did you forget to import 'threading'?
DEBUG: Key pressed: 's'. Current keys: {'s'}
DEBUG: Key pressed: 't'. Current keys: {'t'}
DEBUG: Key pressed: 'a'. Current keys: {'a', 't'}
DEBUG: Key pressed: 'r'. Current keys: {'a', 'r'}
DEBUG: Key pressed: 't'. Current keys: {'t'}
DEBUG: Key pressed: Key.space. Current keys: {<Key.space: ' '>}
DEBUG: _on_stop_recording called. is_recording=True
ERROR in _on_stop_recording: name 'threading' is not defined
Traceback (most recent call last):
  File "/Users/sanel.zulic/myprojects/whisper.cpp/vibepaste/src/main.py", line 115, in _on_stop_recording
    threading.Thread(target=self._stop_and_transcribe).start()
    ^^^^^^^^^
NameError: name 'threading' is not defined. Did you forget to import 'threading'?
DEBUG: Key pressed: 'o'. Current keys: {'o'}
DEBUG: Key pressed: 'n'. Current keys: {'n'}
DEBUG: Key pressed: Key.space. Current keys: {<Key.space: ' '>}
DEBUG: _on_stop_recording called. is_recording=True
ERROR in _on_stop_recording: name 'threading' is not defined
Traceback (most recent call last):
  File "/Users/sanel.zulic/myprojects/whisper.cpp/vibepaste/src/main.py", line 115, in _on_stop_recording
    threading.Thread(target=self._stop_and_transcribe).start()
    ^^^^^^^^^
NameError: name 'threading' is not defined. Did you forget to import 'threading'?
DEBUG: Key pressed: 's'. Current keys: {'s'}
DEBUG: Key pressed: 'p'. Current keys: {'p'}
DEBUG: Key pressed: 'a'. Current keys: {'a'}
DEBUG: Key pressed: 'c'. Current keys: {'c'}
DEBUG: Key pressed: 'e'. Current keys: {'e'}
DEBUG: Key pressed: Key.space. Current keys: {<Key.space: ' '>}
DEBUG: _on_stop_recording called. is_recording=True
ERROR in _on_stop_recording: name 'threading' is not defined
Traceback (most recent call last):
  File "/Users/sanel.zulic/myprojects/whisper.cpp/vibepaste/src/main.py", line 115, in _on_stop_recording
    threading.Thread(target=self._stop_and_transcribe).start()
    ^^^^^^^^^
NameError: name 'threading' is not defined. Did you forget to import 'threading'?
DEBUG: Key pressed: 'i'. Current keys: {'i'}
DEBUG: Key pressed: 't'. Current keys: {'t'}
DEBUG: Key pressed: Key.space. Current keys: {<Key.space: ' '>}
DEBUG: _on_stop_recording called. is_recording=True
ERROR in _on_stop_recording: name 'threading' is not defined
Traceback (most recent call last):
  File "/Users/sanel.zulic/myprojects/whisper.cpp/vibepaste/src/main.py", line 115, in _on_stop_recording
    threading.Thread(target=self._stop_and_transcribe).start()
    ^^^^^^^^^
NameError: name 'threading' is not defined. Did you forget to import 'threading'?
DEBUG: Key pressed: 'i'. Current keys: {'i'}
DEBUG: Key pressed: 's'. Current keys: {'s'}
DEBUG: Key pressed: Key.space. Current keys: {<Key.space: ' '>}
DEBUG: _on_stop_recording called. is_recording=True
ERROR in _on_stop_recording: name 'threading' is not defined
Traceback (most recent call last):
  File "/Users/sanel.zulic/myprojects/whisper.cpp/vibepaste/src/main.py", line 115, in _on_stop_recording
    threading.Thread(target=self._stop_and_transcribe).start()
    ^^^^^^^^^
NameError: name 'threading' is not defined. Did you forget to import 'threading'?
DEBUG: Key pressed: 'n'. Current keys: {'n'}
DEBUG: Key pressed: 'o'. Current keys: {'o'}
DEBUG: Key pressed: 't'. Current keys: {'t'}
DEBUG: Key pressed: '.'. Current keys: {'.'}
DEBUG: Key pressed: Key.space. Current keys: {<Key.space: ' '>}
DEBUG: _on_stop_recording called. is_recording=True
ERROR in _on_stop_recording: name 'threading' is not defined
Traceback (most recent call last):
  File "/Users/sanel.zulic/myprojects/whisper.cpp/vibepaste/src/main.py", line 115, in _on_stop_recording
    threading.Thread(target=self._stop_and_transcribe).start()
    ^^^^^^^^^
NameError: name 'threading' is not defined. Did you forget to import 'threading'?
DEBUG: Key pressed: 't'. Current keys: {'t'}
DEBUG: Key pressed: 'h'. Current keys: {'h'}
DEBUG: Key pressed: Key.backspace. Current keys: {<Key.backspace: <51>>}
DEBUG: Key pressed: Key.backspace. Current keys: {<Key.backspace: <51>>}
DEBUG: Key pressed: 'a'. Current keys: {'a'}
DEBUG: Key pressed: 'n'. Current keys: {'n'}
DEBUG: Key pressed: 'i'. Current keys: {'i'}
DEBUG: Key pressed: 'm'. Current keys: {'m'}
DEBUG: Key pressed: 'a'. Current keys: {'a', 'm'}
DEBUG: Key pressed: 't'. Current keys: {'t'}
DEBUG: Key pressed: 'i'. Current keys: {'i'}
DEBUG: Key pressed: 'o'. Current keys: {'o'}
DEBUG: Key pressed: 'n'. Current keys: {'n'}
DEBUG: Key pressed: Key.space. Current keys: {<Key.space: ' '>}
DEBUG: _on_stop_recording called. is_recording=True
ERROR in _on_stop_recording: name 'threading' is not defined
Traceback (most recent call last):
  File "/Users/sanel.zulic/myprojects/whisper.cpp/vibepaste/src/main.py", line 115, in _on_stop_recording
    threading.Thread(target=self._stop_and_transcribe).start()
    ^^^^^^^^^
NameError: name 'threading' is not defined. Did you forget to import 'threading'?
DEBUG: Key pressed: 'i'. Current keys: {'i'}
DEBUG: Key pressed: 's'. Current keys: {'s'}
DEBUG: Key pressed: Key.space. Current keys: {<Key.space: ' '>}
DEBUG: _on_stop_recording called. is_recording=True
ERROR in _on_stop_recording: name 'threading' is not defined
Traceback (most recent call last):
  File "/Users/sanel.zulic/myprojects/whisper.cpp/vibepaste/src/main.py", line 115, in _on_stop_recording
    threading.Thread(target=self._stop_and_transcribe).start()
    ^^^^^^^^^
NameError: name 'threading' is not defined. Did you forget to import 'threading'?
DEBUG: Key pressed: 's'. Current keys: {'s'}
DEBUG: Key pressed: 't'. Current keys: {'t'}
DEBUG: Key pressed: 'i'. Current keys: {'i'}
DEBUG: Key pressed: 'l'. Current keys: {'l'}
DEBUG: Key pressed: 'l'. Current keys: {'l'}
DEBUG: Key pressed: Key.space. Current keys: {<Key.space: ' '>}
DEBUG: _on_stop_recording called. is_recording=True
ERROR in _on_stop_recording: name 'threading' is not defined
Traceback (most recent call last):
  File "/Users/sanel.zulic/myprojects/whisper.cpp/vibepaste/src/main.py", line 115, in _on_stop_recording
    threading.Thread(target=self._stop_and_transcribe).start()
    ^^^^^^^^^
NameError: name 'threading' is not defined. Did you forget to import 'threading'?
DEBUG: Key pressed: 'w'. Current keys: {'w'}
DEBUG: Key pressed: 'o'. Current keys: {'o'}
DEBUG: Key pressed: 'r'. Current keys: {'r'}
DEBUG: Key pressed: 'k'. Current keys: {'k'}
DEBUG: Key pressed: 'i'. Current keys: {'i'}
DEBUG: Key pressed: 'n'. Current keys: {'n'}
DEBUG: Key pressed: 'g'. Current keys: {'g'}
DEBUG: Key pressed: Key.space. Current keys: {<Key.space: ' '>}
DEBUG: _on_stop_recording called. is_recording=True
ERROR in _on_stop_recording: name 'threading' is not defined
Traceback (most recent call last):
  File "/Users/sanel.zulic/myprojects/whisper.cpp/vibepaste/src/main.py", line 115, in _on_stop_recording
    threading.Thread(target=self._stop_and_transcribe).start()
    ^^^^^^^^^
NameError: name 'threading' is not defined. Did you forget to import 'threading'?
DEBUG: Key pressed: 'i'. Current keys: {'i'}
DEBUG: Key pressed: 't'. Current keys: {'t'}
DEBUG: Key pressed: Key.space. Current keys: {<Key.space: ' '>}
DEBUG: _on_stop_recording called. is_recording=True
ERROR in _on_stop_recording: name 'threading' is not defined
Traceback (most recent call last):
  File "/Users/sanel.zulic/myprojects/whisper.cpp/vibepaste/src/main.py", line 115, in _on_stop_recording
    threading.Thread(target=self._stop_and_transcribe).start()
    ^^^^^^^^^
NameError: name 'threading' is not defined. Did you forget to import 'threading'?
DEBUG: Key pressed: 'm'. Current keys: {'m'}
DEBUG: Key pressed: 'i'. Current keys: {'i'}
DEBUG: Key pressed: 'g'. Current keys: {'g'}
DEBUG: Key pressed: 'h'. Current keys: {'h'}
DEBUG: Key pressed: 't'. Current keys: {'t'}
DEBUG: Key pressed: Key.space. Current keys: {<Key.space: ' '>}
DEBUG: _on_stop_recording called. is_recording=True
ERROR in _on_stop_recording: name 'threading' is not defined
Traceback (most recent call last):
  File "/Users/sanel.zulic/myprojects/whisper.cpp/vibepaste/src/main.py", line 115, in _on_stop_recording
    threading.Thread(target=self._stop_and_transcribe).start()
    ^^^^^^^^^
NameError: name 'threading' is not defined. Did you forget to import 'threading'?
DEBUG: Key pressed: 'b'. Current keys: {'b'}
DEBUG: Key pressed: 'e'. Current keys: {'e'}
DEBUG: Key pressed: Key.space. Current keys: {<Key.space: ' '>}
DEBUG: _on_stop_recording called. is_recording=True
ERROR in _on_stop_recording: name 'threading' is not defined
Traceback (most recent call last):
  File "/Users/sanel.zulic/myprojects/whisper.cpp/vibepaste/src/main.py", line 115, in _on_stop_recording
    threading.Thread(target=self._stop_and_transcribe).start()
    ^^^^^^^^^
NameError: name 'threading' is not defined. Did you forget to import 'threading'?
DEBUG: Key pressed: 'f'. Current keys: {'f'}
DEBUG: Key pressed: 'r'. Current keys: {'r'}
DEBUG: Key pressed: 'o'. Current keys: {'o'}
DEBUG: Key pressed: 'm'. Current keys: {'m'}
DEBUG: Key pressed: Key.space. Current keys: {<Key.space: ' '>}
DEBUG: _on_stop_recording called. is_recording=True
ERROR in _on_stop_recording: name 'threading' is not defined
Traceback (most recent call last):
  File "/Users/sanel.zulic/myprojects/whisper.cpp/vibepaste/src/main.py", line 115, in _on_stop_recording
    threading.Thread(target=self._stop_and_transcribe).start()
    ^^^^^^^^^
NameError: name 'threading' is not defined. Did you forget to import 'threading'?
DEBUG: Key pressed: 'p'. Current keys: {'p'}
DEBUG: Key pressed: 'r'. Current keys: {'r'}
DEBUG: Key pressed: 'e'. Current keys: {'e'}
DEBUG: Key pressed: 'v'. Current keys: {'v'}
DEBUG: Key pressed: 'i'. Current keys: {'i'}
DEBUG: Key pressed: 'o'. Current keys: {'o'}
DEBUG: Key pressed: 'u'. Current keys: {'u'}
DEBUG: Key pressed: 's'. Current keys: {'s'}
DEBUG: Key pressed: Key.space. Current keys: {<Key.space: ' '>}
DEBUG: _on_stop_recording called. is_recording=True
ERROR in _on_stop_recording: name 'threading' is not defined
Traceback (most recent call last):
  File "/Users/sanel.zulic/myprojects/whisper.cpp/vibepaste/src/main.py", line 115, in _on_stop_recording
    threading.Thread(target=self._stop_and_transcribe).start()
    ^^^^^^^^^
NameError: name 'threading' is not defined. Did you forget to import 'threading'?
DEBUG: Key pressed: 'r'. Current keys: {'r'}
DEBUG: Key pressed: 'u'. Current keys: {'u'}
DEBUG: Key pressed: 'n'. Current keys: {'n'}
DEBUG: Key pressed: 's'. Current keys: {'s'}
DEBUG: Key pressed: '.'. Current keys: {'.'}
DEBUG: Key pressed: Key.space. Current keys: {<Key.space: ' '>}
DEBUG: _on_stop_recording called. is_recording=True
ERROR in _on_stop_recording: name 'threading' is not defined
Traceback (most recent call last):
  File "/Users/sanel.zulic/myprojects/whisper.cpp/vibepaste/src/main.py", line 115, in _on_stop_recording
    threading.Thread(target=self._stop_and_transcribe).start()
    ^^^^^^^^^
NameError: name 'threading' is not defined. Did you forget to import 'threading'?
DEBUG: Key pressed: 'a'. Current keys: {'a'}
DEBUG: Key pressed: 'n'. Current keys: {'n'}
DEBUG: Key pressed: 'd'. Current keys: {'d'}
DEBUG: Key pressed: Key.space. Current keys: {<Key.space: ' '>}
DEBUG: _on_stop_recording called. is_recording=True
ERROR in _on_stop_recording: name 'threading' is not defined
Traceback (most recent call last):
  File "/Users/sanel.zulic/myprojects/whisper.cpp/vibepaste/src/main.py", line 115, in _on_stop_recording
    threading.Thread(target=self._stop_and_transcribe).start()
    ^^^^^^^^^
NameError: name 'threading' is not defined. Did you forget to import 'threading'?
DEBUG: Key pressed: 'n'. Current keys: {'n'}
DEBUG: Key pressed: 'o'. Current keys: {'o'}
DEBUG: Key pressed: Key.space. Current keys: {<Key.space: ' '>}
DEBUG: _on_stop_recording called. is_recording=True
ERROR in _on_stop_recording: name 'threading' is not defined
Traceback (most recent call last):
  File "/Users/sanel.zulic/myprojects/whisper.cpp/vibepaste/src/main.py", line 115, in _on_stop_recording
    threading.Thread(target=self._stop_and_transcribe).start()
    ^^^^^^^^^
NameError: name 'threading' is not defined. Did you forget to import 'threading'?
DEBUG: Key pressed: 'p'. Current keys: {'p'}
DEBUG: Key pressed: 'a'. Current keys: {'a'}
DEBUG: Key pressed: 's'. Current keys: {'s'}
DEBUG: Key pressed: 't'. Current keys: {'t'}
DEBUG: Key pressed: 'e'. Current keys: {'e'}
DEBUG: Key pressed: 'd'. Current keys: {'d'}
DEBUG: Key pressed: Key.space. Current keys: {<Key.space: ' '>}
DEBUG: _on_stop_recording called. is_recording=True
ERROR in _on_stop_recording: name 'threading' is not defined
Traceback (most recent call last):
  File "/Users/sanel.zulic/myprojects/whisper.cpp/vibepaste/src/main.py", line 115, in _on_stop_recording
    threading.Thread(target=self._stop_and_transcribe).start()
    ^^^^^^^^^
NameError: name 'threading' is not defined. Did you forget to import 'threading'?
DEBUG: Key pressed: 't'. Current keys: {'t'}
DEBUG: Key pressed: 'e'. Current keys: {'e'}
DEBUG: Key pressed: 'x'. Current keys: {'x'}
DEBUG: Key pressed: 't'. Current keys: {'t'}
DEBUG: Key pressed: '.'. Current keys: {'.'}
DEBUG: Key pressed: Key.space. Current keys: {<Key.space: ' '>}
DEBUG: _on_stop_recording called. is_recording=True
ERROR in _on_stop_recording: name 'threading' is not defined
Traceback (most recent call last):
  File "/Users/sanel.zulic/myprojects/whisper.cpp/vibepaste/src/main.py", line 115, in _on_stop_recording
    threading.Thread(target=self._stop_and_transcribe).start()
    ^^^^^^^^^
NameError: name 'threading' is not defined. Did you forget to import 'threading'?
DEBUG: Key pressed: 'c'. Current keys: {'c'}
DEBUG: Key pressed: 'h'. Current keys: {'h'}
DEBUG: Key pressed: 'e'. Current keys: {'h', 'e'}
DEBUG: Key pressed: 'c'. Current keys: {'c'}
DEBUG: Key pressed: 'k'. Current keys: {'k'}
DEBUG: Key pressed: Key.space. Current keys: {<Key.space: ' '>}
DEBUG: _on_stop_recording called. is_recording=True
ERROR in _on_stop_recording: name 'threading' is not defined
Traceback (most recent call last):
  File "/Users/sanel.zulic/myprojects/whisper.cpp/vibepaste/src/main.py", line 115, in _on_stop_recording
    threading.Thread(target=self._stop_and_transcribe).start()
    ^^^^^^^^^
NameError: name 'threading' is not defined. Did you forget to import 'threading'?
DEBUG: Key pressed: 'l'. Current keys: {'l'}
DEBUG: Key pressed: 'o'. Current keys: {'o'}
DEBUG: Key pressed: 'g'. Current keys: {'g'}
DEBUG: Key pressed: 's'. Current keys: {'s'}
DEBUG: Key pressed: Key.enter. Current keys: {<Key.enter: <36>>}
DEBUG: Key pressed: 'c'. Current keys: {'c'}
DEBUG: Key pressed: 'a'. Current keys: {'a'}
DEBUG: Key pressed: 'n'. Current keys: {'n'}
DEBUG: Key pressed: Key.space. Current keys: {<Key.space: ' '>}
DEBUG: _on_stop_recording called. is_recording=True
ERROR in _on_stop_recording: name 'threading' is not defined
Traceback (most recent call last):
  File "/Users/sanel.zulic/myprojects/whisper.cpp/vibepaste/src/main.py", line 115, in _on_stop_recording
    try:
    
NameError: name 'threading' is not defined. Did you forget to import 'threading'?
DEBUG: Key pressed: 'w'. Current keys: {'w'}
DEBUG: Key pressed: 'e'. Current keys: {'e'}
DEBUG: Key pressed: Key.space. Current keys: {<Key.space: ' '>}
DEBUG: _on_stop_recording called. is_recording=True
ERROR in _on_stop_recording: name 'threading' is not defined
Traceback (most recent call last):
  File "/Users/sanel.zulic/myprojects/whisper.cpp/vibepaste/src/main.py", line 115, in _on_stop_recording
    try:
    
NameError: name 'threading' is not defined. Did you forget to import 'threading'?
DEBUG: Key pressed: 'c'. Current keys: {'c'}
DEBUG: Key pressed: 'l'. Current keys: {'l'}
DEBUG: Key pressed: 'o'. Current keys: {'o'}
DEBUG: Key pressed: 's'. Current keys: {'s'}
DEBUG: Key pressed: 'e'. Current keys: {'e'}
DEBUG: Key pressed: Key.space. Current keys: {<Key.space: ' '>}
DEBUG: _on_stop_recording called. is_recording=True
ERROR in _on_stop_recording: name 'threading' is not defined
Traceback (most recent call last):
  File "/Users/sanel.zulic/myprojects/whisper.cpp/vibepaste/src/main.py", line 115, in _on_stop_recording
    try:
    
NameError: name 'threading' is not defined. Did you forget to import 'threading'?
DEBUG: Key pressed: 'c'. Current keys: {'c'}
DEBUG: Key pressed: 'u'. Current keys: {'u'}
DEBUG: Key pressed: 'r'. Current keys: {'r'}
DEBUG: Key pressed: 'r'. Current keys: {'r'}
DEBUG: Key pressed: 'e'. Current keys: {'e', 'r'}
DEBUG: Key pressed: 'n'. Current keys: {'n'}
DEBUG: Key pressed: 't'. Current keys: {'t'}
DEBUG: Key pressed: Key.space. Current keys: {<Key.space: ' '>}
DEBUG: _on_stop_recording called. is_recording=True
ERROR in _on_stop_recording: name 'threading' is not defined
Traceback (most recent call last):
  File "/Users/sanel.zulic/myprojects/whisper.cpp/vibepaste/src/main.py", line 115, in _on_stop_recording
    try:
    
NameError: name 'threading' is not defined. Did you forget to import 'threading'?
DEBUG: Key pressed: 'a'. Current keys: {'a'}
DEBUG: Key pressed: 'n'. Current keys: {'a', 'n'}
DEBUG: Key pressed: 'i'. Current keys: {'i'}
DEBUG: Key pressed: 'm'. Current keys: {'m'}
DEBUG: Key pressed: 'a'. Current keys: {'a', 'm'}
DEBUG: Key pressed: 't'. Current keys: {'t'}
DEBUG: Key pressed: 'i'. Current keys: {'i'}
DEBUG: Key pressed: 'o'. Current keys: {'o'}
DEBUG: Key pressed: 'n'. Current keys: {'n'}
DEBUG: Key pressed: Key.space. Current keys: {<Key.space: ' '>}
DEBUG: _on_stop_recording called. is_recording=True
ERROR in _on_stop_recording: name 'threading' is not defined
Traceback (most recent call last):
  File "/Users/sanel.zulic/myprojects/whisper.cpp/vibepaste/src/main.py", line 115, in _on_stop_recording
    try:
    
NameError: name 'threading' is not defined. Did you forget to import 'threading'?
DEBUG: Key pressed: 'b'. Current keys: {'b'}
DEBUG: Key pressed: 'e'. Current keys: {'e'}
DEBUG: Key pressed: 'f'. Current keys: {'f'}
DEBUG: Key pressed: 'o'. Current keys: {'o'}
DEBUG: Key pressed: 'r'. Current keys: {'o', 'r'}
DEBUG: Key pressed: 'e'. Current keys: {'e'}
DEBUG: Key pressed: Key.space. Current keys: {<Key.space: ' '>}
DEBUG: _on_stop_recording called. is_recording=True
ERROR in _on_stop_recording: name 'threading' is not defined
Traceback (most recent call last):
  File "/Users/sanel.zulic/myprojects/whisper.cpp/vibepaste/src/main.py", line 115, in _on_stop_recording
    try:
    
NameError: name 'threading' is not defined. Did you forget to import 'threading'?
DEBUG: Key pressed: 'w'. Current keys: {'w'}
DEBUG: Key pressed: 'e'. Current keys: {'e'}
DEBUG: Key pressed: Key.space. Current keys: {<Key.space: ' '>}
DEBUG: _on_stop_recording called. is_recording=True
ERROR in _on_stop_recording: name 'threading' is not defined
Traceback (most recent call last):
  File "/Users/sanel.zulic/myprojects/whisper.cpp/vibepaste/src/main.py", line 115, in _on_stop_recording
    try:
    
NameError: name 'threading' is not defined. Did you forget to import 'threading'?
DEBUG: Key pressed: 't'. Current keys: {'t'}
DEBUG: Key pressed: Key.backspace. Current keys: {<Key.backspace: <51>>}
DEBUG: Key pressed: 'r'. Current keys: {'r'}
DEBUG: Key pressed: 'e'. Current keys: {'e'}
DEBUG: Key pressed: 't'. Current keys: {'t'}
DEBUG: Key pressed: 'e'. Current keys: {'e'}
DEBUG: Key pressed: 's'. Current keys: {'s'}
DEBUG: Key pressed: 't'. Current keys: {'t'}
DEBUG: Key pressed: Key.enter. Current keys: {<Key.enter: <36>>}
sys.executable: /Users/sanel.zulic/myprojects/whisper.cpp/vibepaste/venv/bin/python3
sys.path: ['/Users/sanel.zulic/myprojects/whisper.cpp/vibepaste', '/Users/sanel.zulic/myprojects/whisper.cpp/vibepaste', '/Applications/VibePaste.app/Contents/MacOS', '/opt/homebrew/Cellar/python@3.14/3.14.2/Frameworks/Python.framework/Versions/3.14/lib/python314.zip', '/opt/homebrew/Cellar/python@3.14/3.14.2/Frameworks/Python.framework/Versions/3.14/lib/python3.14', '/opt/homebrew/Cellar/python@3.14/3.14.2/Frameworks/Python.framework/Versions/3.14/lib/python3.14/lib-dynload', '/Users/sanel.zulic/myprojects/whisper.cpp/vibepaste/venv/lib/python3.14/site-packages']
os.getcwd: /Users/sanel.zulic/myprojects/whisper.cpp/vibepaste
DEBUG: Key pressed: Key.alt. Current keys: {<Key.alt: <58>>}
DEBUG: Key pressed: Key.space. Current keys: {<Key.space: ' '>, <Key.alt: <58>>}
DEBUG: Overlay process started (PID: 30750)

🔴 Recording... (English, turbo)
Press Space to stop and transcribe
DEBUG: _on_stop_recording called. is_recording=True
Exception in thread Thread-2 (_stop_and_transcribe):
Traceback (most recent call last):
  File "/opt/homebrew/Cellar/python@3.14/3.14.2/Frameworks/Python.framework/Versions/3.14/lib/python3.14/threading.py", line 1082, in _bootstrap_inner
    self._context.run(self.run)
    ~~~~~~~~~~~~~~~~~^^^^^^^^^^
  File "/opt/homebrew/Cellar/python@3.14/3.14.2/Frameworks/Python.framework/Versions/3.14/lib/python3.14/threading.py", line 1024, in run
    self._target(*self._args, **self._kwargs)
    ~~~~~~~~~~~~^^^^^^^^^^^^^^^^^^^^^^^^^^^^^
  File "/Users/sanel.zulic/myprojects/whisper.cpp/vibepaste/src/main.py", line 167, in _stop_and_transcribe
    self.overlay.hide()
    ~~~~~~~~~~~~~~~~~^^
  File "/Users/sanel.zulic/myprojects/whisper.cpp/vibepaste/src/overlay.py", line 273, in hide
    self.overlay.hide()
    ^^^^^^^^^^^^^^^^^
AttributeError: 'PulsatingDotsOverlay' object has no attribute 'hide'
DEBUG: Key pressed: Key.space. Current keys: {<Key.space: ' '>}
DEBUG: _on_stop_recording called. is_recording=True
Exception in thread Thread-3 (_stop_and_transcribe):
Traceback (most recent call last):
  File "/opt/homebrew/Cellar/python@3.14/3.14.2/Frameworks/Python.framework/Versions/3.14/lib/python3.14/threading.py", line 1082, in _bootstrap_inner
    self._context.run(self.run)
    ~~~~~~~~~~~~~~~~~^^^^^^^^^^
  File "/opt/homebrew/Cellar/python@3.14/3.14.2/Frameworks/Python.framework/Versions/3.14/lib/python3.14/threading.py", line 1024, in run
    self._target(*self._args, **self._kwargs)
    ~~~~~~~~~~~~^^^^^^^^^^^^^^^^^^^^^^^^^^^^^
  File "/Users/sanel.zulic/myprojects/whisper.cpp/vibepaste/src/main.py", line 167, in _stop_and_transcribe
    self.overlay.hide()
    ~~~~~~~~~~~~~~~~~^^
  File "/Users/sanel.zulic/myprojects/whisper.cpp/vibepaste/src/overlay.py", line 273, in hide
    self.overlay.hide()
    ^^^^^^^^^^^^^^^^^
AttributeError: 'PulsatingDotsOverlay' object has no attribute 'hide'
DEBUG: Key pressed: 's'. Current keys: {'s'}
DEBUG: Key pressed: 't'. Current keys: {'t'}
DEBUG: Key pressed: 'i'. Current keys: {'i'}
DEBUG: Key pressed: 'l'. Current keys: {'l'}
DEBUG: Key pressed: 'l'. Current keys: {'l'}
DEBUG: Key pressed: Key.space. Current keys: {<Key.space: ' '>, 'l'}
DEBUG: _on_stop_recording called. is_recording=True
Exception in thread Thread-4 (_stop_and_transcribe):
Traceback (most recent call last):
  File "/opt/homebrew/Cellar/python@3.14/3.14.2/Frameworks/Python.framework/Versions/3.14/lib/python3.14/threading.py", line 1082, in _bootstrap_inner
    self._context.run(self.run)
    ~~~~~~~~~~~~~~~~~^^^^^^^^^^
  File "/opt/homebrew/Cellar/python@3.14/3.14.2/Frameworks/Python.framework/Versions/3.14/lib/python3.14/threading.py", line 1024, in run
    self._target(*self._args, **self._kwargs)
    ~~~~~~~~~~~~^^^^^^^^^^^^^^^^^^^^^^^^^^^^^
  File "/Users/sanel.zulic/myprojects/whisper.cpp/vibepaste/src/main.py", line 167, in _stop_and_transcribe
    self.overlay.hide()
    ~~~~~~~~~~~~~~~~~^^
  File "/Users/sanel.zulic/myprojects/whisper.cpp/vibepaste/src/overlay.py", line 273, in hide
    self.overlay.hide()
    ^^^^^^^^^^^^^^^^^
AttributeError: 'PulsatingDotsOverlay' object has no attribute 'hide'
DEBUG: Key pressed: 'n'. Current keys: {'n'}
DEBUG: Key pressed: 'o'. Current keys: {'o'}
DEBUG: Key pressed: Key.space. Current keys: {<Key.space: ' '>}
DEBUG: _on_stop_recording called. is_recording=True
Exception in thread Thread-5 (_stop_and_transcribe):
Traceback (most recent call last):
  File "/opt/homebrew/Cellar/python@3.14/3.14.2/Frameworks/Python.framework/Versions/3.14/lib/python3.14/threading.py", line 1082, in _bootstrap_inner
    self._context.run(self.run)
    ~~~~~~~~~~~~~~~~~^^^^^^^^^^
  File "/opt/homebrew/Cellar/python@3.14/3.14.2/Frameworks/Python.framework/Versions/3.14/lib/python3.14/threading.py", line 1024, in run
    self._target(*self._args, **self._kwargs)
    ~~~~~~~~~~~~^^^^^^^^^^^^^^^^^^^^^^^^^^^^^
  File "/Users/sanel.zulic/myprojects/whisper.cpp/vibepaste/src/main.py", line 167, in _stop_and_transcribe
    self.overlay.hide()
    ~~~~~~~~~~~~~~~~~^^
  File "/Users/sanel.zulic/myprojects/whisper.cpp/vibepaste/src/overlay.py", line 273, in hide
    self.overlay.hide()
    ^^^^^^^^^^^^^^^^^
AttributeError: 'PulsatingDotsOverlay' object has no attribute 'hide'
DEBUG: Key pressed: 'p'. Current keys: {'p'}
DEBUG: Key pressed: 'a'. Current keys: {'a', 'p'}
DEBUG: Key pressed: 's'. Current keys: {'a', 's'}
DEBUG: Key pressed: 't'. Current keys: {'t'}
DEBUG: Key pressed: 'i'. Current keys: {'i'}
DEBUG: Key pressed: 'n'. Current keys: {'n'}
DEBUG: Key pressed: 'g'. Current keys: {'g'}
DEBUG: Key pressed: Key.space. Current keys: {<Key.space: ' '>}
DEBUG: _on_stop_recording called. is_recording=True
Exception in thread Thread-6 (_stop_and_transcribe):
Traceback (most recent call last):
  File "/opt/homebrew/Cellar/python@3.14/3.14.2/Frameworks/Python.framework/Versions/3.14/lib/python3.14/threading.py", line 1082, in _bootstrap_inner
    self._context.run(self.run)
    ~~~~~~~~~~~~~~~~~^^^^^^^^^^
  File "/opt/homebrew/Cellar/python@3.14/3.14.2/Frameworks/Python.framework/Versions/3.14/lib/python3.14/threading.py", line 1024, in run
    self._target(*self._args, **self._kwargs)
    ~~~~~~~~~~~~^^^^^^^^^^^^^^^^^^^^^^^^^^^^^
  File "/Users/sanel.zulic/myprojects/whisper.cpp/vibepaste/src/main.py", line 167, in _stop_and_transcribe
    self.overlay.hide()
    ~~~~~~~~~~~~~~~~~^^
  File "/Users/sanel.zulic/myprojects/whisper.cpp/vibepaste/src/overlay.py", line 273, in hide
    self.overlay.hide()
    ^^^^^^^^^^^^^^^^^
AttributeError: 'PulsatingDotsOverlay' object has no attribute 'hide'
DEBUG: Key pressed: 's'. Current keys: {'s'}
DEBUG: Key pressed: 'p'. Current keys: {'p'}
DEBUG: Key pressed: 'a'. Current keys: {'a', 'p'}
DEBUG: Key pressed: 'c'. Current keys: {'c'}
DEBUG: Key pressed: 'e'. Current keys: {'e'}
DEBUG: Key pressed: Key.space. Current keys: {<Key.space: ' '>}
DEBUG: _on_stop_recording called. is_recording=True
Exception in thread Thread-7 (_stop_and_transcribe):
Traceback (most recent call last):
  File "/opt/homebrew/Cellar/python@3.14/3.14.2/Frameworks/Python.framework/Versions/3.14/lib/python3.14/threading.py", line 1082, in _bootstrap_inner
    self._context.run(self.run)
    ~~~~~~~~~~~~~~~~~^^^^^^^^^^
  File "/opt/homebrew/Cellar/python@3.14/3.14.2/Frameworks/Python.framework/Versions/3.14/lib/python3.14/threading.py", line 1024, in run
    self._target(*self._args, **self._kwargs)
    ~~~~~~~~~~~~^^^^^^^^^^^^^^^^^^^^^^^^^^^^^
  File "/Users/sanel.zulic/myprojects/whisper.cpp/vibepaste/src/main.py", line 167, in _stop_and_transcribe
    self.overlay.hide()
    ~~~~~~~~~~~~~~~~~^^
  File "/Users/sanel.zulic/myprojects/whisper.cpp/vibepaste/src/overlay.py", line 273, in hide
    self.overlay.hide()
    ^^^^^^^^^^^^^^^^^
AttributeError: 'PulsatingDotsOverlay' object has no attribute 'hide'
DEBUG: Key pressed: 'n'. Current keys: {'n'}
DEBUG: Key pressed: 'o'. Current keys: {'o'}
DEBUG: Key pressed: 't'. Current keys: {'t'}
DEBUG: Key pressed: Key.space. Current keys: {<Key.space: ' '>}
DEBUG: _on_stop_recording called. is_recording=True
Exception in thread Thread-8 (_stop_and_transcribe):
Traceback (most recent call last):
  File "/opt/homebrew/Cellar/python@3.14/3.14.2/Frameworks/Python.framework/Versions/3.14/lib/python3.14/threading.py", line 1082, in _bootstrap_inner
    self._context.run(self.run)
    ~~~~~~~~~~~~~~~~~^^^^^^^^^^
  File "/opt/homebrew/Cellar/python@3.14/3.14.2/Frameworks/Python.framework/Versions/3.14/lib/python3.14/threading.py", line 1024, in run
    self._target(*self._args, **self._kwargs)
    ~~~~~~~~~~~~^^^^^^^^^^^^^^^^^^^^^^^^^^^^^
  File "/Users/sanel.zulic/myprojects/whisper.cpp/vibepaste/src/main.py", line 167, in _stop_and_transcribe
    self.overlay.hide()
    ~~~~~~~~~~~~~~~~~^^
  File "/Users/sanel.zulic/myprojects/whisper.cpp/vibepaste/src/overlay.py", line 273, in hide
    self.overlay.hide()
    ^^^^^^^^^^^^^^^^^
AttributeError: 'PulsatingDotsOverlay' object has no attribute 'hide'
DEBUG: Key pressed: 'w'. Current keys: {'w'}
DEBUG: Key pressed: 'o'. Current keys: {'o'}
DEBUG: Key pressed: 'r'. Current keys: {'r'}
DEBUG: Key pressed: 'k'. Current keys: {'k'}
DEBUG: Key pressed: 'i'. Current keys: {'i'}
DEBUG: Key pressed: 'n'. Current keys: {'n'}
DEBUG: Key pressed: 'g'. Current keys: {'g'}
DEBUG: Key pressed: Key.space. Current keys: {<Key.space: ' '>}
DEBUG: _on_stop_recording called. is_recording=True
Exception in thread Thread-9 (_stop_and_transcribe):
Traceback (most recent call last):
  File "/opt/homebrew/Cellar/python@3.14/3.14.2/Frameworks/Python.framework/Versions/3.14/lib/python3.14/threading.py", line 1082, in _bootstrap_inner
    self._context.run(self.run)
    ~~~~~~~~~~~~~~~~~^^^^^^^^^^
  File "/opt/homebrew/Cellar/python@3.14/3.14.2/Frameworks/Python.framework/Versions/3.14/lib/python3.14/threading.py", line 1024, in run
    self._target(*self._args, **self._kwargs)
    ~~~~~~~~~~~~^^^^^^^^^^^^^^^^^^^^^^^^^^^^^
  File "/Users/sanel.zulic/myprojects/whisper.cpp/vibepaste/src/main.py", line 167, in _stop_and_transcribe
    self.overlay.hide()
    ~~~~~~~~~~~~~~~~~^^
  File "/Users/sanel.zulic/myprojects/whisper.cpp/vibepaste/src/overlay.py", line 273, in hide
    self.overlay.hide()
    ^^^^^^^^^^^^^^^^^
AttributeError: 'PulsatingDotsOverlay' object has no attribute 'hide'
DEBUG: Key pressed: 'b'. Current keys: {'b'}
DEBUG: Key pressed: 'u'. Current keys: {'u'}
DEBUG: Key pressed: 't'. Current keys: {'t'}
DEBUG: Key pressed: Key.space. Current keys: {<Key.space: ' '>}
DEBUG: _on_stop_recording called. is_recording=True
Exception in thread Thread-10 (_stop_and_transcribe):
Traceback (most recent call last):
  File "/opt/homebrew/Cellar/python@3.14/3.14.2/Frameworks/Python.framework/Versions/3.14/lib/python3.14/threading.py", line 1082, in _bootstrap_inner
    self._context.run(self.run)
    ~~~~~~~~~~~~~~~~~^^^^^^^^^^
  File "/opt/homebrew/Cellar/python@3.14/3.14.2/Frameworks/Python.framework/Versions/3.14/lib/python3.14/threading.py", line 1024, in run
    self._target(*self._args, **self._kwargs)
    ~~~~~~~~~~~~^^^^^^^^^^^^^^^^^^^^^^^^^^^^^
  File "/Users/sanel.zulic/myprojects/whisper.cpp/vibepaste/src/main.py", line 167, in _stop_and_transcribe
    self.overlay.hide()
    ~~~~~~~~~~~~~~~~~^^
  File "/Users/sanel.zulic/myprojects/whisper.cpp/vibepaste/src/overlay.py", line 273, in hide
    self.overlay.hide()
    ^^^^^^^^^^^^^^^^^
AttributeError: 'PulsatingDotsOverlay' object has no attribute 'hide'
DEBUG: Key pressed: 'p'. Current keys: {'p'}
DEBUG: Key pressed: 'l'. Current keys: {'l'}
DEBUG: Key pressed: 'a'. Current keys: {'a'}
DEBUG: Key pressed: 'y'. Current keys: {'y'}
DEBUG: Key pressed: 's'. Current keys: {'s'}
DEBUG: Key pressed: Key.space. Current keys: {<Key.space: ' '>}
DEBUG: _on_stop_recording called. is_recording=True
Exception in thread Thread-11 (_stop_and_transcribe):
Traceback (most recent call last):
  File "/opt/homebrew/Cellar/python@3.14/3.14.2/Frameworks/Python.framework/Versions/3.14/lib/python3.14/threading.py", line 1082, in _bootstrap_inner
    self._context.run(self.run)
    ~~~~~~~~~~~~~~~~~^^^^^^^^^^
  File "/opt/homebrew/Cellar/python@3.14/3.14.2/Frameworks/Python.framework/Versions/3.14/lib/python3.14/threading.py", line 1024, in run
    self._target(*self._args, **self._kwargs)
    ~~~~~~~~~~~~^^^^^^^^^^^^^^^^^^^^^^^^^^^^^
  File "/Users/sanel.zulic/myprojects/whisper.cpp/vibepaste/src/main.py", line 167, in _stop_and_transcribe
    self.overlay.hide()
    ~~~~~~~~~~~~~~~~~^^
  File "/Users/sanel.zulic/myprojects/whisper.cpp/vibepaste/src/overlay.py", line 273, in hide
    self.overlay.hide()
    ^^^^^^^^^^^^^^^^^
AttributeError: 'PulsatingDotsOverlay' object has no attribute 'hide'
DEBUG: Key pressed: 's'. Current keys: {'s'}
DEBUG: Key pressed: 'o'. Current keys: {'o'}
DEBUG: Key pressed: 'u'. Current keys: {'u'}
DEBUG: Key pressed: 'n'. Current keys: {'n'}
DEBUG: Key pressed: 'd'. Current keys: {'d'}
DEBUG: Key pressed: '.'. Current keys: {'.'}
DEBUG: Key pressed: Key.space. Current keys: {<Key.space: ' '>}
DEBUG: _on_stop_recording called. is_recording=True
Exception in thread Thread-12 (_stop_and_transcribe):
Traceback (most recent call last):
  File "/opt/homebrew/Cellar/python@3.14/3.14.2/Frameworks/Python.framework/Versions/3.14/lib/python3.14/threading.py", line 1082, in _bootstrap_inner
    self._context.run(self.run)
    ~~~~~~~~~~~~~~~~~^^^^^^^^^^
  File "/opt/homebrew/Cellar/python@3.14/3.14.2/Frameworks/Python.framework/Versions/3.14/lib/python3.14/threading.py", line 1024, in run
    self._target(*self._args, **self._kwargs)
    ~~~~~~~~~~~~^^^^^^^^^^^^^^^^^^^^^^^^^^^^^
  File "/Users/sanel.zulic/myprojects/whisper.cpp/vibepaste/src/main.py", line 167, in _stop_and_transcribe
    self.overlay.hide()
    ~~~~~~~~~~~~~~~~~^^
  File "/Users/sanel.zulic/myprojects/whisper.cpp/vibepaste/src/overlay.py", line 273, in hide
    self.overlay.hide()
    ^^^^^^^^^^^^^^^^^
AttributeError: 'PulsatingDotsOverlay' object has no attribute 'hide'
DEBUG: Key pressed: 'a'. Current keys: {'a'}
DEBUG: Key pressed: 'n'. Current keys: {'a', 'n'}
DEBUG: Key pressed: 'i'. Current keys: {'i'}
DEBUG: Key pressed: 'm'. Current keys: {'m'}
DEBUG: Key pressed: 'a'. Current keys: {'a', 'm'}
DEBUG: Key pressed: 't'. Current keys: {'t'}
DEBUG: Key pressed: 'i'. Current keys: {'i'}
DEBUG: Key pressed: 'o'. Current keys: {'o'}
DEBUG: Key pressed: 'n'. Current keys: {'n'}
DEBUG: Key pressed: Key.space. Current keys: {<Key.space: ' '>}
DEBUG: _on_stop_recording called. is_recording=True
Exception in thread Thread-13 (_stop_and_transcribe):
Traceback (most recent call last):
  File "/opt/homebrew/Cellar/python@3.14/3.14.2/Frameworks/Python.framework/Versions/3.14/lib/python3.14/threading.py", line 1082, in _bootstrap_inner
    self._context.run(self.run)
    ~~~~~~~~~~~~~~~~~^^^^^^^^^^
  File "/opt/homebrew/Cellar/python@3.14/3.14.2/Frameworks/Python.framework/Versions/3.14/lib/python3.14/threading.py", line 1024, in run
    self._target(*self._args, **self._kwargs)
    ~~~~~~~~~~~~^^^^^^^^^^^^^^^^^^^^^^^^^^^^^
  File "/Users/sanel.zulic/myprojects/whisper.cpp/vibepaste/src/main.py", line 167, in _stop_and_transcribe
    self.overlay.hide()
    ~~~~~~~~~~~~~~~~~^^
  File "/Users/sanel.zulic/myprojects/whisper.cpp/vibepaste/src/overlay.py", line 273, in hide
    self.overlay.hide()
    ^^^^^^^^^^^^^^^^^
AttributeError: 'PulsatingDotsOverlay' object has no attribute 'hide'
DEBUG: Key pressed: 'd'. Current keys: {'d'}
DEBUG: Key pressed: 'i'. Current keys: {'i'}
DEBUG: Key pressed: 'd'. Current keys: {'i', 'd'}
DEBUG: Key pressed: Key.space. Current keys: {<Key.space: ' '>}
DEBUG: _on_stop_recording called. is_recording=True
Exception in thread Thread-14 (_stop_and_transcribe):
Traceback (most recent call last):
  File "/opt/homebrew/Cellar/python@3.14/3.14.2/Frameworks/Python.framework/Versions/3.14/lib/python3.14/threading.py", line 1082, in _bootstrap_inner
    self._context.run(self.run)
    ~~~~~~~~~~~~~~~~~^^^^^^^^^^
  File "/opt/homebrew/Cellar/python@3.14/3.14.2/Frameworks/Python.framework/Versions/3.14/lib/python3.14/threading.py", line 1024, in run
    self._target(*self._args, **self._kwargs)
    ~~~~~~~~~~~~^^^^^^^^^^^^^^^^^^^^^^^^^^^^^
  File "/Users/sanel.zulic/myprojects/whisper.cpp/vibepaste/src/main.py", line 167, in _stop_and_transcribe
    self.overlay.hide()
    ~~~~~~~~~~~~~~~~~^^
  File "/Users/sanel.zulic/myprojects/whisper.cpp/vibepaste/src/overlay.py", line 273, in hide
    self.overlay.hide()
    ^^^^^^^^^^^^^^^^^
AttributeError: 'PulsatingDotsOverlay' object has no attribute 'hide'
DEBUG: Key pressed: 'n'. Current keys: {'n'}
DEBUG: Key pressed: 'o'. Current keys: {'o'}
DEBUG: Key pressed: 't'. Current keys: {'t'}
DEBUG: Key pressed: Key.space. Current keys: {<Key.space: ' '>}
DEBUG: _on_stop_recording called. is_recording=True
Exception in thread Thread-15 (_stop_and_transcribe):
Traceback (most recent call last):
  File "/opt/homebrew/Cellar/python@3.14/3.14.2/Frameworks/Python.framework/Versions/3.14/lib/python3.14/threading.py", line 1082, in _bootstrap_inner
    self._context.run(self.run)
    ~~~~~~~~~~~~~~~~~^^^^^^^^^^
  File "/opt/homebrew/Cellar/python@3.14/3.14.2/Frameworks/Python.framework/Versions/3.14/lib/python3.14/threading.py", line 1024, in run
    self._target(*self._args, **self._kwargs)
    ~~~~~~~~~~~~^^^^^^^^^^^^^^^^^^^^^^^^^^^^^
  File "/Users/sanel.zulic/myprojects/whisper.cpp/vibepaste/src/main.py", line 167, in _stop_and_transcribe
    self.overlay.hide()
    ~~~~~~~~~~~~~~~~~^^
  File "/Users/sanel.zulic/myprojects/whisper.cpp/vibepaste/src/overlay.py", line 273, in hide
    self.overlay.hide()
    ^^^^^^^^^^^^^^^^^
AttributeError: 'PulsatingDotsOverlay' object has no attribute 'hide'
DEBUG: Key pressed: 's'. Current keys: {'s'}
DEBUG: Key pressed: 't'. Current keys: {'t'}
DEBUG: Key pressed: 'o'. Current keys: {'o'}
DEBUG: Key pressed: 'p'. Current keys: {'p'}
DEBUG: Key pressed: Key.enter. Current keys: {<Key.enter: <36>>}
sys.executable: /Users/sanel.zulic/myprojects/whisper.cpp/vibepaste/venv/bin/python3
sys.path: ['/Users/sanel.zulic/myprojects/whisper.cpp/vibepaste', '/Users/sanel.zulic/myprojects/whisper.cpp/vibepaste', '/Applications/VibePaste.app/Contents/MacOS', '/opt/homebrew/Cellar/python@3.14/3.14.2/Frameworks/Python.framework/Versions/3.14/lib/python314.zip', '/opt/homebrew/Cellar/python@3.14/3.14.2/Frameworks/Python.framework/Versions/3.14/lib/python3.14', '/opt/homebrew/Cellar/python@3.14/3.14.2/Frameworks/Python.framework/Versions/3.14/lib/python3.14/lib-dynload', '/Users/sanel.zulic/myprojects/whisper.cpp/vibepaste/venv/lib/python3.14/site-packages']
os.getcwd: /Users/sanel.zulic/myprojects/whisper.cpp/vibepaste
DEBUG: Key pressed: Key.alt. Current keys: {<Key.alt: <58>>}
DEBUG: Key pressed: Key.space. Current keys: {<Key.alt: <58>>, <Key.space: ' '>}
DEBUG: Overlay process started (PID: 31484)

🔴 Recording... (English, turbo)
Press Space to stop and transcribe
DEBUG: _on_stop_recording called. is_recording=True
DEBUG: Hiding overlay (PID: 31484)
DEBUG: _stop_and_transcribe called
DEBUG: Calling audio_recorder.stop_recording...
DEBUG: stop_recording returned True
🎙️  Processing...
DEBUG: Initializing transcriber with model /Users/sanel.zulic/myprojects/whisper.cpp/models/ggml-large-v3-turbo.bin
DEBUG: Starting transcription...
DEBUG: Transcription result: None
⚠️  No transcription generated
DEBUG: Key pressed: Key.space. Current keys: {<Key.space: ' '>}
DEBUG: _on_stop_recording called. is_recording=False
DEBUG: Stop ignored (not recording)
DEBUG: Key pressed: Key.space. Current keys: {<Key.space: ' '>}
DEBUG: _on_stop_recording called. is_recording=False
DEBUG: Stop ignored (not recording)
DEBUG: Key pressed: Key.space. Current keys: {<Key.space: ' '>}
DEBUG: _on_stop_recording called. is_recording=False
DEBUG: Stop ignored (not recording)
DEBUG: Key pressed: Key.space. Current keys: {<Key.space: ' '>}
DEBUG: _on_stop_recording called. is_recording=False
DEBUG: Stop ignored (not recording)
DEBUG: Key pressed: Key.space. Current keys: {<Key.space: ' '>}
DEBUG: _on_stop_recording called. is_recording=False
DEBUG: Stop ignored (not recording)
DEBUG: Key pressed: 's'. Current keys: {'s'}
DEBUG: Key pressed: 't'. Current keys: {'t'}
DEBUG: Key pressed: 'i'. Current keys: {'i'}
DEBUG: Key pressed: 'l'. Current keys: {'l'}
DEBUG: Key pressed: 'l'. Current keys: {'l'}
DEBUG: Key pressed: Key.space. Current keys: {<Key.space: ' '>}
DEBUG: _on_stop_recording called. is_recording=False
DEBUG: Stop ignored (not recording)
DEBUG: Key pressed: 'n'. Current keys: {'n'}
DEBUG: Key pressed: 'o'. Current keys: {'o'}
DEBUG: Key pressed: 't'. Current keys: {'t'}
DEBUG: Key pressed: Key.space. Current keys: {<Key.space: ' '>}
DEBUG: _on_stop_recording called. is_recording=False
DEBUG: Stop ignored (not recording)
DEBUG: Key pressed: 'w'. Current keys: {'w'}
DEBUG: Key pressed: 'o'. Current keys: {'o'}
DEBUG: Key pressed: 'k'. Current keys: {'k'}
DEBUG: Key pressed: 'i'. Current keys: {'i'}
DEBUG: Key pressed: 'n'. Current keys: {'n'}
DEBUG: Key pressed: 'g'. Current keys: {'g'}
DEBUG: Key pressed: Key.space. Current keys: {<Key.space: ' '>}
DEBUG: _on_stop_recording called. is_recording=False
DEBUG: Stop ignored (not recording)
DEBUG: Key pressed: 'a'. Current keys: {'a'}
DEBUG: Key pressed: 'n'. Current keys: {'a', 'n'}
DEBUG: Key pressed: 'i'. Current keys: {'i'}
DEBUG: Key pressed: 'm'. Current keys: {'m'}
DEBUG: Key pressed: 'a'. Current keys: {'m', 'a'}
DEBUG: Key pressed: 't'. Current keys: {'t'}
DEBUG: Key pressed: 'i'. Current keys: {'i'}
DEBUG: Key pressed: 'o'. Current keys: {'o'}
DEBUG: Key pressed: 'n'. Current keys: {'n'}
DEBUG: Key pressed: Key.space. Current keys: {<Key.space: ' '>}
DEBUG: _on_stop_recording called. is_recording=False
DEBUG: Stop ignored (not recording)
DEBUG: Key pressed: 'i'. Current keys: {'i'}
DEBUG: Key pressed: 's'. Current keys: {'s'}
DEBUG: Key pressed: Key.space. Current keys: {<Key.space: ' '>}
DEBUG: _on_stop_recording called. is_recording=False
DEBUG: Stop ignored (not recording)
DEBUG: Key pressed: 's'. Current keys: {'s'}
DEBUG: Key pressed: 't'. Current keys: {'t'}
DEBUG: Key pressed: 'u'. Current keys: {'u'}
DEBUG: Key pressed: 'c'. Current keys: {'c'}
DEBUG: Key pressed: 'k'. Current keys: {'k'}
DEBUG: Key pressed: Key.space. Current keys: {<Key.space: ' '>}
DEBUG: _on_stop_recording called. is_recording=False
DEBUG: Stop ignored (not recording)
DEBUG: Key pressed: 's'. Current keys: {'s'}
DEBUG: Key pressed: 'p'. Current keys: {'p'}
DEBUG: Key pressed: 'a'. Current keys: {'p', 'a'}
DEBUG: Key pressed: 'c'. Current keys: {'c'}
DEBUG: Key pressed: 'e'. Current keys: {'e'}
DEBUG: Key pressed: Key.space. Current keys: {<Key.space: ' '>}
DEBUG: _on_stop_recording called. is_recording=False
DEBUG: Stop ignored (not recording)
DEBUG: Key pressed: 'i'. Current keys: {'i'}
DEBUG: Key pressed: 's'. Current keys: {'s'}
DEBUG: Key pressed: Key.space. Current keys: {<Key.space: ' '>}
DEBUG: _on_stop_recording called. is_recording=False
DEBUG: Stop ignored (not recording)
DEBUG: Key pressed: 'p'. Current keys: {'p'}
DEBUG: Key pressed: 'l'. Current keys: {'l'}
DEBUG: Key pressed: 'a'. Current keys: {'a'}
DEBUG: Key pressed: 'y'. Current keys: {'y'}
DEBUG: Key pressed: 'i'. Current keys: {'i'}
DEBUG: Key pressed: 'n'. Current keys: {'n'}
DEBUG: Key pressed: 'g'. Current keys: {'g'}
DEBUG: Key pressed: Key.space. Current keys: {<Key.space: ' '>}
DEBUG: _on_stop_recording called. is_recording=False
DEBUG: Stop ignored (not recording)
DEBUG: Key pressed: 's'. Current keys: {'s'}
DEBUG: Key pressed: 'o'. Current keys: {'o'}
DEBUG: Key pressed: 'u'. Current keys: {'u'}
DEBUG: Key pressed: 'n'. Current keys: {'n'}
DEBUG: Key pressed: 'd'. Current keys: {'d', 'n'}
DEBUG: Key pressed: Key.space. Current keys: {<Key.space: ' '>}
DEBUG: _on_stop_recording called. is_recording=False
DEBUG: Stop ignored (not recording)
DEBUG: Key pressed: 'n'. Current keys: {'n'}
DEBUG: Key pressed: 'o'. Current keys: {'o'}
DEBUG: Key pressed: Key.space. Current keys: {<Key.space: ' '>}
DEBUG: _on_stop_recording called. is_recording=False
DEBUG: Stop ignored (not recording)
DEBUG: Key pressed: 'p'. Current keys: {'p'}
DEBUG: Key pressed: 'a'. Current keys: {'a'}
DEBUG: Key pressed: 's'. Current keys: {'s'}
DEBUG: Key pressed: 't'. Current keys: {'t'}
DEBUG: Key pressed: 'e'. Current keys: {'e'}
DEBUG: Key pressed: 'd'. Current keys: {'d'}
DEBUG: Key pressed: Key.space. Current keys: {<Key.space: ' '>}
DEBUG: _on_stop_recording called. is_recording=False
DEBUG: Stop ignored (not recording)
DEBUG: Key pressed: 't'. Current keys: {'t'}
DEBUG: Key pressed: 'e'. Current keys: {'e', 't'}
DEBUG: Key pressed: 'x'. Current keys: {'x'}
DEBUG: Key pressed: 't'. Current keys: {'t'}
DEBUG: Key pressed: Key.enter. Current keys: {<Key.enter: <36>>}
sys.executable: /Users/sanel.zulic/myprojects/whisper.cpp/vibepaste/venv/bin/python3
sys.path: ['/Users/sanel.zulic/myprojects/whisper.cpp/vibepaste', '/Users/sanel.zulic/myprojects/whisper.cpp/vibepaste', '/Applications/VibePaste.app/Contents/MacOS', '/opt/homebrew/Cellar/python@3.14/3.14.2/Frameworks/Python.framework/Versions/3.14/lib/python314.zip', '/opt/homebrew/Cellar/python@3.14/3.14.2/Frameworks/Python.framework/Versions/3.14/lib/python3.14', '/opt/homebrew/Cellar/python@3.14/3.14.2/Frameworks/Python.framework/Versions/3.14/lib/python3.14/lib-dynload', '/Users/sanel.zulic/myprojects/whisper.cpp/vibepaste/venv/lib/python3.14/site-packages']
os.getcwd: /Users/sanel.zulic/myprojects/whisper.cpp/vibepaste
DEBUG: Key pressed: Key.alt. Current keys: {<Key.alt: <58>>}
DEBUG: Key pressed: Key.space. Current keys: {<Key.space: ' '>, <Key.alt: <58>>}
DEBUG: Overlay process started (PID: 32976)

🔴 Recording... (English, turbo)
Press Space to stop and transcribe
DEBUG: _on_stop_recording called. is_recording=True
DEBUG: Hiding overlay (PID: 32976)
DEBUG: _stop_and_transcribe called
DEBUG: Calling audio_recorder.stop_recording...
DEBUG: stop_recording returned True
🎙️  Processing...
DEBUG: Initializing transcriber with model /Users/sanel.zulic/myprojects/whisper.cpp/models/ggml-large-v3-turbo.bin
DEBUG: Starting transcription...
DEBUG: Transcriber running command: /Users/sanel.zulic/myprojects/whisper.cpp/build/bin/whisper-cli -m /Users/sanel.zulic/myprojects/whisper.cpp/models/ggml-large-v3-turbo.bin -f /tmp/vibepaste_recording.wav -otxt
DEBUG: Whisper return code: 0
DEBUG: Whisper stderr: whisper_init_from_file_with_params_no_state: loading model from '/Users/sanel.zulic/myprojects/whisper.cpp/models/ggml-large-v3-turbo.bin'
whisper_init_with_params_no_state: use gpu    = 1
whisper_init_with_params_no_state: flash attn = 1
whisper_init_with_params_no_state: gpu_device = 0
whisper_init_with_params_no_state: dtw        = 0
ggml_metal_device_init: tensor API disabled for pre-M5 and pre-A19 devices
ggml_metal_library_init: using embedded metal library
ggml_metal_library_init: loaded in 0.006 sec
ggml_metal_rsets_init: creating a residency set collection (keep_alive = 180 s)
ggml_metal_device_init: GPU name:   Apple M4 Pro
ggml_metal_device_init: GPU family: MTLGPUFamilyApple9  (1009)
ggml_metal_device_init: GPU family: MTLGPUFamilyCommon3 (3003)
ggml_metal_device_init: GPU family: MTLGPUFamilyMetal4  (5002)
ggml_metal_device_init: simdgroup reduction   = true
ggml_metal_device_init: simdgroup matrix mul. = true
ggml_metal_device_init: has unified memory    = true
ggml_metal_device_init: has bfloat            = true
ggml_metal_device_init: has tensor            = false
ggml_metal_device_init: use residency sets    = true
ggml_metal_device_init: use shared buffers    = true
ggml_metal_device_init: recommendedMaxWorkingSetSize  = 19069.67 MB
whisper_init_with_params_no_state: devices    = 3
whisper_init_with_params_no_state: backends   = 3
whisper_model_load: loading model
whisper_model_load: n_vocab       = 51866
whisper_model_load: n_audio_ctx   = 1500
whisper_model_load: n_audio_state = 1280
whisper_model_load: n_audio_head  = 20
whisper_model_load: n_audio_layer = 32
whisper_model_load: n_text_ctx    = 448
whisper_model_load: n_text_state  = 1280
whisper_model_load: n_text_head   = 20
whisper_model_load: n_text_layer  = 4
whisper_model_load: n_mels        = 128
whisper_model_load: ftype         = 1
whisper_model_load: qntvr         = 0
whisper_model_load: type          = 5 (large v3)
whisper_model_load: adding 1609 extra tokens
whisper_model_load: n_langs       = 100
whisper_model_load:        Metal total size =  1623.92 MB
whisper_model_load: model size    = 1623.92 MB
whisper_backend_init_gpu: device 0: Metal (type: 1)
whisper_backend_init_gpu: found GPU device 0: Metal (type: 1, cnt: 0)
whisper_backend_init_gpu: using Metal backend
ggml_metal_init: allocating
ggml_metal_init: found device: Apple M4 Pro
ggml_metal_init: picking default device: Apple M4 Pro
ggml_metal_init: use fusion         = true
ggml_metal_init: use concurrency    = true
ggml_metal_init: use graph optimize = true
whisper_backend_init: using BLAS backend
whisper_init_state: kv self size  =   10.49 MB
whisper_init_state: kv cross size =   31.46 MB
whisper_init_state: kv pad  size  =    7.86 MB
whisper_init_state: compute buffer (conv)   =   37.69 MB
whisper_init_state: compute buffer (encode) =   67.31 MB
whisper_init_state: compute buffer (cross)  =   24.63 MB
whisper_init_state: compute buffer (decode) =  100.04 MB

system_info: n_threads = 4 / 12 | WHISPER : COREML = 0 | OPENVINO = 0 | Metal : EMBED_LIBRARY = 1 | CPU : NEON = 1 | ARM_FMA = 1 | FP16_VA = 1 | MATMUL_INT8 = 1 | DOTPROD = 1 | SME = 1 | ACCELERATE = 1 | REPACK = 1 | 

main: processing '/tmp/vibepaste_recording.wav' (120 samples, 0.0 sec), 4 threads, 1 processors, 5 beams + best of 5, lang = en, task = transcribe, timestamps = 1 ...

whisper_full_with_state: input is too short - 10 ms < 100 ms. consider padding the input audio with silence
output_txt: saving output to '/tmp/vibepaste_recording.wav.txt'

whisper_print_timings:     load time =   405.70 ms
whisper_print_timings:     fallbacks =   0 p /   0 h
whisper_print_timings:      mel time =     0.74 ms
whisper_print_timings:   sample time =     0.00 ms /     1 runs (     0.00 ms per run)
whisper_print_timings:   encode time =     0.00 ms /     1 runs (     0.00 ms per run)
whisper_print_timings:   decode time =     0.00 ms /     1 runs (     0.00 ms per run)
whisper_print_timings:   batchd time =     0.00 ms /     1 runs (     0.00 ms per run)
whisper_print_timings:   prompt time =     0.00 ms /     1 runs (     0.00 ms per run)
whisper_print_timings:    total time =   454.49 ms
ggml_metal_free: deallocating

DEBUG: Transcription result: None
⚠️  No transcription generated
DEBUG: Key pressed: Key.space. Current keys: {<Key.space: ' '>}
DEBUG: _on_stop_recording called. is_recording=False
DEBUG: Stop ignored (not recording)
DEBUG: Key pressed: 'n'. Current keys: {'n'}
DEBUG: Key pressed: 'o'. Current keys: {'o'}
DEBUG: Key pressed: Key.space. Current keys: {<Key.space: ' '>}
DEBUG: _on_stop_recording called. is_recording=False
DEBUG: Stop ignored (not recording)
DEBUG: Key pressed: 'a'. Current keys: {'a'}
DEBUG: Key pressed: 'n'. Current keys: {'n'}
DEBUG: Key pressed: 'i'. Current keys: {'i'}
DEBUG: Key pressed: 'a'. Current keys: {'a'}
DEBUG: Key pressed: 'm'. Current keys: {'a', 'm'}
DEBUG: Key pressed: 't'. Current keys: {'t'}
DEBUG: Key pressed: 'i'. Current keys: {'i'}
DEBUG: Key pressed: 'o'. Current keys: {'o'}
DEBUG: Key pressed: 'n'. Current keys: {'n'}
DEBUG: Key pressed: Key.space. Current keys: {<Key.space: ' '>}
DEBUG: _on_stop_recording called. is_recording=False
DEBUG: Stop ignored (not recording)
DEBUG: Key pressed: 'n'. Current keys: {'n'}
DEBUG: Key pressed: 'o'. Current keys: {'o'}
DEBUG: Key pressed: Key.space. Current keys: {<Key.space: ' '>}
DEBUG: _on_stop_recording called. is_recording=False
DEBUG: Stop ignored (not recording)
DEBUG: Key pressed: 'p'. Current keys: {'p'}
DEBUG: Key pressed: 'a'. Current keys: {'a'}
DEBUG: Key pressed: 's'. Current keys: {'s', 'a'}
DEBUG: Key pressed: 't'. Current keys: {'t'}
DEBUG: Key pressed: 'e'. Current keys: {'e'}
DEBUG: Key pressed: Key.space. Current keys: {<Key.space: ' '>}
DEBUG: _on_stop_recording called. is_recording=False
DEBUG: Stop ignored (not recording)
DEBUG: Key pressed: 'n'. Current keys: {'n'}
DEBUG: Key pressed: 'o'. Current keys: {'o'}
DEBUG: Key pressed: Key.space. Current keys: {<Key.space: ' '>}
DEBUG: _on_stop_recording called. is_recording=False
DEBUG: Stop ignored (not recording)
DEBUG: Key pressed: 's'. Current keys: {'s'}
DEBUG: Key pressed: 'p'. Current keys: {'p'}
DEBUG: Key pressed: 'a'. Current keys: {'a'}
DEBUG: Key pressed: 'c'. Current keys: {'c'}
DEBUG: Key pressed: 'e'. Current keys: {'e'}
DEBUG: Key pressed: Key.space. Current keys: {<Key.space: ' '>}
DEBUG: _on_stop_recording called. is_recording=False
DEBUG: Stop ignored (not recording)
DEBUG: Key pressed: 's'. Current keys: {'s'}
DEBUG: Key pressed: 'o'. Current keys: {'o'}
DEBUG: Key pressed: 'u'. Current keys: {'u'}
DEBUG: Key pressed: 'n'. Current keys: {'n'}
DEBUG: Key pressed: 'd'. Current keys: {'d'}
DEBUG: Key pressed: Key.space. Current keys: {<Key.space: ' '>}
DEBUG: _on_stop_recording called. is_recording=False
DEBUG: Stop ignored (not recording)
DEBUG: Key pressed: 'n'. Current keys: {'n'}
DEBUG: Key pressed: 'o'. Current keys: {'o'}
DEBUG: Key pressed: Key.space. Current keys: {<Key.space: ' '>}
DEBUG: _on_stop_recording called. is_recording=False
DEBUG: Stop ignored (not recording)
DEBUG: Key pressed: 'e'. Current keys: {'e'}
DEBUG: Key pressed: 'n'. Current keys: {'n'}
DEBUG: Key pressed: 'd'. Current keys: {'d'}
DEBUG: Key pressed: Key.enter. Current keys: {<Key.enter: <36>>}
DEBUG: Key pressed: 't'. Current keys: {'t'}
DEBUG: Key pressed: 'h'. Current keys: {'h'}
DEBUG: Key pressed: 'i'. Current keys: {'i'}
DEBUG: Key pressed: 's'. Current keys: {'s'}
DEBUG: Key pressed: Key.space. Current keys: {<Key.space: ' '>}
DEBUG: _on_stop_recording called. is_recording=False
DEBUG: Stop ignored (not recording)
DEBUG: Key pressed: 'a'. Current keys: {'a'}
DEBUG: Key pressed: 'l'. Current keys: {'l'}
DEBUG: Key pressed: 'l'. Current keys: {'l'}
DEBUG: Key pressed: Key.space. Current keys: {<Key.space: ' '>, 'l'}
DEBUG: _on_stop_recording called. is_recording=False
DEBUG: Stop ignored (not recording)
DEBUG: Key pressed: 'w'. Current keys: {'w'}
DEBUG: Key pressed: 'o'. Current keys: {'o'}
DEBUG: Key pressed: 'r'. Current keys: {'r'}
DEBUG: Key pressed: 'k'. Current keys: {'k'}
DEBUG: Key pressed: 'e'. Current keys: {'e'}
DEBUG: Key pressed: 'd'. Current keys: {'d'}
DEBUG: Key pressed: Key.space. Current keys: {<Key.space: ' '>}
DEBUG: _on_stop_recording called. is_recording=False
DEBUG: Stop ignored (not recording)
DEBUG: Key pressed: 'w'. Current keys: {'w'}
DEBUG: Key pressed: 'h'. Current keys: {'h'}
DEBUG: Key pressed: 'e'. Current keys: {'e'}
DEBUG: Key pressed: 'n'. Current keys: {'n'}
DEBUG: Key pressed: Key.space. Current keys: {<Key.space: ' '>}
DEBUG: _on_stop_recording called. is_recording=False
DEBUG: Stop ignored (not recording)
DEBUG: Key pressed: 'w'. Current keys: {'w'}
DEBUG: Key pressed: 'e'. Current keys: {'e'}
DEBUG: Key pressed: Key.space. Current keys: {<Key.space: ' '>}
DEBUG: _on_stop_recording called. is_recording=False
DEBUG: Stop ignored (not recording)
DEBUG: Key pressed: 'r'. Current keys: {'r'}
DEBUG: Key pressed: 'u'. Current keys: {'u'}
DEBUG: Key pressed: 'n'. Current keys: {'n'}
DEBUG: Key pressed: 'n'. Current keys: {'n'}
DEBUG: Key pressed: 'e'. Current keys: {'e', 'n'}
DEBUG: Key pressed: 'd'. Current keys: {'d'}
DEBUG: Key pressed: Key.space. Current keys: {<Key.space: ' '>}
DEBUG: _on_stop_recording called. is_recording=False
DEBUG: Stop ignored (not recording)
DEBUG: Key pressed: 's'. Current keys: {'s'}
DEBUG: Key pressed: 'c'. Current keys: {'c'}
DEBUG: Key pressed: 'r'. Current keys: {'r'}
DEBUG: Key pressed: 'i'. Current keys: {'i'}
DEBUG: Key pressed: 'p'. Current keys: {'p'}
DEBUG: Key pressed: 't'. Current keys: {'t'}
DEBUG: Key pressed: Key.space. Current keys: {<Key.space: ' '>}
DEBUG: _on_stop_recording called. is_recording=False
DEBUG: Stop ignored (not recording)
DEBUG: Key pressed: 'd'. Current keys: {'d'}
DEBUG: Key pressed: 'i'. Current keys: {'i', 'd'}
DEBUG: Key pressed: 'r'. Current keys: {'r'}
DEBUG: Key pressed: 'e'. Current keys: {'e'}
DEBUG: Key pressed: 'c'. Current keys: {'c'}
DEBUG: Key pressed: 't'. Current keys: {'t'}
DEBUG: Key pressed: 'l'. Current keys: {'l'}
DEBUG: Key pressed: 'y'. Current keys: {'y'}
DEBUG: Key pressed: Key.space. Current keys: {<Key.space: ' '>}
DEBUG: _on_stop_recording called. is_recording=False
DEBUG: Stop ignored (not recording)
DEBUG: Key pressed: 'b'. Current keys: {'b'}
DEBUG: Key pressed: 'e'. Current keys: {'e'}
DEBUG: Key pressed: 'f'. Current keys: {'f'}
DEBUG: Key pressed: 'o'. Current keys: {'o'}
DEBUG: Key pressed: 'r'. Current keys: {'r'}
DEBUG: Key pressed: 'e'. Current keys: {'e'}
DEBUG: Key pressed: Key.space. Current keys: {<Key.space: ' '>}
DEBUG: _on_stop_recording called. is_recording=False
DEBUG: Stop ignored (not recording)
DEBUG: Key pressed: 'w'. Current keys: {'w'}
DEBUG: Key pressed: 'e'. Current keys: {'e'}
DEBUG: Key pressed: Key.space. Current keys: {<Key.space: ' '>}
DEBUG: _on_stop_recording called. is_recording=False
DEBUG: Stop ignored (not recording)
DEBUG: Key pressed: 'a'. Current keys: {'a'}
DEBUG: Key pressed: 'd'. Current keys: {'d'}
DEBUG: Key pressed: 'd'. Current keys: {'d'}
DEBUG: Key pressed: 'e'. Current keys: {'e'}
DEBUG: Key pressed: 'd'. Current keys: {'d'}
DEBUG: Key pressed: Key.space. Current keys: {<Key.space: ' '>}
DEBUG: _on_stop_recording called. is_recording=False
DEBUG: Stop ignored (not recording)
DEBUG: Key pressed: 'v'. Current keys: {'v'}
DEBUG: Key pressed: 'i'. Current keys: {'i'}
DEBUG: Key pressed: 'b'. Current keys: {'b'}
DEBUG: Key pressed: 'e'. Current keys: {'e'}
DEBUG: Key pressed: 'p'. Current keys: {'p'}
DEBUG: Key pressed: 'a'. Current keys: {'a'}
DEBUG: Key pressed: 's'. Current keys: {'s'}
DEBUG: Key pressed: 't'. Current keys: {'t'}
DEBUG: Key pressed: Key.space. Current keys: {<Key.space: ' '>}
DEBUG: _on_stop_recording called. is_recording=False
DEBUG: Stop ignored (not recording)
DEBUG: Key pressed: 's'. Current keys: {'s'}
DEBUG: Key pressed: 'h'. Current keys: {'h'}
DEBUG: Key pressed: 'o'. Current keys: {'o'}
DEBUG: Key pressed: 'r'. Current keys: {'r'}
DEBUG: Key pressed: 't'. Current keys: {'t'}
DEBUG: Key pressed: 'c'. Current keys: {'c'}
DEBUG: Key pressed: 'u'. Current keys: {'u'}
DEBUG: Key pressed: 't'. Current keys: {'t'}
DEBUG: Key pressed: Key.cmd. Current keys: {<Key.cmd: <55>>}
DEBUG: Key pressed: 'a'. Current keys: {<Key.cmd: <55>>, 'a'}
DEBUG: Key pressed: Key.cmd. Current keys: {<Key.cmd: <55>>}
DEBUG: Key pressed: 'x'. Current keys: {'x', <Key.cmd: <55>>}
sys.executable: /Users/sanel.zulic/myprojects/whisper.cpp/vibepaste/venv/bin/python3
sys.path: ['/Users/sanel.zulic/myprojects/whisper.cpp/vibepaste', '/Users/sanel.zulic/myprojects/whisper.cpp/vibepaste', '/Applications/VibePaste.app/Contents/MacOS', '/opt/homebrew/Cellar/python@3.14/3.14.2/Frameworks/Python.framework/Versions/3.14/lib/python314.zip', '/opt/homebrew/Cellar/python@3.14/3.14.2/Frameworks/Python.framework/Versions/3.14/lib/python3.14', '/opt/homebrew/Cellar/python@3.14/3.14.2/Frameworks/Python.framework/Versions/3.14/lib/python3.14/lib-dynload', '/Users/sanel.zulic/myprojects/whisper.cpp/vibepaste/venv/lib/python3.14/site-packages']
os.getcwd: /Users/sanel.zulic/myprojects/whisper.cpp/vibepaste
DEBUG: Key pressed: Key.alt. Current keys: {<Key.alt: <58>>}
DEBUG: Key pressed: Key.space. Current keys: {<Key.alt: <58>>, <Key.space: ' '>}
DEBUG: Overlay process started (PID: 33615)

🔴 Recording... (English, turbo)
Press Space to stop and transcribe
DEBUG: _on_stop_recording called. is_recording=True
DEBUG: Stop ignored (too soon - debounce protection)
DEBUG: Key pressed: Key.space. Current keys: {<Key.space: ' '>}
DEBUG: _on_stop_recording called. is_recording=True
DEBUG: Hiding overlay (PID: 33615)
DEBUG: _stop_and_transcribe called
DEBUG: Calling audio_recorder.stop_recording...
DEBUG: stop_recording returned True
🎙️  Processing...
DEBUG: Initializing transcriber with model /Users/sanel.zulic/myprojects/whisper.cpp/models/ggml-large-v3-turbo.bin
DEBUG: Starting transcription...
DEBUG: Transcriber running command: /Users/sanel.zulic/myprojects/whisper.cpp/build/bin/whisper-cli -m /Users/sanel.zulic/myprojects/whisper.cpp/models/ggml-large-v3-turbo.bin -f /tmp/vibepaste_recording.wav -otxt
DEBUG: Whisper return code: 0
DEBUG: Whisper stdout: 
[00:00:00.000 --> 00:00:03.820]   Hey, can you hear me now?
...
DEBUG: Whisper stderr: whisper_init_from_file_with_params_no_state: loading model from '/Users/sanel.zulic/myprojects/whisper.cpp/models/ggml-large-v3-turbo.bin'
whisper_init_with_params_no_state: use gpu    = 1
whisper_init_with_params_no_state: flash attn = 1
whisper_init_with_params_no_state: gpu_device = 0
whisper_init_with_params_no_state: dtw        = 0
ggml_metal_device_init: tensor API disabled for pre-M5 and pre-A19 devices
ggml_metal_library_init: using embedded metal library
ggml_metal_library_init: loaded in 0.010 sec
ggml_metal_rsets_init: creating a residency set collection (keep_alive = 180 s)
ggml_metal_device_init: GPU name:   Apple M4 Pro
ggml_metal_device_init: GPU family: MTLGPUFamilyApple9  (1009)
ggml_metal_device_init: GPU family: MTLGPUFamilyCommon3 (3003)
ggml_metal_device_init: GPU family: MTLGPUFamilyMetal4  (5002)
ggml_metal_device_init: simdgroup reduction   = true
ggml_metal_device_init: simdgroup matrix mul. = true
ggml_metal_device_init: has unified memory    = true
ggml_metal_device_init: has bfloat            = true
ggml_metal_device_init: has tensor            = false
ggml_metal_device_init: use residency sets    = true
ggml_metal_device_init: use shared buffers    = true
ggml_metal_device_init: recommendedMaxWorkingSetSize  = 19069.67 MB
whisper_init_with_params_no_state: devices    = 3
whisper_init_with_params_no_state: backends   = 3
whisper_model_load: loading model
whisper_model_load: n_vocab       = 51866
whisper_model_load: n_audio_ctx   = 1500
whisper_model_load: n_audio_state = 1280
whisper_model_load: n_audio_head  = 20
whisper_model_load: n_audio_layer = 32
whisper_model_load: n_text_ctx    = 448
whisper_model_load: n_text_state  = 1280
whisper_model_load: n_text_head   = 20
whisper_model_load: n_text_layer  = 4
whisper_model_load: n_mels        = 128
whisper_model_load: ftype         = 1
whisper_model_load: qntvr         = 0
whisper_model_load: type          = 5 (large v3)
whisper_model_load: adding 1609 extra tokens
whisper_model_load: n_langs       = 100
whisper_model_load:        Metal total size =  1623.92 MB
whisper_model_load: model size    = 1623.92 MB
whisper_backend_init_gpu: device 0: Metal (type: 1)
whisper_backend_init_gpu: found GPU device 0: Metal (type: 1, cnt: 0)
whisper_backend_init_gpu: using Metal backend
ggml_metal_init: allocating
ggml_metal_init: found device: Apple M4 Pro
ggml_metal_init: picking default device: Apple M4 Pro
ggml_metal_init: use fusion         = true
ggml_metal_init: use concurrency    = true
ggml_metal_init: use graph optimize = true
whisper_backend_init: using BLAS backend
whisper_init_state: kv self size  =   10.49 MB
whisper_init_state: kv cross size =   31.46 MB
whisper_init_state: kv pad  size  =    7.86 MB
whisper_init_state: compute buffer (conv)   =   37.69 MB
whisper_init_state: compute buffer (encode) =   67.31 MB
whisper_init_state: compute buffer (cross)  =   24.63 MB
whisper_init_state: compute buffer (decode) =  100.04 MB

system_info: n_threads = 4 / 12 | WHISPER : COREML = 0 | OPENVINO = 0 | Metal : EMBED_LIBRARY = 1 | CPU : NEON = 1 | ARM_FMA = 1 | FP16_VA = 1 | MATMUL_INT8 = 1 | DOTPROD = 1 | SME = 1 | ACCELERATE = 1 | REPACK = 1 | 

main: processing '/tmp/vibepaste_recording.wav' (61170 samples, 3.8 sec), 4 threads, 1 processors, 5 beams + best of 5, lang = en, task = transcribe, timestamps = 1 ...

output_txt: saving output to '/tmp/vibepaste_recording.wav.txt'

whisper_print_timings:     load time =   368.58 ms
whisper_print_timings:     fallbacks =   0 p /   0 h
whisper_print_timings:      mel time =     1.62 ms
whisper_print_timings:   sample time =     6.74 ms /    49 runs (     0.14 ms per run)
whisper_print_timings:   encode time =   512.27 ms /     1 runs (   512.27 ms per run)
whisper_print_timings:   decode time =     0.00 ms /     1 runs (     0.00 ms per run)
whisper_print_timings:   batchd time =    31.25 ms /    47 runs (     0.66 ms per run)
whisper_print_timings:   prompt time =     0.00 ms /     1 runs (     0.00 ms per run)
whisper_print_timings:    total time =   931.98 ms
ggml_metal_free: deallocating

DEBUG: Transcription result: Hey, can you hear me now?
✅ Transcribed: Hey, can you hear me now?
DEBUG: Pasting text...
DEBUG: Key pressed: Key.cmd. Current keys: {<Key.cmd: <55>>}
DEBUG: Key pressed: 'v'. Current keys: {<Key.cmd: <55>>, 'v'}
📋 Pasted!
DEBUG: Key pressed: Key.space. Current keys: {<Key.space: ' '>}
DEBUG: _on_stop_recording called. is_recording=False
DEBUG: Stop ignored (not recording)
DEBUG: Key pressed: Key.alt_r. Current keys: {<Key.alt_r: <61>>, <Key.space: ' '>}
DEBUG: Overlay process started (PID: 33635)

🔴 Recording... (bs, v3)
Press Space to stop and transcribe
DEBUG: Key pressed: Key.space. Current keys: {<Key.space: ' '>}
DEBUG: _on_stop_recording called. is_recording=True
DEBUG: Hiding overlay (PID: 33635)
DEBUG: _stop_and_transcribe called
DEBUG: Calling audio_recorder.stop_recording...
DEBUG: stop_recording returned True
🎙️  Processing...
DEBUG: Initializing transcriber with model /Users/sanel.zulic/myprojects/whisper.cpp/models/ggml-large-v3.bin
DEBUG: Starting transcription...
DEBUG: Transcriber running command: /Users/sanel.zulic/myprojects/whisper.cpp/build/bin/whisper-cli -m /Users/sanel.zulic/myprojects/whisper.cpp/models/ggml-large-v3.bin -f /tmp/vibepaste_recording.wav -otxt -l bs
DEBUG: Whisper return code: 0
DEBUG: Whisper stdout: 
[00:00:00.000 --> 00:00:03.880]   Da li ovo radi? Možemo li još malo probati?
...
DEBUG: Whisper stderr: whisper_init_from_file_with_params_no_state: loading model from '/Users/sanel.zulic/myprojects/whisper.cpp/models/ggml-large-v3.bin'
whisper_init_with_params_no_state: use gpu    = 1
whisper_init_with_params_no_state: flash attn = 1
whisper_init_with_params_no_state: gpu_device = 0
whisper_init_with_params_no_state: dtw        = 0
ggml_metal_device_init: tensor API disabled for pre-M5 and pre-A19 devices
ggml_metal_library_init: using embedded metal library
ggml_metal_library_init: loaded in 0.007 sec
ggml_metal_rsets_init: creating a residency set collection (keep_alive = 180 s)
ggml_metal_device_init: GPU name:   Apple M4 Pro
ggml_metal_device_init: GPU family: MTLGPUFamilyApple9  (1009)
ggml_metal_device_init: GPU family: MTLGPUFamilyCommon3 (3003)
ggml_metal_device_init: GPU family: MTLGPUFamilyMetal4  (5002)
ggml_metal_device_init: simdgroup reduction   = true
ggml_metal_device_init: simdgroup matrix mul. = true
ggml_metal_device_init: has unified memory    = true
ggml_metal_device_init: has bfloat            = true
ggml_metal_device_init: has tensor            = false
ggml_metal_device_init: use residency sets    = true
ggml_metal_device_init: use shared buffers    = true
ggml_metal_device_init: recommendedMaxWorkingSetSize  = 19069.67 MB
whisper_init_with_params_no_state: devices    = 3
whisper_init_with_params_no_state: backends   = 3
whisper_model_load: loading model
whisper_model_load: n_vocab       = 51866
whisper_model_load: n_audio_ctx   = 1500
whisper_model_load: n_audio_state = 1280
whisper_model_load: n_audio_head  = 20
whisper_model_load: n_audio_layer = 32
whisper_model_load: n_text_ctx    = 448
whisper_model_load: n_text_state  = 1280
whisper_model_load: n_text_head   = 20
whisper_model_load: n_text_layer  = 32
whisper_model_load: n_mels        = 128
whisper_model_load: ftype         = 1
whisper_model_load: qntvr         = 0
whisper_model_load: type          = 5 (large v3)
whisper_model_load: adding 1609 extra tokens
whisper_model_load: n_langs       = 100
whisper_model_load:        Metal total size =  3094.36 MB
whisper_model_load: model size    = 3094.36 MB
whisper_backend_init_gpu: device 0: Metal (type: 1)
whisper_backend_init_gpu: found GPU device 0: Metal (type: 1, cnt: 0)
whisper_backend_init_gpu: using Metal backend
ggml_metal_init: allocating
ggml_metal_init: found device: Apple M4 Pro
ggml_metal_init: picking default device: Apple M4 Pro
ggml_metal_init: use fusion         = true
ggml_metal_init: use concurrency    = true
ggml_metal_init: use graph optimize = true
whisper_backend_init: using BLAS backend
whisper_init_state: kv self size  =   83.89 MB
whisper_init_state: kv cross size =  251.66 MB
whisper_init_state: kv pad  size  =    7.86 MB
whisper_init_state: compute buffer (conv)   =   37.69 MB
whisper_init_state: compute buffer (encode) =   67.31 MB
whisper_init_state: compute buffer (cross)  =   24.63 MB
whisper_init_state: compute buffer (decode) =  100.04 MB

system_info: n_threads = 4 / 12 | WHISPER : COREML = 0 | OPENVINO = 0 | Metal : EMBED_LIBRARY = 1 | CPU : NEON = 1 | ARM_FMA = 1 | FP16_VA = 1 | MATMUL_INT8 = 1 | DOTPROD = 1 | SME = 1 | ACCELERATE = 1 | REPACK = 1 | 

main: processing '/tmp/vibepaste_recording.wav' (62070 samples, 3.9 sec), 4 threads, 1 processors, 5 beams + best of 5, lang = bs, task = transcribe, timestamps = 1 ...

output_txt: saving output to '/tmp/vibepaste_recording.wav.txt'

whisper_print_timings:     load time =  1060.16 ms
whisper_print_timings:     fallbacks =   0 p /   0 h
whisper_print_timings:      mel time =     2.86 ms
whisper_print_timings:   sample time =    13.18 ms /    94 runs (     0.14 ms per run)
whisper_print_timings:   encode time =   584.88 ms /     1 runs (   584.88 ms per run)
whisper_print_timings:   decode time =     0.00 ms /     1 runs (     0.00 ms per run)
whisper_print_timings:   batchd time =   290.33 ms /    92 runs (     3.16 ms per run)
whisper_print_timings:   prompt time =     0.00 ms /     1 runs (     0.00 ms per run)
whisper_print_timings:    total time =  2105.21 ms
ggml_metal_free: deallocating

DEBUG: Transcription result: Da li ovo radi? Možemo li još malo probati?
✅ Transcribed: Da li ovo radi? Možemo li još malo probati?
DEBUG: Pasting text...
DEBUG: Key pressed: Key.cmd. Current keys: {<Key.cmd: <55>>}
DEBUG: Key pressed: 'v'. Current keys: {<Key.cmd: <55>>, 'v'}
📋 Pasted!
DEBUG: Key pressed: Key.cmd. Current keys: {<Key.cmd: <55>>}
DEBUG: Key pressed: 'a'. Current keys: {'a', <Key.cmd: <55>>}
DEBUG: Key pressed: Key.backspace. Current keys: {<Key.backspace: <51>>}
DEBUG: Key pressed: 'n'. Current keys: {'n'}
DEBUG: Key pressed: 'o'. Current keys: {'o'}
DEBUG: Key pressed: 'w'. Current keys: {'w'}
DEBUG: Key pressed: Key.space. Current keys: {<Key.space: ' '>}
DEBUG: _on_stop_recording called. is_recording=False
DEBUG: Stop ignored (not recording)
DEBUG: Key pressed: 'i'. Current keys: {'i'}
DEBUG: Key pressed: 't'. Current keys: {'t'}
DEBUG: Key pressed: Key.space. Current keys: {<Key.space: ' '>}
DEBUG: _on_stop_recording called. is_recording=False
DEBUG: Stop ignored (not recording)
DEBUG: Key pressed: 'w'. Current keys: {'w'}
DEBUG: Key pressed: 'o'. Current keys: {'o'}
DEBUG: Key pressed: 'r'. Current keys: {'r', 'o'}
DEBUG: Key pressed: 'k'. Current keys: {'k'}
DEBUG: Key pressed: 's'. Current keys: {'s'}
DEBUG: Key pressed: Key.space. Current keys: {<Key.space: ' '>}
DEBUG: _on_stop_recording called. is_recording=False
DEBUG: Stop ignored (not recording)
DEBUG: Key pressed: 'f'. Current keys: {'f'}
DEBUG: Key pressed: 'i'. Current keys: {'i'}
DEBUG: Key pressed: 'n'. Current keys: {'n'}
DEBUG: Key pressed: 'a'. Current keys: {'a'}
DEBUG: Key pressed: 'l'. Current keys: {'l'}
DEBUG: Key pressed: 'l'. Current keys: {'l'}
DEBUG: Key pressed: 'y'. Current keys: {'y'}
DEBUG: Key pressed: Key.enter. Current keys: {<Key.enter: <36>>}
DEBUG: Key pressed: Key.alt. Current keys: {<Key.alt: <58>>}
DEBUG: Key pressed: Key.space. Current keys: {<Key.alt: <58>>, <Key.space: ' '>}
DEBUG: Overlay process started (PID: 33735)

🔴 Recording... (English, turbo)
Press Space to stop and transcribe
DEBUG: _on_stop_recording called. is_recording=True
DEBUG: Stop ignored (too soon - debounce protection)
DEBUG: Key pressed: Key.space. Current keys: {<Key.space: ' '>}
DEBUG: _on_stop_recording called. is_recording=True
DEBUG: Hiding overlay (PID: 33735)
DEBUG: _stop_and_transcribe called
DEBUG: Calling audio_recorder.stop_recording...
DEBUG: stop_recording returned True
🎙️  Processing...
DEBUG: Initializing transcriber with model /Users/sanel.zulic/myprojects/whisper.cpp/models/ggml-large-v3-turbo.bin
DEBUG: Starting transcription...
DEBUG: Transcriber running command: /Users/sanel.zulic/myprojects/whisper.cpp/build/bin/whisper-cli -m /Users/sanel.zulic/myprojects/whisper.cpp/models/ggml-large-v3-turbo.bin -f /tmp/vibepaste_recording.wav -otxt
DEBUG: Whisper return code: 0
DEBUG: Whisper stdout: 
[00:00:00.000 --> 00:00:03.840]   Let's try again how it works.
...
DEBUG: Whisper stderr: whisper_init_from_file_with_params_no_state: loading model from '/Users/sanel.zulic/myprojects/whisper.cpp/models/ggml-large-v3-turbo.bin'
whisper_init_with_params_no_state: use gpu    = 1
whisper_init_with_params_no_state: flash attn = 1
whisper_init_with_params_no_state: gpu_device = 0
whisper_init_with_params_no_state: dtw        = 0
ggml_metal_device_init: tensor API disabled for pre-M5 and pre-A19 devices
ggml_metal_library_init: using embedded metal library
ggml_metal_library_init: loaded in 0.010 sec
ggml_metal_rsets_init: creating a residency set collection (keep_alive = 180 s)
ggml_metal_device_init: GPU name:   Apple M4 Pro
ggml_metal_device_init: GPU family: MTLGPUFamilyApple9  (1009)
ggml_metal_device_init: GPU family: MTLGPUFamilyCommon3 (3003)
ggml_metal_device_init: GPU family: MTLGPUFamilyMetal4  (5002)
ggml_metal_device_init: simdgroup reduction   = true
ggml_metal_device_init: simdgroup matrix mul. = true
ggml_metal_device_init: has unified memory    = true
ggml_metal_device_init: has bfloat            = true
ggml_metal_device_init: has tensor            = false
ggml_metal_device_init: use residency sets    = true
ggml_metal_device_init: use shared buffers    = true
ggml_metal_device_init: recommendedMaxWorkingSetSize  = 19069.67 MB
whisper_init_with_params_no_state: devices    = 3
whisper_init_with_params_no_state: backends   = 3
whisper_model_load: loading model
whisper_model_load: n_vocab       = 51866
whisper_model_load: n_audio_ctx   = 1500
whisper_model_load: n_audio_state = 1280
whisper_model_load: n_audio_head  = 20
whisper_model_load: n_audio_layer = 32
whisper_model_load: n_text_ctx    = 448
whisper_model_load: n_text_state  = 1280
whisper_model_load: n_text_head   = 20
whisper_model_load: n_text_layer  = 4
whisper_model_load: n_mels        = 128
whisper_model_load: ftype         = 1
whisper_model_load: qntvr         = 0
whisper_model_load: type          = 5 (large v3)
whisper_model_load: adding 1609 extra tokens
whisper_model_load: n_langs       = 100
whisper_model_load:        Metal total size =  1623.92 MB
whisper_model_load: model size    = 1623.92 MB
whisper_backend_init_gpu: device 0: Metal (type: 1)
whisper_backend_init_gpu: found GPU device 0: Metal (type: 1, cnt: 0)
whisper_backend_init_gpu: using Metal backend
ggml_metal_init: allocating
ggml_metal_init: found device: Apple M4 Pro
ggml_metal_init: picking default device: Apple M4 Pro
ggml_metal_init: use fusion         = true
ggml_metal_init: use concurrency    = true
ggml_metal_init: use graph optimize = true
whisper_backend_init: using BLAS backend
whisper_init_state: kv self size  =   10.49 MB
whisper_init_state: kv cross size =   31.46 MB
whisper_init_state: kv pad  size  =    7.86 MB
whisper_init_state: compute buffer (conv)   =   37.69 MB
whisper_init_state: compute buffer (encode) =   67.31 MB
whisper_init_state: compute buffer (cross)  =   24.63 MB
whisper_init_state: compute buffer (decode) =  100.04 MB

system_info: n_threads = 4 / 12 | WHISPER : COREML = 0 | OPENVINO = 0 | Metal : EMBED_LIBRARY = 1 | CPU : NEON = 1 | ARM_FMA = 1 | FP16_VA = 1 | MATMUL_INT8 = 1 | DOTPROD = 1 | SME = 1 | ACCELERATE = 1 | REPACK = 1 | 

main: processing '/tmp/vibepaste_recording.wav' (61500 samples, 3.8 sec), 4 threads, 1 processors, 5 beams + best of 5, lang = en, task = transcribe, timestamps = 1 ...

output_txt: saving output to '/tmp/vibepaste_recording.wav.txt'

whisper_print_timings:     load time =   420.00 ms
whisper_print_timings:     fallbacks =   0 p /   0 h
whisper_print_timings:      mel time =     1.73 ms
whisper_print_timings:   sample time =     7.13 ms /    52 runs (     0.14 ms per run)
whisper_print_timings:   encode time =   511.40 ms /     1 runs (   511.40 ms per run)
whisper_print_timings:   decode time =     0.00 ms /     1 runs (     0.00 ms per run)
whisper_print_timings:   batchd time =    34.26 ms /    50 runs (     0.69 ms per run)
whisper_print_timings:   prompt time =     0.00 ms /     1 runs (     0.00 ms per run)
whisper_print_timings:    total time =   987.23 ms
ggml_metal_free: deallocating

DEBUG: Transcription result: Let's try again how it works.
✅ Transcribed: Let's try again how it works.
DEBUG: Pasting text...
DEBUG: Key pressed: Key.cmd. Current keys: {<Key.cmd: <55>>}
DEBUG: Key pressed: 'v'. Current keys: {<Key.cmd: <55>>, 'v'}
📋 Pasted!
DEBUG: Key pressed: Key.alt_r. Current keys: {<Key.alt_r: <61>>}
DEBUG: Key pressed: Key.space. Current keys: {<Key.alt_r: <61>>, <Key.space: ' '>}
DEBUG: Overlay process started (PID: 33751)

🔴 Recording... (bs, v3)
Press Space to stop and transcribe
DEBUG: _on_stop_recording called. is_recording=True
DEBUG: Stop ignored (too soon - debounce protection)
DEBUG: Key pressed: Key.space. Current keys: {<Key.space: ' '>}
DEBUG: _on_stop_recording called. is_recording=True
DEBUG: Hiding overlay (PID: 33751)
DEBUG: _stop_and_transcribe called
DEBUG: Calling audio_recorder.stop_recording...
DEBUG: stop_recording returned True
🎙️  Processing...
DEBUG: Initializing transcriber with model /Users/sanel.zulic/myprojects/whisper.cpp/models/ggml-large-v3.bin
DEBUG: Starting transcription...
DEBUG: Transcriber running command: /Users/sanel.zulic/myprojects/whisper.cpp/build/bin/whisper-cli -m /Users/sanel.zulic/myprojects/whisper.cpp/models/ggml-large-v3.bin -f /tmp/vibepaste_recording.wav -otxt -l bs
DEBUG: Whisper return code: 0
DEBUG: Whisper stdout: 
[00:00:00.000 --> 00:00:04.320]   da probam još jednom kako ovo radi
...
DEBUG: Whisper stderr: whisper_init_from_file_with_params_no_state: loading model from '/Users/sanel.zulic/myprojects/whisper.cpp/models/ggml-large-v3.bin'
whisper_init_with_params_no_state: use gpu    = 1
whisper_init_with_params_no_state: flash attn = 1
whisper_init_with_params_no_state: gpu_device = 0
whisper_init_with_params_no_state: dtw        = 0
ggml_metal_device_init: tensor API disabled for pre-M5 and pre-A19 devices
ggml_metal_library_init: using embedded metal library
ggml_metal_library_init: loaded in 0.010 sec
ggml_metal_rsets_init: creating a residency set collection (keep_alive = 180 s)
ggml_metal_device_init: GPU name:   Apple M4 Pro
ggml_metal_device_init: GPU family: MTLGPUFamilyApple9  (1009)
ggml_metal_device_init: GPU family: MTLGPUFamilyCommon3 (3003)
ggml_metal_device_init: GPU family: MTLGPUFamilyMetal4  (5002)
ggml_metal_device_init: simdgroup reduction   = true
ggml_metal_device_init: simdgroup matrix mul. = true
ggml_metal_device_init: has unified memory    = true
ggml_metal_device_init: has bfloat            = true
ggml_metal_device_init: has tensor            = false
ggml_metal_device_init: use residency sets    = true
ggml_metal_device_init: use shared buffers    = true
ggml_metal_device_init: recommendedMaxWorkingSetSize  = 19069.67 MB
whisper_init_with_params_no_state: devices    = 3
whisper_init_with_params_no_state: backends   = 3
whisper_model_load: loading model
whisper_model_load: n_vocab       = 51866
whisper_model_load: n_audio_ctx   = 1500
whisper_model_load: n_audio_state = 1280
whisper_model_load: n_audio_head  = 20
whisper_model_load: n_audio_layer = 32
whisper_model_load: n_text_ctx    = 448
whisper_model_load: n_text_state  = 1280
whisper_model_load: n_text_head   = 20
whisper_model_load: n_text_layer  = 32
whisper_model_load: n_mels        = 128
whisper_model_load: ftype         = 1
whisper_model_load: qntvr         = 0
whisper_model_load: type          = 5 (large v3)
whisper_model_load: adding 1609 extra tokens
whisper_model_load: n_langs       = 100
whisper_model_load:        Metal total size =  3094.36 MB
whisper_model_load: model size    = 3094.36 MB
whisper_backend_init_gpu: device 0: Metal (type: 1)
whisper_backend_init_gpu: found GPU device 0: Metal (type: 1, cnt: 0)
whisper_backend_init_gpu: using Metal backend
ggml_metal_init: allocating
ggml_metal_init: found device: Apple M4 Pro
ggml_metal_init: picking default device: Apple M4 Pro
ggml_metal_init: use fusion         = true
ggml_metal_init: use concurrency    = true
ggml_metal_init: use graph optimize = true
whisper_backend_init: using BLAS backend
whisper_init_state: kv self size  =   83.89 MB
whisper_init_state: kv cross size =  251.66 MB
whisper_init_state: kv pad  size  =    7.86 MB
whisper_init_state: compute buffer (conv)   =   37.69 MB
whisper_init_state: compute buffer (encode) =   67.31 MB
whisper_init_state: compute buffer (cross)  =   24.63 MB
whisper_init_state: compute buffer (decode) =  100.04 MB

system_info: n_threads = 4 / 12 | WHISPER : COREML = 0 | OPENVINO = 0 | Metal : EMBED_LIBRARY = 1 | CPU : NEON = 1 | ARM_FMA = 1 | FP16_VA = 1 | MATMUL_INT8 = 1 | DOTPROD = 1 | SME = 1 | ACCELERATE = 1 | REPACK = 1 | 

main: processing '/tmp/vibepaste_recording.wav' (69165 samples, 4.3 sec), 4 threads, 1 processors, 5 beams + best of 5, lang = bs, task = transcribe, timestamps = 1 ...

output_txt: saving output to '/tmp/vibepaste_recording.wav.txt'

whisper_print_timings:     load time =   698.03 ms
whisper_print_timings:     fallbacks =   0 p /   0 h
whisper_print_timings:      mel time =     2.55 ms
whisper_print_timings:   sample time =    10.79 ms /    73 runs (     0.15 ms per run)
whisper_print_timings:   encode time =   584.47 ms /     1 runs (   584.47 ms per run)
whisper_print_timings:   decode time =     0.00 ms /     1 runs (     0.00 ms per run)
whisper_print_timings:   batchd time =   229.59 ms /    71 runs (     3.23 ms per run)
whisper_print_timings:   prompt time =     0.00 ms /     1 runs (     0.00 ms per run)
whisper_print_timings:    total time =  1667.75 ms
ggml_metal_free: deallocating

DEBUG: Transcription result: da probam još jednom kako ovo radi
✅ Transcribed: da probam još jednom kako ovo radi
DEBUG: Pasting text...
DEBUG: Key pressed: Key.cmd. Current keys: {<Key.cmd: <55>>}
DEBUG: Key pressed: 'v'. Current keys: {<Key.cmd: <55>>, 'v'}
📋 Pasted!
DEBUG: Key pressed: Key.cmd. Current keys: {<Key.cmd: <55>>}
DEBUG: Key pressed: 'a'. Current keys: {'a', <Key.cmd: <55>>}
DEBUG: Key pressed: Key.backspace. Current keys: {<Key.backspace: <51>>}
DEBUG: Key pressed: 'c'. Current keys: {'c'}
DEBUG: Key pressed: 'a'. Current keys: {'a'}
DEBUG: Key pressed: 'n'. Current keys: {'n'}
DEBUG: Key pressed: Key.space. Current keys: {<Key.space: ' '>}
DEBUG: _on_stop_recording called. is_recording=False
DEBUG: Stop ignored (not recording)
DEBUG: Key pressed: 'y'. Current keys: {'y'}
DEBUG: Key pressed: 'o'. Current keys: {'o'}
DEBUG: Key pressed: 'u'. Current keys: {'u'}
DEBUG: Key pressed: Key.space. Current keys: {<Key.space: ' '>}
DEBUG: _on_stop_recording called. is_recording=False
DEBUG: Stop ignored (not recording)
DEBUG: Key pressed: 'j'. Current keys: {'j'}
DEBUG: Key pressed: 'u'. Current keys: {'u'}
DEBUG: Key pressed: 's'. Current keys: {'s'}
DEBUG: Key pressed: 't'. Current keys: {'t'}
DEBUG: Key pressed: Key.space. Current keys: {<Key.space: ' '>}
DEBUG: _on_stop_recording called. is_recording=False
DEBUG: Stop ignored (not recording)
DEBUG: Key pressed: 'c'. Current keys: {'c'}
DEBUG: Key pressed: 'h'. Current keys: {'h'}
DEBUG: Key pressed: 'e'. Current keys: {'e'}
DEBUG: Key pressed: 'c'. Current keys: {'c'}
DEBUG: Key pressed: 'k'. Current keys: {'c', 'k'}
DEBUG: Key pressed: Key.space. Current keys: {<Key.space: ' '>}
DEBUG: _on_stop_recording called. is_recording=False
DEBUG: Stop ignored (not recording)
DEBUG: Key pressed: 'a'. Current keys: {'a'}
DEBUG: Key pressed: 'r'. Current keys: {'r'}
DEBUG: Key pressed: 'e'. Current keys: {'e'}
DEBUG: Key pressed: Key.space. Current keys: {<Key.space: ' '>}
DEBUG: _on_stop_recording called. is_recording=False
DEBUG: Stop ignored (not recording)
DEBUG: Key pressed: 't'. Current keys: {'t'}
DEBUG: Key pressed: 'h'. Current keys: {'h'}
DEBUG: Key pressed: 'e'. Current keys: {'e'}
DEBUG: Key pressed: 'r'. Current keys: {'r'}
DEBUG: Key pressed: 'e'. Current keys: {'e'}
DEBUG: Key pressed: Key.space. Current keys: {<Key.space: ' '>}
DEBUG: _on_stop_recording called. is_recording=False
DEBUG: Stop ignored (not recording)
DEBUG: Key pressed: 'a'. Current keys: {'a'}
DEBUG: Key pressed: 'n'. Current keys: {'n'}
DEBUG: Key pressed: 'y'. Current keys: {'y'}
DEBUG: Key pressed: Key.space. Current keys: {<Key.space: ' '>}
DEBUG: _on_stop_recording called. is_recording=False
DEBUG: Stop ignored (not recording)
DEBUG: Key pressed: 'm'. Current keys: {'m'}
DEBUG: Key pressed: 'e'. Current keys: {'e'}
DEBUG: Key pressed: 'm'. Current keys: {'m'}
DEBUG: Key pressed: 'o'. Current keys: {'o'}
DEBUG: Key pressed: 'r'. Current keys: {'r'}
DEBUG: Key pressed: 'y'. Current keys: {'y'}
DEBUG: Key pressed: Key.space. Current keys: {<Key.space: ' '>}
DEBUG: _on_stop_recording called. is_recording=False
DEBUG: Stop ignored (not recording)
DEBUG: Key pressed: 'l'. Current keys: {'l'}
DEBUG: Key pressed: 'e'. Current keys: {'e'}
DEBUG: Key pressed: 'a'. Current keys: {'a'}
DEBUG: Key pressed: 'k'. Current keys: {'k'}
DEBUG: Key pressed: 's'. Current keys: {'s'}
DEBUG: Key pressed: Key.space. Current keys: {<Key.space: ' '>}
DEBUG: _on_stop_recording called. is_recording=False
DEBUG: Stop ignored (not recording)
DEBUG: Key pressed: 'a'. Current keys: {'a'}
DEBUG: Key pressed: 'n'. Current keys: {'n'}
DEBUG: Key pressed: 'd'. Current keys: {'d'}
DEBUG: Key pressed: Key.space. Current keys: {<Key.space: ' '>}
DEBUG: _on_stop_recording called. is_recording=False
DEBUG: Stop ignored (not recording)
DEBUG: Key pressed: <177>. Current keys: {<177>}
DEBUG: Key pressed: 'a'. Current keys: {'a'}
DEBUG: Key pressed: 'c'. Current keys: {'c'}
DEBUG: Key pressed: 't'. Current keys: {'t'}
DEBUG: Key pressed: 'i'. Current keys: {'i'}
DEBUG: Key pressed: 'v'. Current keys: {'v'}
DEBUG: Key pressed: 'i'. Current keys: {'i'}
DEBUG: Key pressed: 't'. Current keys: {'t'}
DEBUG: Key pressed: 'v'. Current keys: {'v'}
DEBUG: Key pressed: 'i'. Current keys: {'i'}
DEBUG: Key pressed: 'b'. Current keys: {'b'}
DEBUG: Key pressed: 'e'. Current keys: {'e'}
DEBUG: Key pressed: 't'. Current keys: {'t'}
DEBUG: Key pressed: Key.backspace. Current keys: {<Key.backspace: <51>>}
DEBUG: Key pressed: Key.backspace. Current keys: {<Key.backspace: <51>>}
DEBUG: Key pressed: Key.backspace. Current keys: {<Key.backspace: <51>>}
DEBUG: Key pressed: Key.backspace. Current keys: {<Key.backspace: <51>>}
DEBUG: Key pressed: Key.backspace. Current keys: {<Key.backspace: <51>>}
DEBUG: Key pressed: Key.backspace. Current keys: {<Key.backspace: <51>>}
DEBUG: Key pressed: Key.backspace. Current keys: {<Key.backspace: <51>>}
DEBUG: Key pressed: 'v'. Current keys: {'v'}
DEBUG: Key pressed: 'i'. Current keys: {'i'}
DEBUG: Key pressed: 'b'. Current keys: {'b'}
DEBUG: Key pressed: 'e'. Current keys: {'e'}
DEBUG: Key pressed: 'p'. Current keys: {'p'}
DEBUG: Key pressed: 'a'. Current keys: {'a'}
DEBUG: Key pressed: 's'. Current keys: {'s'}
DEBUG: Key pressed: 't'. Current keys: {'t'}
DEBUG: Key pressed: 'e'. Current keys: {'e'}
DEBUG: Key pressed: Key.backspace. Current keys: {<Key.backspace: <51>>}
DEBUG: Key pressed: Key.backspace. Current keys: {<Key.backspace: <51>>}
DEBUG: Key pressed: Key.backspace. Current keys: {<Key.backspace: <51>>}
DEBUG: Key pressed: Key.backspace. Current keys: {<Key.backspace: <51>>}
DEBUG: Key pressed: Key.backspace. Current keys: {<Key.backspace: <51>>}
DEBUG: Key pressed: Key.backspace. Current keys: {<Key.backspace: <51>>}
DEBUG: Key pressed: Key.backspace. Current keys: {<Key.backspace: <51>>}
DEBUG: Key pressed: Key.backspace. Current keys: {<Key.backspace: <51>>}
DEBUG: Key pressed: Key.backspace. Current keys: {<Key.backspace: <51>>}
DEBUG: Key pressed: 'p'. Current keys: {'p'}
DEBUG: Key pressed: 'y'. Current keys: {'y'}
DEBUG: Key pressed: 't'. Current keys: {'t'}
DEBUG: Key pressed: 'h'. Current keys: {'h'}
DEBUG: Key pressed: 'o'. Current keys: {'o'}
DEBUG: Key pressed: 'n'. Current keys: {'n'}
DEBUG: Key pressed: Key.backspace. Current keys: {<Key.backspace: <51>>}
DEBUG: Key pressed: Key.alt. Current keys: {<Key.alt: <58>>}
DEBUG: Key pressed: Key.space. Current keys: {<Key.alt: <58>>, <Key.space: ' '>}
DEBUG: Overlay process started (PID: 33978)

🔴 Recording... (English, turbo)
Press Space to stop and transcribe
DEBUG: _on_stop_recording called. is_recording=True
DEBUG: Stop ignored (too soon - debounce protection)
DEBUG: Key pressed: Key.space. Current keys: {<Key.space: ' '>}
DEBUG: _on_stop_recording called. is_recording=True
DEBUG: Hiding overlay (PID: 33978)
DEBUG: _stop_and_transcribe called
DEBUG: Calling audio_recorder.stop_recording...
DEBUG: stop_recording returned True
🎙️  Processing...
DEBUG: Initializing transcriber with model /Users/sanel.zulic/myprojects/whisper.cpp/models/ggml-large-v3-turbo.bin
DEBUG: Starting transcription...
DEBUG: Transcriber running command: /Users/sanel.zulic/myprojects/whisper.cpp/build/bin/whisper-cli -m /Users/sanel.zulic/myprojects/whisper.cpp/models/ggml-large-v3-turbo.bin -f /tmp/vibepaste_recording.wav -otxt
DEBUG: Whisper return code: 0
DEBUG: Whisper stdout: 
[00:00:00.000 --> 00:00:13.320]   Let's test it once more. Do you hear me? Can you hear me? Do you recognize my voice? I'm trying to test does my Y-Base program works.
...
DEBUG: Whisper stderr: whisper_init_from_file_with_params_no_state: loading model from '/Users/sanel.zulic/myprojects/whisper.cpp/models/ggml-large-v3-turbo.bin'
whisper_init_with_params_no_state: use gpu    = 1
whisper_init_with_params_no_state: flash attn = 1
whisper_init_with_params_no_state: gpu_device = 0
whisper_init_with_params_no_state: dtw        = 0
ggml_metal_device_init: tensor API disabled for pre-M5 and pre-A19 devices
ggml_metal_library_init: using embedded metal library
ggml_metal_library_init: loaded in 0.009 sec
ggml_metal_rsets_init: creating a residency set collection (keep_alive = 180 s)
ggml_metal_device_init: GPU name:   Apple M4 Pro
ggml_metal_device_init: GPU family: MTLGPUFamilyApple9  (1009)
ggml_metal_device_init: GPU family: MTLGPUFamilyCommon3 (3003)
ggml_metal_device_init: GPU family: MTLGPUFamilyMetal4  (5002)
ggml_metal_device_init: simdgroup reduction   = true
ggml_metal_device_init: simdgroup matrix mul. = true
ggml_metal_device_init: has unified memory    = true
ggml_metal_device_init: has bfloat            = true
ggml_metal_device_init: has tensor            = false
ggml_metal_device_init: use residency sets    = true
ggml_metal_device_init: use shared buffers    = true
ggml_metal_device_init: recommendedMaxWorkingSetSize  = 19069.67 MB
whisper_init_with_params_no_state: devices    = 3
whisper_init_with_params_no_state: backends   = 3
whisper_model_load: loading model
whisper_model_load: n_vocab       = 51866
whisper_model_load: n_audio_ctx   = 1500
whisper_model_load: n_audio_state = 1280
whisper_model_load: n_audio_head  = 20
whisper_model_load: n_audio_layer = 32
whisper_model_load: n_text_ctx    = 448
whisper_model_load: n_text_state  = 1280
whisper_model_load: n_text_head   = 20
whisper_model_load: n_text_layer  = 4
whisper_model_load: n_mels        = 128
whisper_model_load: ftype         = 1
whisper_model_load: qntvr         = 0
whisper_model_load: type          = 5 (large v3)
whisper_model_load: adding 1609 extra tokens
whisper_model_load: n_langs       = 100
whisper_model_load:        Metal total size =  1623.92 MB
whisper_model_load: model size    = 1623.92 MB
whisper_backend_init_gpu: device 0: Metal (type: 1)
whisper_backend_init_gpu: found GPU device 0: Metal (type: 1, cnt: 0)
whisper_backend_init_gpu: using Metal backend
ggml_metal_init: allocating
ggml_metal_init: found device: Apple M4 Pro
ggml_metal_init: picking default device: Apple M4 Pro
ggml_metal_init: use fusion         = true
ggml_metal_init: use concurrency    = true
ggml_metal_init: use graph optimize = true
whisper_backend_init: using BLAS backend
whisper_init_state: kv self size  =   10.49 MB
whisper_init_state: kv cross size =   31.46 MB
whisper_init_state: kv pad  size  =    7.86 MB
whisper_init_state: compute buffer (conv)   =   37.69 MB
whisper_init_state: compute buffer (encode) =   67.31 MB
whisper_init_state: compute buffer (cross)  =   24.63 MB
whisper_init_state: compute buffer (decode) =  100.04 MB

system_info: n_threads = 4 / 12 | WHISPER : COREML = 0 | OPENVINO = 0 | Metal : EMBED_LIBRARY = 1 | CPU : NEON = 1 | ARM_FMA = 1 | FP16_VA = 1 | MATMUL_INT8 = 1 | DOTPROD = 1 | SME = 1 | ACCELERATE = 1 | REPACK = 1 | 

main: processing '/tmp/vibepaste_recording.wav' (236490 samples, 14.8 sec), 4 threads, 1 processors, 5 beams + best of 5, lang = en, task = transcribe, timestamps = 1 ...

output_txt: saving output to '/tmp/vibepaste_recording.wav.txt'

whisper_print_timings:     load time =   434.01 ms
whisper_print_timings:     fallbacks =   0 p /   0 h
whisper_print_timings:      mel time =     4.41 ms
whisper_print_timings:   sample time =    28.80 ms /   200 runs (     0.14 ms per run)
whisper_print_timings:   encode time =   512.36 ms /     1 runs (   512.36 ms per run)
whisper_print_timings:   decode time =     0.00 ms /     1 runs (     0.00 ms per run)
whisper_print_timings:   batchd time =   111.88 ms /   198 runs (     0.57 ms per run)
whisper_print_timings:   prompt time =     0.00 ms /     1 runs (     0.00 ms per run)
whisper_print_timings:    total time =  1109.01 ms
ggml_metal_free: deallocating

DEBUG: Transcription result: Let's test it once more. Do you hear me? Can you hear me? Do you recognize my voice? I'm trying to test does my Y-Base program works.
✅ Transcribed: Let's test it once more. Do you hear me? Can you hear me? Do you recognize my voice? I'm trying to test does my Y-Base program works.
DEBUG: Pasting text...
DEBUG: Key pressed: Key.cmd. Current keys: {<Key.cmd: <55>>}
DEBUG: Key pressed: 'v'. Current keys: {<Key.cmd: <55>>, 'v'}
📋 Pasted!
DEBUG: Key pressed: Key.backspace. Current keys: {<Key.backspace: <51>>}
DEBUG: Key pressed: 'a'. Current keys: {'a'}
DEBUG: Key pressed: Key.esc. Current keys: {<Key.esc: <53>>}
DEBUG: Key pressed: <160>. Current keys: {<160>}
DEBUG: Key pressed: <160>. Current keys: {<160>}
DEBUG: Key pressed: <160>. Current keys: {<160>}
DEBUG: Key pressed: <160>. Current keys: {<160>}
DEBUG: Key pressed: <177>. Current keys: {<177>}
DEBUG: Key pressed: 'o'. Current keys: {'o'}
DEBUG: Key pressed: 'w'. Current keys: {'w'}
DEBUG: Key pressed: 'l'. Current keys: {'l'}
DEBUG: Key pressed: 'y'. Current keys: {'y'}
DEBUG: Key pressed: 'c'. Current keys: {'c'}
DEBUG: Key pressed: 'h'. Current keys: {'c', 'h'}
DEBUG: Key pressed: 'a'. Current keys: {'a'}
DEBUG: Key pressed: 'c'. Current keys: {'c'}
DEBUG: Key pressed: 'h'. Current keys: {'h'}
DEBUG: Key pressed: 'a'. Current keys: {'a'}
DEBUG: Key pressed: 'c'. Current keys: {'c'}
DEBUG: Key pressed: 'l'. Current keys: {'l'}
DEBUG: Key pressed: 'a'. Current keys: {'a'}
DEBUG: Key pressed: 'u'. Current keys: {'u'}
DEBUG: Key pressed: Key.right. Current keys: {<Key.right: <124>>}
DEBUG: Key pressed: Key.enter. Current keys: {<Key.enter: <36>>}
DEBUG: Key pressed: '/'. Current keys: {'/'}
DEBUG: Key pressed: 'u'. Current keys: {'u'}
DEBUG: Key pressed: 's'. Current keys: {'s'}
DEBUG: Key pressed: 'a'. Current keys: {'a'}
DEBUG: Key pressed: 'g'. Current keys: {'g'}
DEBUG: Key pressed: 'e'. Current keys: {'e'}
DEBUG: Key pressed: Key.enter. Current keys: {<Key.enter: <36>>}
DEBUG: Key pressed: 'k'. Current keys: {'k'}
DEBUG: Key pressed: 'l'. Current keys: {'l'}
DEBUG: Key pressed: Key.cmd. Current keys: {<Key.cmd: <55>>}
DEBUG: Key pressed: 'f'. Current keys: {'f'}
DEBUG: Key pressed: 'a'. Current keys: {'a'}
DEBUG: Key pressed: 'c'. Current keys: {'c'}
DEBUG: Key pressed: 'e'. Current keys: {'e'}
DEBUG: Key pressed: Key.backspace. Current keys: {<Key.backspace: <51>>}
DEBUG: Key pressed: Key.backspace. Current keys: {<Key.backspace: <51>>}
DEBUG: Key pressed: Key.backspace. Current keys: {<Key.backspace: <51>>}
DEBUG: Key pressed: Key.backspace. Current keys: {<Key.backspace: <51>>}
DEBUG: Key pressed: Key.backspace. Current keys: {<Key.backspace: <51>>}
DEBUG: Key pressed: Key.backspace. Current keys: {<Key.backspace: <51>>}
DEBUG: Key pressed: Key.cmd. Current keys: {<Key.cmd: <55>>}
DEBUG: Key pressed: 'f'. Current keys: {'f'}
DEBUG: Key pressed: 'a'. Current keys: {'a'}
DEBUG: Key pressed: 't'. Current keys: {'t'}
DEBUG: Key pressed: 'r'. Current keys: {'r'}
DEBUG: Key pressed: 'e'. Current keys: {'e'}
DEBUG: Key pressed: 'b'. Current keys: {'b'}
DEBUG: Key pressed: 'a'. Current keys: {'a'}
DEBUG: Key pressed: Key.space. Current keys: {<Key.space: ' '>}
DEBUG: _on_stop_recording called. is_recording=False
DEBUG: Stop ignored (not recording)
DEBUG: Key pressed: 'm'. Current keys: {'m'}
DEBUG: Key pressed: 'i'. Current keys: {'i'}
DEBUG: Key pressed: Key.space. Current keys: {<Key.space: ' '>}
DEBUG: _on_stop_recording called. is_recording=False
DEBUG: Stop ignored (not recording)
DEBUG: Key pressed: 'd'. Current keys: {'d'}
DEBUG: Key pressed: 'o'. Current keys: {'o'}
DEBUG: Key pressed: 'd'. Current keys: {'d', 'o'}
DEBUG: Key pressed: 'a'. Current keys: {'a', 'd'}
DEBUG: Key pressed: 't'. Current keys: {'t'}
DEBUG: Key pressed: 'n'. Current keys: {'n'}
DEBUG: Key pressed: 'o'. Current keys: {'o'}
DEBUG: Key pressed: Key.space. Current keys: {<Key.space: ' '>}
DEBUG: _on_stop_recording called. is_recording=False
DEBUG: Stop ignored (not recording)
DEBUG: Key pressed: 'p'. Current keys: {'p'}
DEBUG: Key pressed: 'o'. Current keys: {'o'}
DEBUG: Key pressed: 'j'. Current keys: {'j'}
DEBUG: Key pressed: 'a'. Current keys: {'j', 'a'}
DEBUG: Key pressed: 's'. Current keys: {'s'}
DEBUG: Key pressed: 'n'. Current keys: {'n'}
DEBUG: Key pressed: 'j'. Current keys: {'j'}
DEBUG: Key pressed: 'e'. Current keys: {'e'}
DEBUG: Key pressed: 'n'. Current keys: {'n'}
DEBUG: Key pressed: 'j'. Current keys: {'j'}
DEBUG: Key pressed: 'e'. Current keys: {'j', 'e'}
DEBUG: Key pressed: Key.space. Current keys: {<Key.space: ' '>}
DEBUG: _on_stop_recording called. is_recording=False
DEBUG: Stop ignored (not recording)
DEBUG: Key pressed: 'z'. Current keys: {'z'}
DEBUG: Key pressed: 'a'. Current keys: {'a'}
DEBUG: Key pressed: Key.space. Current keys: {<Key.space: ' '>}
DEBUG: _on_stop_recording called. is_recording=False
DEBUG: Stop ignored (not recording)
DEBUG: Key pressed: 'c'. Current keys: {'c'}
DEBUG: Key pressed: 'i'. Current keys: {'i'}
DEBUG: Key pressed: 'r'. Current keys: {'r'}
DEBUG: Key pressed: 'c'. Current keys: {'c'}
DEBUG: Key pressed: 'u'. Current keys: {'u'}
DEBUG: Key pressed: 'i'. Current keys: {'i'}
DEBUG: Key pressed: 't'. Current keys: {'t'}
DEBUG: Key pressed: Key.space. Current keys: {<Key.space: ' '>}
DEBUG: _on_stop_recording called. is_recording=False
DEBUG: Stop ignored (not recording)
DEBUG: Key pressed: 'b'. Current keys: {'b'}
DEBUG: Key pressed: 'r'. Current keys: {'r'}
DEBUG: Key pressed: 'e'. Current keys: {'e'}
DEBUG: Key pressed: 'a'. Current keys: {'a'}
DEBUG: Key pressed: 'k'. Current keys: {'k'}
DEBUG: Key pressed: 'e'. Current keys: {'e'}
DEBUG: Key pressed: 'r'. Current keys: {'r'}
DEBUG: Key pressed: '.'. Current keys: {'.'}
DEBUG: Key pressed: Key.space. Current keys: {<Key.space: ' '>}
DEBUG: _on_stop_recording called. is_recording=False
DEBUG: Stop ignored (not recording)
DEBUG: Key pressed: 'k'. Current keys: {'k'}
DEBUG: Key pressed: 'a'. Current keys: {'a'}
DEBUG: Key pressed: 'k'. Current keys: {'k'}
DEBUG: Key pressed: 'o'. Current keys: {'o'}
DEBUG: Key pressed: Key.space. Current keys: {<Key.space: ' '>}
DEBUG: _on_stop_recording called. is_recording=False
DEBUG: Stop ignored (not recording)
DEBUG: Key pressed: 't'. Current keys: {'t'}
DEBUG: Key pressed: 'o'. Current keys: {'o'}
DEBUG: Key pressed: Key.space. Current keys: {<Key.space: ' '>}
DEBUG: _on_stop_recording called. is_recording=False
DEBUG: Stop ignored (not recording)
DEBUG: Key pressed: 'u'. Current keys: {'u'}
DEBUG: Key pressed: Key.space. Current keys: {<Key.space: ' '>}
DEBUG: _on_stop_recording called. is_recording=False
DEBUG: Stop ignored (not recording)
DEBUG: Key pressed: 'p'. Current keys: {'p'}
DEBUG: Key pressed: 'r'. Current keys: {'r'}
DEBUG: Key pressed: 'a'. Current keys: {'a'}
DEBUG: Key pressed: 's'. Current keys: {'s'}
DEBUG: Key pressed: 'k'. Current keys: {'k'}
DEBUG: Key pressed: 'i'. Current keys: {'i'}
DEBUG: Key pressed: Key.space. Current keys: {<Key.space: ' '>}
DEBUG: _on_stop_recording called. is_recording=False
DEBUG: Stop ignored (not recording)
DEBUG: Key pressed: 'r'. Current keys: {'r'}
DEBUG: Key pressed: 'a'. Current keys: {'a'}
DEBUG: Key pressed: 'd'. Current keys: {'d'}
DEBUG: Key pressed: 'i'. Current keys: {'i'}
DEBUG: Key pressed: Key.space. Current keys: {<Key.space: ' '>}
DEBUG: _on_stop_recording called. is_recording=False
DEBUG: Stop ignored (not recording)
DEBUG: Key pressed: 'k'. Current keys: {'k'}
DEBUG: Key pressed: 'a'. Current keys: {'a'}
DEBUG: Key pressed: 'd'. Current keys: {'d'}
DEBUG: Key pressed: Key.space. Current keys: {<Key.space: ' '>}
DEBUG: _on_stop_recording called. is_recording=False
DEBUG: Stop ignored (not recording)
DEBUG: Key pressed: 'r'. Current keys: {'r'}
DEBUG: Key pressed: 'e'. Current keys: {'e'}
DEBUG: Key pressed: 'c'. Current keys: {'c'}
DEBUG: Key pressed: 'i'. Current keys: {'i'}
DEBUG: Key pressed: 'm'. Current keys: {'m'}
DEBUG: Key pressed: 'o'. Current keys: {'o'}
DEBUG: Key pressed: Key.space. Current keys: {<Key.space: ' '>}
DEBUG: _on_stop_recording called. is_recording=False
DEBUG: Stop ignored (not recording)
DEBUG: Key pressed: '1'. Current keys: {'1'}
DEBUG: Key pressed: '0'. Current keys: {'0'}
DEBUG: Key pressed: '0'. Current keys: {'0'}
DEBUG: Key pressed: Key.space. Current keys: {<Key.space: ' '>}
DEBUG: _on_stop_recording called. is_recording=False
DEBUG: Stop ignored (not recording)
DEBUG: Key pressed: 'u'. Current keys: {'u'}
DEBUG: Key pressed: 's'. Current keys: {'s'}
DEBUG: Key pressed: 'e'. Current keys: {'e'}
DEBUG: Key pressed: 'r'. Current keys: {'r'}
DEBUG: Key pressed: 'a'. Current keys: {'a'}
DEBUG: Key pressed: Key.space. Current keys: {<Key.space: ' '>}
DEBUG: _on_stop_recording called. is_recording=False
DEBUG: Stop ignored (not recording)
DEBUG: Key pressed: 'p'. Current keys: {'p'}
DEBUG: Key pressed: 'r'. Current keys: {'r'}
DEBUG: Key pressed: 'i'. Current keys: {'i'}
DEBUG: Key pressed: 's'. Current keys: {'s'}
DEBUG: Key pressed: 't'. Current keys: {'t'}
DEBUG: Key pressed: 'u'. Current keys: {'u'}
DEBUG: Key pressed: 'p'. Current keys: {'p'}
DEBUG: Key pressed: 'a'. Current keys: {'a', 'p'}
DEBUG: Key pressed: Key.space. Current keys: {<Key.space: ' '>}
DEBUG: _on_stop_recording called. is_recording=False
DEBUG: Stop ignored (not recording)
DEBUG: Key pressed: 'n'. Current keys: {'n'}
DEBUG: Key pressed: 'e'. Current keys: {'e'}
DEBUG: Key pressed: 'k'. Current keys: {'k'}
DEBUG: Key pressed: 'o'. Current keys: {'o'}
DEBUG: Key pressed: 'm'. Current keys: {'m'}
DEBUG: Key pressed: Key.space. Current keys: {<Key.space: ' '>}
DEBUG: _on_stop_recording called. is_recording=False
DEBUG: Stop ignored (not recording)
DEBUG: Key pressed: 's'. Current keys: {'s'}
DEBUG: Key pressed: 'e'. Current keys: {'e'}
DEBUG: Key pressed: 'r'. Current keys: {'r'}
DEBUG: Key pressed: 'v'. Current keys: {'v'}
DEBUG: Key pressed: 'i'. Current keys: {'i'}
DEBUG: Key pressed: 's'. Current keys: {'s'}
DEBUG: Key pressed: 'u'. Current keys: {'u'}
DEBUG: Key pressed: '.'. Current keys: {'.'}
DEBUG: Key pressed: Key.space. Current keys: {<Key.space: ' '>}
DEBUG: _on_stop_recording called. is_recording=False
DEBUG: Stop ignored (not recording)
DEBUG: Key pressed: 'd'. Current keys: {'d'}
DEBUG: Key pressed: 'a'. Current keys: {'a'}
DEBUG: Key pressed: Key.space. Current keys: {<Key.space: ' '>}
DEBUG: _on_stop_recording called. is_recording=False
DEBUG: Stop ignored (not recording)
DEBUG: Key pressed: 'l'. Current keys: {'l'}
DEBUG: Key pressed: 'i'. Current keys: {'i'}
DEBUG: Key pressed: Key.space. Current keys: {<Key.space: ' '>}
DEBUG: _on_stop_recording called. is_recording=False
DEBUG: Stop ignored (not recording)
DEBUG: Key pressed: 'c'. Current keys: {'c'}
DEBUG: Key pressed: 'i'. Current keys: {'i'}
DEBUG: Key pressed: 'r'. Current keys: {'r'}
DEBUG: Key pressed: 'c'. Current keys: {'c'}
DEBUG: Key pressed: 'u'. Current keys: {'u'}
DEBUG: Key pressed: 'i'. Current keys: {'i'}
DEBUG: Key pressed: 't'. Current keys: {'t'}
DEBUG: Key pressed: Key.space. Current keys: {<Key.space: ' '>}
DEBUG: _on_stop_recording called. is_recording=False
DEBUG: Stop ignored (not recording)
DEBUG: Key pressed: 'b'. Current keys: {'b'}
DEBUG: Key pressed: 'r'. Current keys: {'r'}
DEBUG: Key pressed: 'e'. Current keys: {'e'}
DEBUG: Key pressed: 'a'. Current keys: {'a'}
DEBUG: Key pressed: 'k'. Current keys: {'k'}
DEBUG: Key pressed: 'e'. Current keys: {'e'}
DEBUG: Key pressed: 'r'. Current keys: {'r'}
DEBUG: Key pressed: Key.space. Current keys: {<Key.space: ' '>}
DEBUG: _on_stop_recording called. is_recording=False
DEBUG: Stop ignored (not recording)
DEBUG: Key pressed: 'r'. Current keys: {'r'}
DEBUG: Key pressed: 'a'. Current keys: {'a'}
DEBUG: Key pressed: 'd'. Current keys: {'d'}
DEBUG: Key pressed: 'i'. Current keys: {'i'}
DEBUG: Key pressed: Key.backspace. Current keys: {<Key.backspace: <51>>}
DEBUG: Key pressed: Key.backspace. Current keys: {<Key.backspace: <51>>}
DEBUG: Key pressed: Key.backspace. Current keys: {<Key.backspace: <51>>}
DEBUG: Key pressed: Key.backspace. Current keys: {<Key.backspace: <51>>}
DEBUG: Key pressed: 'b'. Current keys: {'b'}
DEBUG: Key pressed: 'r'. Current keys: {'r'}
DEBUG: Key pressed: 'o'. Current keys: {'o'}
DEBUG: Key pressed: 'j'. Current keys: {'j'}
DEBUG: Key pressed: 'i'. Current keys: {'i'}
DEBUG: Key pressed: Key.space. Current keys: {<Key.space: ' '>}
DEBUG: _on_stop_recording called. is_recording=False
DEBUG: Stop ignored (not recording)
DEBUG: Key pressed: 'g'. Current keys: {'g'}
DEBUG: Key pressed: 'r'. Current keys: {'r'}
DEBUG: Key pressed: 'e'. Current keys: {'e'}
DEBUG: Key pressed: 's'. Current keys: {'s'}
DEBUG: Key pressed: 'k'. Current keys: {'k'}
DEBUG: Key pressed: 'e'. Current keys: {'e'}
DEBUG: Key pressed: Key.space. Current keys: {<Key.space: ' '>}
DEBUG: _on_stop_recording called. is_recording=False
DEBUG: Stop ignored (not recording)
DEBUG: Key pressed: 'n'. Current keys: {'n'}
DEBUG: Key pressed: 'j'. Current keys: {'j'}
DEBUG: Key pressed: 'i'. Current keys: {'i'}
DEBUG: Key pressed: 'h'. Current keys: {'h'}
DEBUG: Key pressed: 'o'. Current keys: {'o'}
DEBUG: Key pressed: 'v'. Current keys: {'v'}
DEBUG: Key pressed: 'e'. Current keys: {'e'}
DEBUG: Key pressed: Key.space. Current keys: {<Key.space: ' '>}
DEBUG: _on_stop_recording called. is_recording=False
DEBUG: Stop ignored (not recording)
DEBUG: Key pressed: 'z'. Current keys: {'z'}
DEBUG: Key pressed: 'a'. Current keys: {'a'}
DEBUG: Key pressed: 'j'. Current keys: {'j'}
DEBUG: Key pressed: 'e'. Current keys: {'e'}
DEBUG: Key pressed: 'd'. Current keys: {'d'}
DEBUG: Key pressed: 'n'. Current keys: {'n'}
DEBUG: Key pressed: 'o'. Current keys: {'o'}
DEBUG: Key pressed: Key.space. Current keys: {<Key.space: ' '>}
DEBUG: _on_stop_recording called. is_recording=False
DEBUG: Stop ignored (not recording)
DEBUG: Key pressed: 'i'. Current keys: {'i'}
DEBUG: Key pressed: 'l'. Current keys: {'l'}
DEBUG: Key pressed: 'i'. Current keys: {'i'}
DEBUG: Key pressed: Key.space. Current keys: {<Key.space: ' '>}
DEBUG: _on_stop_recording called. is_recording=False
DEBUG: Stop ignored (not recording)
DEBUG: Key pressed: 'o'. Current keys: {'o'}
DEBUG: Key pressed: 'd'. Current keys: {'d'}
DEBUG: Key pressed: Key.space. Current keys: {<Key.space: ' '>}
DEBUG: _on_stop_recording called. is_recording=False
DEBUG: Stop ignored (not recording)
DEBUG: Key pressed: 's'. Current keys: {'s'}
DEBUG: Key pressed: 'v'. Current keys: {'v'}
DEBUG: Key pressed: 'a'. Current keys: {'a'}
DEBUG: Key pressed: 'k'. Current keys: {'k'}
DEBUG: Key pressed: 'o'. Current keys: {'o'}
DEBUG: Key pressed: 'g'. Current keys: {'g'}
DEBUG: Key pressed: Key.space. Current keys: {<Key.space: ' '>}
DEBUG: _on_stop_recording called. is_recording=False
DEBUG: Stop ignored (not recording)
DEBUG: Key pressed: 'u'. Current keys: {'u'}
DEBUG: Key pressed: 's'. Current keys: {'s'}
DEBUG: Key pressed: 'e'. Current keys: {'e'}
DEBUG: Key pressed: 'w'. Current keys: {'e', 'w'}
DEBUG: Key pressed: 'r'. Current keys: {'r'}
DEBUG: Key pressed: 'a'. Current keys: {'a'}
DEBUG: Key pressed: Key.space. Current keys: {<Key.space: ' '>}
DEBUG: _on_stop_recording called. is_recording=False
DEBUG: Stop ignored (not recording)
DEBUG: Key pressed: 'p'. Current keys: {'p'}
DEBUG: Key pressed: 'o'. Current keys: {'o'}
DEBUG: Key pressed: 'j'. Current keys: {'j'}
DEBUG: Key pressed: 'e'. Current keys: {'e'}
DEBUG: Key pressed: 'd'. Current keys: {'d'}
DEBUG: Key pressed: 'i'. Current keys: {'i'}
DEBUG: Key pressed: 'n'. Current keys: {'n'}
DEBUG: Key pressed: 'a'. Current keys: {'a'}
DEBUG: Key pressed: 'c'. Current keys: {'c'}
DEBUG: Key pressed: 'n'. Current keys: {'n'}
DEBUG: Key pressed: 'o'. Current keys: {'o'}
DEBUG: Key pressed: Key.enter. Current keys: {<Key.enter: <36>>}
DEBUG: Key pressed: 'k'. Current keys: {'k'}
DEBUG: Key pressed: 'l'. Current keys: {'l'}
DEBUG: Key pressed: 'k'. Current keys: {'k'}
DEBUG: Key pressed: 'a'. Current keys: {'a'}
DEBUG: Key pressed: 'k'. Current keys: {'k'}
DEBUG: Key pressed: 'o'. Current keys: {'o'}
DEBUG: Key pressed: Key.space. Current keys: {<Key.space: ' '>, 'o'}
DEBUG: _on_stop_recording called. is_recording=False
DEBUG: Stop ignored (not recording)
DEBUG: Key pressed: 's'. Current keys: {'s'}
DEBUG: Key pressed: 'e'. Current keys: {'e'}
DEBUG: Key pressed: Key.space. Current keys: {<Key.space: ' '>}
DEBUG: _on_stop_recording called. is_recording=False
DEBUG: Stop ignored (not recording)
DEBUG: Key pressed: 'k'. Current keys: {'k'}
DEBUG: Key pressed: 'o'. Current keys: {'o'}
DEBUG: Key pressed: 'r'. Current keys: {'r'}
DEBUG: Key pressed: 'i'. Current keys: {'i'}
DEBUG: Key pressed: 's'. Current keys: {'s'}
DEBUG: Key pressed: 't'. Current keys: {'t'}
DEBUG: Key pressed: 'i'. Current keys: {'i'}
DEBUG: Key pressed: Key.space. Current keys: {<Key.space: ' '>}
DEBUG: _on_stop_recording called. is_recording=False
DEBUG: Stop ignored (not recording)
DEBUG: Key pressed: 'n'. Current keys: {'n'}
DEBUG: Key pressed: 'o'. Current keys: {'o'}
DEBUG: Key pressed: 'v'. Current keys: {'v'}
DEBUG: Key pressed: 'a'. Current keys: {'a'}
DEBUG: Key pressed: Key.space. Current keys: {<Key.space: ' '>}
DEBUG: _on_stop_recording called. is_recording=False
DEBUG: Stop ignored (not recording)
DEBUG: Key pressed: 'g'. Current keys: {'g'}
DEBUG: Key pressed: 'u'. Current keys: {'u'}
DEBUG: Key pressed: 's'. Current keys: {'s'}
DEBUG: Key pressed: 'a'. Current keys: {'a'}
DEBUG: Key pressed: 'n'. Current keys: {'n'}
DEBUG: Key pressed: 'a'. Current keys: {'a'}
DEBUG: Key pressed: Key.space. Current keys: {<Key.space: ' '>}
DEBUG: _on_stop_recording called. is_recording=False
DEBUG: Stop ignored (not recording)
DEBUG: Key pressed: 't'. Current keys: {'t'}
DEBUG: Key pressed: 'a'. Current keys: {'a'}
DEBUG: Key pressed: 'v'. Current keys: {'v'}
DEBUG: Key pressed: 'a'. Current keys: {'a'}
DEBUG: Key pressed: Key.space. Current keys: {<Key.space: ' '>}
DEBUG: _on_stop_recording called. is_recording=False
DEBUG: Stop ignored (not recording)
DEBUG: Key pressed: 't'. Current keys: {'t'}
DEBUG: Key pressed: 'e'. Current keys: {'e'}
DEBUG: Key pressed: 'k'. Current keys: {'k'}
DEBUG: Key pressed: Key.space. Current keys: {<Key.space: ' '>}
DEBUG: _on_stop_recording called. is_recording=False
DEBUG: Stop ignored (not recording)
DEBUG: Key pressed: 'k'. Current keys: {'k'}
DEBUG: Key pressed: 'u'. Current keys: {'u'}
DEBUG: Key pressed: 'p'. Current keys: {'p'}
DEBUG: Key pressed: 'l'. Current keys: {'l'}
DEBUG: Key pressed: 'j'. Current keys: {'j'}
DEBUG: Key pressed: 'e'. Current keys: {'e'}
DEBUG: Key pressed: 'n'. Current keys: {'n'}
DEBUG: Key pressed: 'a'. Current keys: {'a'}
DEBUG: Key pressed: Key.space. Current keys: {<Key.space: ' '>}
DEBUG: _on_stop_recording called. is_recording=False
DEBUG: Stop ignored (not recording)
DEBUG: Key pressed: '2'. Current keys: {'2'}
DEBUG: Key pressed: '6'. Current keys: {'6'}
DEBUG: Key pressed: Key.space. Current keys: {<Key.space: ' '>}
DEBUG: _on_stop_recording called. is_recording=False
DEBUG: Stop ignored (not recording)
DEBUG: Key pressed: 'c'. Current keys: {'c'}
DEBUG: Key pressed: 'm'. Current keys: {'m'}
DEBUG: Key pressed: '.'. Current keys: {'.'}
DEBUG: Key pressed: Key.space. Current keys: {<Key.space: ' '>}
DEBUG: _on_stop_recording called. is_recording=False
DEBUG: Stop ignored (not recording)
DEBUG: Key pressed: 'k'. Current keys: {'k'}
DEBUG: Key pressed: 'a'. Current keys: {'a'}
DEBUG: Key pressed: 'k'. Current keys: {'k'}
DEBUG: Key pressed: 'o'. Current keys: {'o'}
DEBUG: Key pressed: Key.space. Current keys: {<Key.space: ' '>}
DEBUG: _on_stop_recording called. is_recording=False
DEBUG: Stop ignored (not recording)
DEBUG: Key pressed: 'd'. Current keys: {'d'}
DEBUG: Key pressed: 'a'. Current keys: {'a'}
DEBUG: Key pressed: Key.space. Current keys: {<Key.space: ' '>}
DEBUG: _on_stop_recording called. is_recording=False
DEBUG: Stop ignored (not recording)
DEBUG: Key pressed: 'h'. Current keys: {'h'}
DEBUG: Key pressed: 'r'. Current keys: {'r'}
DEBUG: Key pressed: 'a'. Current keys: {'a'}
DEBUG: Key pressed: 'n'. Current keys: {'n'}
DEBUG: Key pressed: 'a'. Current keys: {'a'}
DEBUG: Key pressed: Key.space. Current keys: {<Key.space: ' '>}
DEBUG: _on_stop_recording called. is_recording=False
DEBUG: Stop ignored (not recording)
DEBUG: Key pressed: 'n'. Current keys: {'n'}
DEBUG: Key pressed: 'e'. Current keys: {'e'}
DEBUG: Key pressed: Key.space. Current keys: {<Key.space: ' '>}
DEBUG: _on_stop_recording called. is_recording=False
DEBUG: Stop ignored (not recording)
DEBUG: Key pressed: 'p'. Current keys: {'p'}
DEBUG: Key pressed: 'r'. Current keys: {'r'}
DEBUG: Key pressed: 'i'. Current keys: {'i'}
DEBUG: Key pressed: 'j'. Current keys: {'j'}
DEBUG: Key pressed: 'e'. Current keys: {'e'}
DEBUG: Key pressed: 'n'. Current keys: {'n'}
DEBUG: Key pressed: 'j'. Current keys: {'j'}
DEBUG: Key pressed: 'a'. Current keys: {'j', 'a'}
DEBUG: Key pressed: Key.space. Current keys: {<Key.space: ' '>}
DEBUG: _on_stop_recording called. is_recording=False
DEBUG: Stop ignored (not recording)
DEBUG: Key pressed: 'n'. Current keys: {'n'}
DEBUG: Key pressed: 'a'. Current keys: {'a', 'n'}
DEBUG: Key pressed: Key.space. Current keys: {<Key.space: ' '>}
DEBUG: _on_stop_recording called. is_recording=False
DEBUG: Stop ignored (not recording)
DEBUG: Key pressed: 'n'. Current keys: {'n'}
DEBUG: Key pressed: 'j'. Current keys: {'j'}
DEBUG: Key pressed: 'u'. Current keys: {'u'}
DEBUG: Key pressed: Key.enter. Current keys: {<Key.enter: <36>>}
DEBUG: Key pressed: 'd'. Current keys: {'d'}
DEBUG: Key pressed: 'a'. Current keys: {'a'}
DEBUG: Key pressed: Key.space. Current keys: {<Key.space: ' '>}
DEBUG: _on_stop_recording called. is_recording=False
DEBUG: Stop ignored (not recording)
DEBUG: Key pressed: 'l'. Current keys: {'l'}
DEBUG: Key pressed: 'i'. Current keys: {'i'}
DEBUG: Key pressed: Key.space. Current keys: {<Key.space: ' '>}
DEBUG: _on_stop_recording called. is_recording=False
DEBUG: Stop ignored (not recording)
DEBUG: Key pressed: 'c'. Current keys: {'c'}
DEBUG: Key pressed: 'e'. Current keys: {'e'}
DEBUG: Key pressed: Key.space. Current keys: {<Key.space: ' '>}
DEBUG: _on_stop_recording called. is_recording=False
DEBUG: Stop ignored (not recording)
DEBUG: Key pressed: 'h'. Current keys: {'h'}
DEBUG: Key pressed: 'r'. Current keys: {'r'}
DEBUG: Key pressed: 'a'. Current keys: {'a'}
DEBUG: Key pressed: 'b'. Current keys: {'b'}
DEBUG: Key pressed: 'a'. Current keys: {'a'}
DEBUG: Key pressed: Key.space. Current keys: {<Key.space: ' '>}
DEBUG: _on_stop_recording called. is_recording=False
DEBUG: Stop ignored (not recording)
DEBUG: Key pressed: Key.backspace. Current keys: {<Key.backspace: <51>>}
DEBUG: Key pressed: Key.backspace. Current keys: {<Key.backspace: <51>>}
DEBUG: Key pressed: Key.backspace. Current keys: {<Key.backspace: <51>>}
DEBUG: Key pressed: 'n'. Current keys: {'n'}
DEBUG: Key pressed: 'a'. Current keys: {'a'}
DEBUG: Key pressed: Key.space. Current keys: {<Key.space: ' '>}
DEBUG: _on_stop_recording called. is_recording=False
DEBUG: Stop ignored (not recording)
DEBUG: Key pressed: 'i'. Current keys: {'i'}
DEBUG: Key pressed: 'z'. Current keys: {'z'}
DEBUG: Key pressed: 'n'. Current keys: {'n'}
DEBUG: Key pressed: Key.backspace. Current keys: {<Key.backspace: <51>>}
DEBUG: Key pressed: Key.space. Current keys: {<Key.space: ' '>}
DEBUG: _on_stop_recording called. is_recording=False
DEBUG: Stop ignored (not recording)
DEBUG: Key pressed: 'n'. Current keys: {'n'}
DEBUG: Key pressed: 'j'. Current keys: {'j'}
DEBUG: Key pressed: 'e'. Current keys: {'e'}
DEBUG: Key pressed: Key.space. Current keys: {<Key.space: ' '>}
DEBUG: _on_stop_recording called. is_recording=False
DEBUG: Stop ignored (not recording)
DEBUG: Key pressed: 'b'. Current keys: {'b'}
DEBUG: Key pressed: 'i'. Current keys: {'i'}
DEBUG: Key pressed: 't'. Current keys: {'t'}
DEBUG: Key pressed: 'i'. Current keys: {'i'}
DEBUG: Key pressed: Key.space. Current keys: {<Key.space: ' '>}
DEBUG: _on_stop_recording called. is_recording=False
DEBUG: Stop ignored (not recording)
DEBUG: Key pressed: 'u'. Current keys: {'u'}
DEBUG: Key pressed: 'k'. Current keys: {'k'}
DEBUG: Key pressed: 'u'. Current keys: {'u'}
DEBUG: Key pressed: 's'. Current keys: {'s'}
DEBUG: Key pressed: 'n'. Current keys: {'n'}
DEBUG: Key pressed: 'i'. Current keys: {'i'}
DEBUG: Key pressed: 'j'. Current keys: {'j'}
DEBUG: Key pressed: 'a'. Current keys: {'a'}
DEBUG: Key pressed: Key.space. Current keys: {<Key.space: ' '>}
DEBUG: _on_stop_recording called. is_recording=False
DEBUG: Stop ignored (not recording)
DEBUG: Key pressed: 'n'. Current keys: {'n'}
DEBUG: Key pressed: 'e'. Current keys: {'e'}
DEBUG: Key pressed: 'g'. Current keys: {'g'}
DEBUG: Key pressed: 'o'. Current keys: {'o'}
DEBUG: Key pressed: Key.space. Current keys: {<Key.space: ' '>}
DEBUG: _on_stop_recording called. is_recording=False
DEBUG: Stop ignored (not recording)
DEBUG: Key pressed: 'k'. Current keys: {'k'}
DEBUG: Key pressed: 'a'. Current keys: {'a'}
DEBUG: Key pressed: 'd'. Current keys: {'d'}
DEBUG: Key pressed: Key.space. Current keys: {<Key.space: ' '>}
DEBUG: _on_stop_recording called. is_recording=False
DEBUG: Stop ignored (not recording)
DEBUG: Key pressed: 'p'. Current keys: {'p'}
DEBUG: Key pressed: 'e'. Current keys: {'e'}
DEBUG: Key pressed: 'c'. Current keys: {'c'}
DEBUG: Key pressed: 'e'. Current keys: {'e'}
DEBUG: Key pressed: 'm'. Current keys: {'m'}
DEBUG: Key pressed: Key.space. Current keys: {<Key.space: ' '>}
DEBUG: _on_stop_recording called. is_recording=False
DEBUG: Stop ignored (not recording)
DEBUG: Key pressed: 'u'. Current keys: {'u'}
DEBUG: Key pressed: Key.space. Current keys: {<Key.space: ' '>}
DEBUG: _on_stop_recording called. is_recording=False
DEBUG: Stop ignored (not recording)
DEBUG: Key pressed: 't'. Current keys: {'t'}
DEBUG: Key pressed: 'e'. Current keys: {'e'}
DEBUG: Key pressed: 'f'. Current keys: {'f'}
DEBUG: Key pressed: 'l'. Current keys: {'l'}
DEBUG: Key pressed: 'o'. Current keys: {'o'}
DEBUG: Key pressed: 'n'. Current keys: {'n'}
DEBUG: Key pressed: Key.space. Current keys: {<Key.space: ' '>}
DEBUG: _on_stop_recording called. is_recording=False
DEBUG: Stop ignored (not recording)
DEBUG: Key pressed: 't'. Current keys: {'t'}
DEBUG: Key pressed: 'a'. Current keys: {'a'}
DEBUG: Key pressed: 'v'. Current keys: {'v'}
DEBUG: Key pressed: 'i'. Current keys: {'i'}
DEBUG: Key pressed: Key.enter. Current keys: {<Key.enter: <36>>}
DEBUG: Key pressed: 'i'. Current keys: {'i'}
DEBUG: Key pressed: 'm'. Current keys: {'m'}
DEBUG: Key pressed: 'a'. Current keys: {'a'}
DEBUG: Key pressed: 'm'. Current keys: {'m', 'a'}
DEBUG: Key pressed: Key.space. Current keys: {<Key.space: ' '>}
DEBUG: _on_stop_recording called. is_recording=False
DEBUG: Stop ignored (not recording)
DEBUG: Key pressed: 'i'. Current keys: {<Key.space: ' '>, 'i'}
DEBUG: Key pressed: 'n'. Current keys: {'n'}
DEBUG: Key pressed: 't'. Current keys: {'t'}
DEBUG: Key pressed: 'e'. Current keys: {'e'}
DEBUG: Key pressed: 'r'. Current keys: {'r'}
DEBUG: Key pressed: 'v'. Current keys: {'v'}
DEBUG: Key pressed: 'j'. Current keys: {'j'}
DEBUG: Key pressed: 'u'. Current keys: {'u'}
DEBUG: Key pressed: Key.space. Current keys: {<Key.space: ' '>}
DEBUG: _on_stop_recording called. is_recording=False
DEBUG: Stop ignored (not recording)
DEBUG: Key pressed: 'u'. Current keys: {'u'}
DEBUG: Key pressed: 's'. Current keys: {'s'}
DEBUG: Key pressed: 'k'. Current keys: {'k'}
DEBUG: Key pressed: 'o'. Current keys: {'o'}
DEBUG: Key pressed: Key.space. Current keys: {<Key.space: ' '>}
DEBUG: _on_stop_recording called. is_recording=False
DEBUG: Stop ignored (not recording)
DEBUG: Key pressed: Key.backspace. Current keys: {<Key.backspace: <51>>}
DEBUG: Key pressed: Key.backspace. Current keys: {<Key.backspace: <51>>}
DEBUG: Key pressed: 'o'. Current keys: {'o'}
DEBUG: Key pressed: 'r'. Current keys: {'r'}
DEBUG: Key pressed: 'o'. Current keys: {'o'}
DEBUG: Key pressed: Key.space. Current keys: {<Key.space: ' '>}
DEBUG: _on_stop_recording called. is_recording=False
DEBUG: Stop ignored (not recording)
DEBUG: Key pressed: 'z'. Current keys: {'z'}
DEBUG: Key pressed: 'a'. Current keys: {'a'}
DEBUG: Key pressed: Key.space. Current keys: {'a', <Key.space: ' '>}
DEBUG: _on_stop_recording called. is_recording=False
DEBUG: Stop ignored (not recording)
DEBUG: Key pressed: 's'. Current keys: {'s'}
DEBUG: Key pressed: 'e'. Current keys: {'e'}
DEBUG: Key pressed: 'n'. Current keys: {'n'}
DEBUG: Key pressed: 'i'. Current keys: {'i'}
DEBUG: Key pressed: 'o'. Current keys: {'o'}
DEBUG: Key pressed: 'r'. Current keys: {'r', 'o'}
DEBUG: Key pressed: Key.space. Current keys: {<Key.space: ' '>}
DEBUG: _on_stop_recording called. is_recording=False
DEBUG: Stop ignored (not recording)
DEBUG: Key pressed: Key.shift_r. Current keys: {<Key.shift_r: <60>>}
DEBUG: Key pressed: 'B'. Current keys: {'B', <Key.shift_r: <60>>}
DEBUG: Key pressed: 'E'. Current keys: {<Key.shift_r: <60>>, 'E'}
DEBUG: Key pressed: Key.space. Current keys: {<Key.shift_r: <60>>, <Key.space: ' '>}
DEBUG: Key pressed: 'd'. Current keys: {'d'}
DEBUG: Key pressed: 'e'. Current keys: {'e'}
DEBUG: Key pressed: 'v'. Current keys: {'v'}
DEBUG: Key pressed: 'e'. Current keys: {'e'}
DEBUG: Key pressed: 'l'. Current keys: {'l'}
DEBUG: Key pressed: 'o'. Current keys: {'o'}
DEBUG: Key pressed: 'p'. Current keys: {'p'}
DEBUG: Key pressed: 'e'. Current keys: {'e'}
DEBUG: Key pressed: 'r'. Current keys: {'r'}
DEBUG: Key pressed: 'a'. Current keys: {'a'}
DEBUG: Key pressed: '.'. Current keys: {'.'}
DEBUG: Key pressed: Key.space. Current keys: {<Key.space: ' '>}
DEBUG: _on_stop_recording called. is_recording=False
DEBUG: Stop ignored (not recording)
DEBUG: Key pressed: 'i'. Current keys: {'i'}
DEBUG: Key pressed: 'm'. Current keys: {'m'}
DEBUG: Key pressed: 'a'. Current keys: {'m', 'a'}
DEBUG: Key pressed: 'm'. Current keys: {'m'}
DEBUG: Key pressed: Key.space. Current keys: {<Key.space: ' '>}
DEBUG: _on_stop_recording called. is_recording=False
DEBUG: Stop ignored (not recording)
DEBUG: Key pressed: 'n'. Current keys: {'n'}
DEBUG: Key pressed: 'e'. Current keys: {'e', 'n'}
DEBUG: Key pressed: 's'. Current keys: {'s'}
DEBUG: Key pressed: 't'. Current keys: {'t'}
DEBUG: Key pressed: 'o'. Current keys: {'o'}
DEBUG: Key pressed: Key.space. Current keys: {<Key.space: ' '>}
DEBUG: _on_stop_recording called. is_recording=False
DEBUG: Stop ignored (not recording)
DEBUG: Key pressed: 'i'. Current keys: {'i'}
DEBUG: Key pressed: 's'. Current keys: {'s'}
DEBUG: Key pressed: 'k'. Current keys: {'k'}
DEBUG: Key pressed: 'u'. Current keys: {'u'}
DEBUG: Key pressed: 's'. Current keys: {'s'}
DEBUG: Key pressed: 'v'. Current keys: {'v'}
DEBUG: Key pressed: 'a'. Current keys: {'a'}
DEBUG: Key pressed: Key.space. Current keys: {<Key.space: ' '>}
DEBUG: _on_stop_recording called. is_recording=False
DEBUG: Stop ignored (not recording)
DEBUG: Key pressed: 's'. Current keys: {'s'}
DEBUG: Key pressed: 'a'. Current keys: {'a'}
DEBUG: Key pressed: Key.space. Current keys: {<Key.space: ' '>}
DEBUG: _on_stop_recording called. is_recording=False
DEBUG: Stop ignored (not recording)
DEBUG: Key pressed: 'p'. Current keys: {'p'}
DEBUG: Key pressed: 'y'. Current keys: {'y'}
DEBUG: Key pressed: 't'. Current keys: {'t'}
DEBUG: Key pressed: 'h'. Current keys: {'h'}
DEBUG: Key pressed: 'o'. Current keys: {'o'}
DEBUG: Key pressed: 'n'. Current keys: {'n'}
DEBUG: Key pressed: 'o'. Current keys: {'o'}
DEBUG: Key pressed: 'm'. Current keys: {'m'}
DEBUG: Key pressed: Key.space. Current keys: {<Key.space: ' '>}
DEBUG: _on_stop_recording called. is_recording=False
DEBUG: Stop ignored (not recording)
DEBUG: Key pressed: Key.backspace. Current keys: {<Key.backspace: <51>>}
DEBUG: Key pressed: '.'. Current keys: {'.'}
DEBUG: Key pressed: Key.space. Current keys: {<Key.space: ' '>}
DEBUG: _on_stop_recording called. is_recording=False
DEBUG: Stop ignored (not recording)
DEBUG: Key pressed: 'a'. Current keys: {'a'}
DEBUG: Key pressed: 'l'. Current keys: {'l'}
DEBUG: Key pressed: 'i'. Current keys: {'i'}
DEBUG: Key pressed: Key.space. Current keys: {<Key.space: ' '>}
DEBUG: _on_stop_recording called. is_recording=False
DEBUG: Stop ignored (not recording)
DEBUG: Key pressed: 't'. Current keys: {'t'}
DEBUG: Key pressed: 'r'. Current keys: {'r'}
DEBUG: Key pressed: 'a'. Current keys: {'a'}
DEBUG: Key pressed: 'z'. Current keys: {'z'}
DEBUG: Key pressed: 'i'. Current keys: {'i'}
DEBUG: Key pressed: 't'. Current keys: {'t'}
DEBUG: Key pressed: Key.space. Current keys: {<Key.space: ' '>}
DEBUG: _on_stop_recording called. is_recording=False
DEBUG: Stop ignored (not recording)
DEBUG: Key pressed: 'c'. Current keys: {'c'}
DEBUG: Key pressed: 'e'. Current keys: {'e'}
DEBUG: Key pressed: Key.space. Current keys: {<Key.space: ' '>}
DEBUG: _on_stop_recording called. is_recording=False
DEBUG: Stop ignored (not recording)
DEBUG: Key pressed: 's'. Current keys: {'s'}
DEBUG: Key pressed: 'e'. Current keys: {'e'}
DEBUG: Key pressed: Key.space. Current keys: {<Key.space: ' '>}
DEBUG: _on_stop_recording called. is_recording=False
DEBUG: Stop ignored (not recording)
DEBUG: Key pressed: 'i'. Current keys: {'i'}
DEBUG: Key pressed: Key.space. Current keys: {<Key.space: ' '>}
DEBUG: _on_stop_recording called. is_recording=False
DEBUG: Stop ignored (not recording)
DEBUG: Key pressed: 'p'. Current keys: {'p'}
DEBUG: Key pressed: 'y'. Current keys: {'y'}
DEBUG: Key pressed: 't'. Current keys: {'t'}
DEBUG: Key pressed: 'h'. Current keys: {'h'}
DEBUG: Key pressed: 'o'. Current keys: {'o'}
DEBUG: Key pressed: 'n'. Current keys: {'n'}
DEBUG: Key pressed: Key.space. Current keys: {<Key.space: ' '>}
DEBUG: _on_stop_recording called. is_recording=False
DEBUG: Stop ignored (not recording)
DEBUG: Key pressed: 'i'. Current keys: {'i'}
DEBUG: Key pressed: Key.space. Current keys: {<Key.space: ' '>}
DEBUG: _on_stop_recording called. is_recording=False
DEBUG: Stop ignored (not recording)
DEBUG: Key pressed: 'j'. Current keys: {'j'}
DEBUG: Key pressed: 'a'. Current keys: {'a'}
DEBUG: Key pressed: 'v'. Current keys: {'v'}
DEBUG: Key pressed: 'a'. Current keys: {'a'}
DEBUG: Key pressed: Key.space. Current keys: {<Key.space: ' '>}
DEBUG: _on_stop_recording called. is_recording=False
DEBUG: Stop ignored (not recording)
DEBUG: Key pressed: 'i'. Current keys: {'i'}
DEBUG: Key pressed: Key.space. Current keys: {<Key.space: ' '>}
DEBUG: _on_stop_recording called. is_recording=False
DEBUG: Stop ignored (not recording)
DEBUG: Key pressed: '.'. Current keys: {'.'}
DEBUG: Key pressed: 'n'. Current keys: {'n'}
DEBUG: Key pressed: 'e'. Current keys: {'e'}
DEBUG: Key pressed: 't'. Current keys: {'t'}
DEBUG: Key pressed: '.'. Current keys: {'.'}
DEBUG: Key pressed: Key.space. Current keys: {<Key.space: ' '>}
DEBUG: _on_stop_recording called. is_recording=False
DEBUG: Stop ignored (not recording)
DEBUG: Key pressed: 'z'. Current keys: {'z'}
DEBUG: Key pressed: 'a'. Current keys: {'a'}
DEBUG: Key pressed: Key.space. Current keys: {<Key.space: ' '>}
DEBUG: _on_stop_recording called. is_recording=False
DEBUG: Stop ignored (not recording)
DEBUG: Key pressed: 'p'. Current keys: {'p'}
DEBUG: Key pressed: 'o'. Current keys: {'o'}
DEBUG: Key pressed: 'c'. Current keys: {'c'}
DEBUG: Key pressed: 'e'. Current keys: {'e'}
DEBUG: Key pressed: 't'. Current keys: {'t'}
DEBUG: Key pressed: 'a'. Current keys: {'a'}
DEBUG: Key pressed: 'k'. Current keys: {'k'}
DEBUG: Key pressed: Key.space. Current keys: {<Key.space: ' '>}
DEBUG: _on_stop_recording called. is_recording=False
DEBUG: Stop ignored (not recording)
DEBUG: Key pressed: 'h'. Current keys: {'h'}
DEBUG: Key pressed: 'a'. Current keys: {'a'}
DEBUG: Key pressed: 'j'. Current keys: {'j'}
DEBUG: Key pressed: 'd'. Current keys: {'d'}
DEBUG: Key pressed: 'e'. Current keys: {'e'}
DEBUG: Key pressed: Key.space. Current keys: {<Key.space: ' '>}
DEBUG: _on_stop_recording called. is_recording=False
DEBUG: Stop ignored (not recording)
DEBUG: Key pressed: 'd'. Current keys: {'d'}
DEBUG: Key pressed: 'a'. Current keys: {'a'}
DEBUG: Key pressed: Key.space. Current keys: {<Key.space: ' '>}
DEBUG: _on_stop_recording called. is_recording=False
DEBUG: Stop ignored (not recording)
DEBUG: Key pressed: 's'. Current keys: {'s'}
DEBUG: Key pressed: 'e'. Current keys: {'e'}
DEBUG: Key pressed: Key.space. Current keys: {<Key.space: ' '>}
DEBUG: _on_stop_recording called. is_recording=False
DEBUG: Stop ignored (not recording)
DEBUG: Key pressed: 'm'. Current keys: {'m'}
DEBUG: Key pressed: 'a'. Current keys: {'a'}
DEBUG: Key pressed: 'l'. Current keys: {'l'}
DEBUG: Key pressed: 'o'. Current keys: {'o'}
DEBUG: Key pressed: Key.space. Current keys: {<Key.space: ' '>}
DEBUG: _on_stop_recording called. is_recording=False
DEBUG: Stop ignored (not recording)
DEBUG: Key pressed: 'p'. Current keys: {'p'}
DEBUG: Key pressed: 'r'. Current keys: {'r'}
DEBUG: Key pressed: 'i'. Current keys: {'i'}
DEBUG: Key pressed: 'p'. Current keys: {'p'}
DEBUG: Key pressed: 'r'. Current keys: {'r'}
DEBUG: Key pressed: 'e'. Current keys: {'e'}
DEBUG: Key pressed: 'm'. Current keys: {'m'}
DEBUG: Key pressed: 'i'. Current keys: {'i'}
DEBUG: Key pressed: 'm'. Current keys: {'m'}
DEBUG: Key pressed: Key.space. Current keys: {<Key.space: ' '>}
DEBUG: _on_stop_recording called. is_recording=False
DEBUG: Stop ignored (not recording)
DEBUG: Key pressed: 's'. Current keys: {'s'}
DEBUG: Key pressed: 'a'. Current keys: {'a'}
DEBUG: Key pressed: Key.space. Current keys: {<Key.space: ' '>}
DEBUG: _on_stop_recording called. is_recording=False
DEBUG: Stop ignored (not recording)
DEBUG: Key pressed: Key.shift_r. Current keys: {<Key.shift_r: <60>>}
DEBUG: Key pressed: 'S'. Current keys: {<Key.shift_r: <60>>, 'S'}
DEBUG: Key pressed: 'Q'. Current keys: {<Key.shift_r: <60>>, 'Q'}
DEBUG: Key pressed: 'L'. Current keys: {<Key.shift_r: <60>>, 'L'}
DEBUG: Key pressed: 'o'. Current keys: {'o'}
DEBUG: Key pressed: 'm'. Current keys: {'m'}
DEBUG: Key pressed: Key.space. Current keys: {<Key.space: ' '>}
DEBUG: _on_stop_recording called. is_recording=False
DEBUG: Stop ignored (not recording)
DEBUG: Key pressed: '.'. Current keys: {'.'}
DEBUG: Key pressed: Key.space. Current keys: {<Key.space: ' '>}
DEBUG: _on_stop_recording called. is_recording=False
DEBUG: Stop ignored (not recording)
DEBUG: Key pressed: 'd'. Current keys: {'d'}
DEBUG: Key pressed: 'a'. Current keys: {'a'}
DEBUG: Key pressed: Key.space. Current keys: {<Key.space: ' '>}
DEBUG: _on_stop_recording called. is_recording=False
DEBUG: Stop ignored (not recording)
DEBUG: Key pressed: 'j'. Current keys: {'j', <Key.space: ' '>}
DEBUG: Key pressed: Key.backspace. Current keys: {<Key.backspace: <51>>}
DEBUG: Key pressed: Key.backspace. Current keys: {<Key.backspace: <51>>}
DEBUG: Key pressed: Key.backspace. Current keys: {<Key.backspace: <51>>}
DEBUG: Key pressed: Key.backspace. Current keys: {<Key.backspace: <51>>}
DEBUG: Key pressed: 'o'. Current keys: {'o'}
DEBUG: Key pressed: 'b'. Current keys: {'b'}
DEBUG: Key pressed: 'j'. Current keys: {'j'}
DEBUG: Key pressed: 'a'. Current keys: {'a'}
DEBUG: Key pressed: 's'. Current keys: {'s'}
DEBUG: Key pressed: 'n'. Current keys: {'n'}
DEBUG: Key pressed: 'i'. Current keys: {'i'}
DEBUG: Key pressed: Key.space. Current keys: {<Key.space: ' '>}
DEBUG: _on_stop_recording called. is_recording=False
DEBUG: Stop ignored (not recording)
DEBUG: Key pressed: 'm'. Current keys: {'m'}
DEBUG: Key pressed: 'i'. Current keys: {'i'}
DEBUG: Key pressed: Key.space. Current keys: {<Key.space: ' '>}
DEBUG: _on_stop_recording called. is_recording=False
DEBUG: Stop ignored (not recording)
DEBUG: Key pressed: 'r'. Current keys: {'r'}
DEBUG: Key pressed: 'a'. Current keys: {'a'}
DEBUG: Key pressed: 'z'. Current keys: {'z'}
DEBUG: Key pressed: 'l'. Current keys: {'l'}
DEBUG: Key pressed: 'i'. Current keys: {'i'}
DEBUG: Key pressed: 'k'. Current keys: {'k'}
DEBUG: Key pressed: 'u'. Current keys: {'u'}
DEBUG: Key pressed: Key.space. Current keys: {<Key.space: ' '>}
DEBUG: _on_stop_recording called. is_recording=False
DEBUG: Stop ignored (not recording)
DEBUG: Key pressed: 'i'. Current keys: {'i'}
DEBUG: Key pressed: 'n'. Current keys: {'n'}
DEBUG: Key pressed: 'n'. Current keys: {'n'}
DEBUG: Key pressed: 'e'. Current keys: {'e'}
DEBUG: Key pressed: 'r'. Current keys: {'r'}
DEBUG: Key pressed: Key.space. Current keys: {<Key.space: ' '>}
DEBUG: _on_stop_recording called. is_recording=False
DEBUG: Stop ignored (not recording)
DEBUG: Key pressed: 'j'. Current keys: {'j'}
DEBUG: Key pressed: 'o'. Current keys: {'o'}
DEBUG: Key pressed: 'i'. Current keys: {'i'}
DEBUG: Key pressed: 'n'. Current keys: {'n'}
DEBUG: Key pressed: Key.space. Current keys: {<Key.space: ' '>}
DEBUG: _on_stop_recording called. is_recording=False
DEBUG: Stop ignored (not recording)
DEBUG: Key pressed: 'o'. Current keys: {'o'}
DEBUG: Key pressed: 'u'. Current keys: {'u'}
DEBUG: Key pressed: 't'. Current keys: {'t'}
DEBUG: Key pressed: 'e'. Current keys: {'e'}
DEBUG: Key pressed: 'r'. Current keys: {'r'}
DEBUG: Key pressed: Key.space. Current keys: {<Key.space: ' '>}
DEBUG: _on_stop_recording called. is_recording=False
DEBUG: Stop ignored (not recording)
DEBUG: Key pressed: 'j'. Current keys: {'j'}
DEBUG: Key pressed: 'o'. Current keys: {'o'}
DEBUG: Key pressed: 'i'. Current keys: {'i'}
DEBUG: Key pressed: 'n'. Current keys: {'n'}
DEBUG: Key pressed: Key.space. Current keys: {<Key.space: ' '>}
DEBUG: _on_stop_recording called. is_recording=False
DEBUG: Stop ignored (not recording)
DEBUG: Key pressed: 'i'. Current keys: {'i'}
DEBUG: Key pressed: Key.space. Current keys: {<Key.space: ' '>}
DEBUG: _on_stop_recording called. is_recording=False
DEBUG: Stop ignored (not recording)
DEBUG: Key pressed: 'k'. Current keys: {'k'}
DEBUG: Key pressed: 'a'. Current keys: {'a'}
DEBUG: Key pressed: 'k'. Current keys: {'a', 'k'}
DEBUG: Key pressed: 'o'. Current keys: {'o'}
DEBUG: Key pressed: Key.space. Current keys: {<Key.space: ' '>, 'o'}
DEBUG: _on_stop_recording called. is_recording=False
DEBUG: Stop ignored (not recording)
DEBUG: Key pressed: 's'. Current keys: {'s'}
DEBUG: Key pressed: 'e'. Current keys: {'e'}
DEBUG: Key pressed: Key.space. Current keys: {<Key.space: ' '>}
DEBUG: _on_stop_recording called. is_recording=False
DEBUG: Stop ignored (not recording)
DEBUG: Key pressed: 's'. Current keys: {'s'}
DEBUG: Key pressed: 'o'. Current keys: {'o'}
DEBUG: Key pressed: 'r'. Current keys: {'r'}
DEBUG: Key pressed: 't'. Current keys: {'t'}
DEBUG: Key pressed: 'i'. Current keys: {'i'}
DEBUG: Key pressed: 'r'. Current keys: {'r'}
DEBUG: Key pressed: 'a'. Current keys: {'a'}
DEBUG: Key pressed: Key.space. Current keys: {<Key.space: ' '>}
DEBUG: _on_stop_recording called. is_recording=False
DEBUG: Stop ignored (not recording)
DEBUG: Key pressed: 'f'. Current keys: {'f'}
DEBUG: Key pressed: 'i'. Current keys: {'i'}
DEBUG: Key pressed: 'l'. Current keys: {'l'}
DEBUG: Key pressed: 't'. Current keys: {'t'}
DEBUG: Key pressed: 'r'. Current keys: {'r'}
DEBUG: Key pressed: 'i'. Current keys: {'i'}
DEBUG: Key pressed: 'r'. Current keys: {'r'}
DEBUG: Key pressed: 'a'. Current keys: {'a'}
DEBUG: Key pressed: Key.space. Current keys: {<Key.space: ' '>}
DEBUG: _on_stop_recording called. is_recording=False
DEBUG: Stop ignored (not recording)
DEBUG: Key pressed: 'p'. Current keys: {'p'}
DEBUG: Key pressed: 'r'. Current keys: {'r'}
DEBUG: Key pressed: 'e'. Current keys: {'e'}
DEBUG: Key pressed: 's'. Current keys: {'s'}
DEBUG: Key pressed: 'j'. Current keys: {'j'}
DEBUG: Key pressed: 'k'. Current keys: {'k'}
DEBUG: Key pressed: 'e'. Current keys: {'e', 'k'}
DEBUG: Key pressed: 't'. Current keys: {'t'}
DEBUG: Key pressed: Key.space. Current keys: {<Key.space: ' '>}
DEBUG: _on_stop_recording called. is_recording=False
DEBUG: Stop ignored (not recording)
DEBUG: Key pressed: Key.backspace. Current keys: {<Key.backspace: <51>>}
DEBUG: Key pressed: Key.backspace. Current keys: {<Key.backspace: <51>>}
DEBUG: Key pressed: Key.backspace. Current keys: {<Key.backspace: <51>>}
DEBUG: Key pressed: Key.backspace. Current keys: {<Key.backspace: <51>>}
DEBUG: Key pressed: Key.backspace. Current keys: {<Key.backspace: <51>>}
DEBUG: Key pressed: 'j'. Current keys: {'j'}
DEBUG: Key pressed: 'e'. Current keys: {'e'}
DEBUG: Key pressed: 'k'. Current keys: {'k'}
DEBUG: Key pressed: Key.space. Current keys: {'k', <Key.space: ' '>}
DEBUG: _on_stop_recording called. is_recording=False
DEBUG: Stop ignored (not recording)
DEBUG: Key pressed: 'n'. Current keys: {'n'}
DEBUG: Key pressed: 'a'. Current keys: {'a'}
DEBUG: Key pressed: Key.space. Current keys: {<Key.space: ' '>}
DEBUG: _on_stop_recording called. is_recording=False
DEBUG: Stop ignored (not recording)
DEBUG: Key pressed: 'e'. Current keys: {'e'}
DEBUG: Key pressed: 'n'. Current keys: {'n'}
DEBUG: Key pressed: 'g'. Current keys: {'g'}
DEBUG: Key pressed: 'l'. Current keys: {'l'}
DEBUG: Key pressed: Key.enter. Current keys: {<Key.enter: <36>>}
DEBUG: Key pressed: Key.space. Current keys: {<Key.space: ' '>}
DEBUG: _on_stop_recording called. is_recording=False
DEBUG: Stop ignored (not recording)
DEBUG: Key pressed: 'u'. Current keys: {'u'}
DEBUG: Key pressed: Key.space. Current keys: {<Key.space: ' '>}
DEBUG: _on_stop_recording called. is_recording=False
DEBUG: Stop ignored (not recording)
DEBUG: Key pressed: 's'. Current keys: {'s'}
DEBUG: Key pressed: 'k'. Current keys: {'k'}
DEBUG: Key pressed: 'u'. Current keys: {'u'}
DEBUG: Key pressed: 'p'. Current keys: {'p'}
DEBUG: Key pressed: 'u'. Current keys: {'u'}
DEBUG: Key pressed: Key.space. Current keys: {<Key.space: ' '>}
DEBUG: _on_stop_recording called. is_recording=False
DEBUG: Stop ignored (not recording)
DEBUG: Key pressed: 'i'. Current keys: {'i'}
DEBUG: Key pressed: 'l'. Current keys: {'l'}
DEBUG: Key pressed: 'i'. Current keys: {'i'}
DEBUG: Key pressed: Key.space. Current keys: {<Key.space: ' '>}
DEBUG: _on_stop_recording called. is_recording=False
DEBUG: Stop ignored (not recording)
DEBUG: Key pressed: 's'. Current keys: {'s'}
DEBUG: Key pressed: 'q'. Current keys: {'q'}
DEBUG: Key pressed: 'l'. Current keys: {'l'}
DEBUG: Key pressed: Key.space. Current keys: {<Key.space: ' '>}
DEBUG: _on_stop_recording called. is_recording=False
DEBUG: Stop ignored (not recording)
DEBUG: Key pressed: 'i'. Current keys: {'i'}
DEBUG: Key pressed: 'n'. Current keys: {'n'}
DEBUG: Key pressed: 'n'. Current keys: {'n'}
DEBUG: Key pressed: 'e'. Current keys: {'e', 'n'}
DEBUG: Key pressed: 'r'. Current keys: {'r'}
DEBUG: Key pressed: Key.space. Current keys: {<Key.space: ' '>}
DEBUG: _on_stop_recording called. is_recording=False
DEBUG: Stop ignored (not recording)
DEBUG: Key pressed: 'j'. Current keys: {'j'}
DEBUG: Key pressed: 'o'. Current keys: {'o'}
DEBUG: Key pressed: 'i'. Current keys: {'i'}
DEBUG: Key pressed: 'n'. Current keys: {'n'}
DEBUG: Key pressed: Key.enter. Current keys: {<Key.enter: <36>>}
DEBUG: Key pressed: Key.media_volume_up. Current keys: {<Key.media_volume_up: <0>>}
DEBUG: Key pressed: Key.media_volume_up. Current keys: {<Key.media_volume_up: <0>>}
DEBUG: Key pressed: Key.media_volume_up. Current keys: {<Key.media_volume_up: <0>>}
DEBUG: Key pressed: Key.media_volume_up. Current keys: {<Key.media_volume_up: <0>>}
DEBUG: Key pressed: Key.media_volume_down. Current keys: {<Key.media_volume_down: <1>>}
DEBUG: Key pressed: Key.media_volume_down. Current keys: {<Key.media_volume_down: <1>>}
DEBUG: Key pressed: Key.media_volume_down. Current keys: {<Key.media_volume_down: <1>>}
DEBUG: Key pressed: Key.media_volume_down. Current keys: {<Key.media_volume_down: <1>>}
DEBUG: Key pressed: Key.media_volume_down. Current keys: {<Key.media_volume_down: <1>>}
DEBUG: Key pressed: Key.media_volume_down. Current keys: {<Key.media_volume_down: <1>>}
DEBUG: Key pressed: 's'. Current keys: {'s'}
DEBUG: Key pressed: 't'. Current keys: {'t'}
DEBUG: Key pressed: 'a'. Current keys: {'t', 'a'}
DEBUG: Key pressed: Key.space. Current keys: {<Key.space: ' '>}
DEBUG: _on_stop_recording called. is_recording=False
DEBUG: Stop ignored (not recording)
DEBUG: Key pressed: Key.backspace. Current keys: {<Key.backspace: <51>>}
DEBUG: Key pressed: Key.backspace. Current keys: {<Key.backspace: <51>>}
DEBUG: Key pressed: Key.backspace. Current keys: {<Key.backspace: <51>>}
DEBUG: Key pressed: Key.backspace. Current keys: {<Key.backspace: <51>>}
DEBUG: Key pressed: Key.backspace. Current keys: {<Key.backspace: <51>>}
DEBUG: Key pressed: 'k'. Current keys: {'k'}
DEBUG: Key pressed: 'r'. Current keys: {'r'}
DEBUG: Key pressed: 'a'. Current keys: {'a'}
DEBUG: Key pressed: 't'. Current keys: {'t'}
DEBUG: Key pressed: 'k'. Current keys: {'k'}
DEBUG: Key pressed: 'o'. Current keys: {'o'}
DEBUG: Key pressed: Key.space. Current keys: {<Key.space: ' '>}
DEBUG: _on_stop_recording called. is_recording=False
DEBUG: Stop ignored (not recording)
DEBUG: Key pressed: 's'. Current keys: {'s'}
DEBUG: Key pressed: 't'. Current keys: {'t'}
DEBUG: Key pressed: 'o'. Current keys: {'o'}
DEBUG: Key pressed: Key.space. Current keys: {<Key.space: ' '>}
DEBUG: _on_stop_recording called. is_recording=False
DEBUG: Stop ignored (not recording)
DEBUG: Key pressed: 's'. Current keys: {'s'}
DEBUG: Key pressed: 'u'. Current keys: {'u'}
DEBUG: Key pressed: Key.space. Current keys: {<Key.space: ' '>}
DEBUG: _on_stop_recording called. is_recording=False
DEBUG: Stop ignored (not recording)
DEBUG: Key pressed: 'o'. Current keys: {'o'}
DEBUG: Key pressed: 'v'. Current keys: {'v'}
DEBUG: Key pressed: 'd'. Current keys: {'d'}
DEBUG: Key pressed: 'j'. Current keys: {'j'}
DEBUG: Key pressed: 'e'. Current keys: {'j', 'e'}
DEBUG: Key pressed: Key.space. Current keys: {<Key.space: ' '>}
DEBUG: _on_stop_recording called. is_recording=False
DEBUG: Stop ignored (not recording)
DEBUG: Key pressed: '3'. Current keys: {'3'}
DEBUG: Key pressed: Key.space. Current keys: {<Key.space: ' '>}
DEBUG: _on_stop_recording called. is_recording=False
DEBUG: Stop ignored (not recording)
DEBUG: Key pressed: 't'. Current keys: {'t'}
DEBUG: Key pressed: 'a'. Current keys: {'a'}
DEBUG: Key pressed: 'c'. Current keys: {'c'}
DEBUG: Key pressed: 'k'. Current keys: {'k'}
DEBUG: Key pressed: 'e'. Current keys: {'e'}
DEBUG: Key pressed: Key.enter. Current keys: {<Key.enter: <36>>}
DEBUG: Key pressed: Key.cmd. Current keys: {<Key.cmd: <55>>}
DEBUG: Key pressed: 'c'. Current keys: {'c', <Key.cmd: <55>>}
DEBUG: Key pressed: Key.cmd. Current keys: {<Key.cmd: <55>>}
DEBUG: Key pressed: 'v'. Current keys: {<Key.cmd: <55>>, 'v'}
DEBUG: Key pressed: Key.space. Current keys: {<Key.space: ' '>}
DEBUG: _on_stop_recording called. is_recording=False
DEBUG: Stop ignored (not recording)
DEBUG: Key pressed: 'd'. Current keys: {'d'}
DEBUG: Key pressed: 'a'. Current keys: {'a'}
DEBUG: Key pressed: 'j'. Current keys: {'j'}
DEBUG: Key pressed: Key.space. Current keys: {<Key.space: ' '>}
DEBUG: _on_stop_recording called. is_recording=False
DEBUG: Stop ignored (not recording)
DEBUG: Key pressed: 'm'. Current keys: {'m'}
DEBUG: Key pressed: 'i'. Current keys: {'i'}
DEBUG: Key pressed: Key.space. Current keys: {<Key.space: ' '>}
DEBUG: _on_stop_recording called. is_recording=False
DEBUG: Stop ignored (not recording)
DEBUG: Key pressed: 'o'. Current keys: {'o'}
DEBUG: Key pressed: 'd'. Current keys: {'d'}
DEBUG: Key pressed: 'g'. Current keys: {'g'}
DEBUG: Key pressed: 'o'. Current keys: {'o'}
DEBUG: Key pressed: 'v'. Current keys: {'v'}
DEBUG: Key pressed: 'o'. Current keys: {'o'}
DEBUG: Key pressed: 'r'. Current keys: {'r'}
DEBUG: Key pressed: 'e'. Current keys: {'e'}
DEBUG: Key pressed: Key.space. Current keys: {<Key.space: ' '>}
DEBUG: _on_stop_recording called. is_recording=False
DEBUG: Stop ignored (not recording)
DEBUG: Key pressed: 'n'. Current keys: {'n'}
DEBUG: Key pressed: 'a'. Current keys: {'a'}
DEBUG: Key pressed: Key.space. Current keys: {<Key.space: ' '>}
DEBUG: _on_stop_recording called. is_recording=False
DEBUG: Stop ignored (not recording)
DEBUG: Key pressed: 'o'. Current keys: {'o'}
DEBUG: Key pressed: 'v'. Current keys: {'v'}
DEBUG: Key pressed: 'a'. Current keys: {'a'}
DEBUG: Key pressed: Key.space. Current keys: {<Key.space: ' '>}
DEBUG: _on_stop_recording called. is_recording=False
DEBUG: Stop ignored (not recording)
DEBUG: Key pressed: 'p'. Current keys: {'p'}
DEBUG: Key pressed: 'i'. Current keys: {'i'}
DEBUG: Key pressed: 't'. Current keys: {'t'}
DEBUG: Key pressed: 'a'. Current keys: {'a'}
DEBUG: Key pressed: 'n'. Current keys: {'n'}
DEBUG: Key pressed: 'j'. Current keys: {'j'}
DEBUG: Key pressed: 'a'. Current keys: {'a'}
DEBUG: Key pressed: Key.enter. Current keys: {<Key.enter: <36>>}
DEBUG: Key pressed: 'g'. Current keys: {'g'}
DEBUG: Key pressed: 'i'. Current keys: {'i'}
DEBUG: Key pressed: 'v'. Current keys: {'v'}
DEBUG: Key pressed: 'e'. Current keys: {'e'}
DEBUG: Key pressed: Key.space. Current keys: {<Key.space: ' '>}
DEBUG: _on_stop_recording called. is_recording=False
DEBUG: Stop ignored (not recording)
DEBUG: Key pressed: 'm'. Current keys: {'m'}
DEBUG: Key pressed: 'e'. Current keys: {'m', 'e'}
DEBUG: Key pressed: Key.space. Current keys: {<Key.space: ' '>}
DEBUG: _on_stop_recording called. is_recording=False
DEBUG: Stop ignored (not recording)
DEBUG: Key pressed: Key.backspace. Current keys: {<Key.backspace: <51>>}
DEBUG: Key pressed: Key.backspace. Current keys: {<Key.backspace: <51>>}
DEBUG: Key pressed: Key.backspace. Current keys: {<Key.backspace: <51>>}
DEBUG: Key pressed: Key.backspace. Current keys: {<Key.backspace: <51>>}
DEBUG: Key pressed: Key.backspace. Current keys: {<Key.backspace: <51>>}
DEBUG: Key pressed: Key.backspace. Current keys: {<Key.backspace: <51>>}
DEBUG: Key pressed: Key.backspace. Current keys: {<Key.backspace: <51>>}
DEBUG: Key pressed: Key.backspace. Current keys: {<Key.backspace: <51>>}
DEBUG: Key pressed: Key.cmd. Current keys: {<Key.cmd: <55>>}
DEBUG: Key pressed: 'c'. Current keys: {<Key.cmd: <55>>, 'c'}
DEBUG: Key pressed: Key.cmd. Current keys: {<Key.cmd: <55>>}
DEBUG: Key pressed: 'c'. Current keys: {<Key.cmd: <55>>, 'c'}
DEBUG: Key pressed: Key.cmd. Current keys: {<Key.cmd: <55>>}
DEBUG: Key pressed: 'v'. Current keys: {<Key.cmd: <55>>, 'v'}
DEBUG: Key pressed: Key.space. Current keys: {<Key.space: ' '>}
DEBUG: _on_stop_recording called. is_recording=False
DEBUG: Stop ignored (not recording)
DEBUG: Key pressed: 'f'. Current keys: {'f'}
DEBUG: Key pressed: 'u'. Current keys: {'u'}
DEBUG: Key pressed: 'l'. Current keys: {'l'}
DEBUG: Key pressed: 'l'. Current keys: {'l'}
DEBUG: Key pressed: 's'. Current keys: {'s'}
DEBUG: Key pressed: 't'. Current keys: {'t'}
DEBUG: Key pressed: 'a'. Current keys: {'t', 'a'}
DEBUG: Key pressed: 'c'. Current keys: {'c'}
DEBUG: Key pressed: 'k'. Current keys: {'k'}
DEBUG: Key pressed: 't'. Current keys: {'t'}
DEBUG: Key pressed: 'r'. Current keys: {'r'}
DEBUG: Key pressed: 'a'. Current keys: {'r', 'a'}
DEBUG: Key pressed: 'z'. Current keys: {'z'}
DEBUG: Key pressed: 'i'. Current keys: {'i'}
DEBUG: Key pressed: 't'. Current keys: {'t'}
DEBUG: Key pressed: Key.space. Current keys: {<Key.space: ' '>}
DEBUG: _on_stop_recording called. is_recording=False
DEBUG: Stop ignored (not recording)
DEBUG: Key pressed: 'c'. Current keys: {'c'}
DEBUG: Key pressed: 'e'. Current keys: {'e'}
DEBUG: Key pressed: Key.space. Current keys: {<Key.space: ' '>}
DEBUG: _on_stop_recording called. is_recording=False
DEBUG: Stop ignored (not recording)
DEBUG: Key pressed: 's'. Current keys: {'s'}
DEBUG: Key pressed: 'e'. Current keys: {'e'}
DEBUG: Key pressed: Key.space. Current keys: {<Key.space: ' '>}
DEBUG: _on_stop_recording called. is_recording=False
DEBUG: Stop ignored (not recording)
DEBUG: Key pressed: 'v'. Current keys: {'v'}
DEBUG: Key pressed: 'i'. Current keys: {'i'}
DEBUG: Key pressed: 's'. Current keys: {'s'}
DEBUG: Key pressed: 'e'. Current keys: {'e'}
DEBUG: Key pressed: Key.space. Current keys: {<Key.space: ' '>}
DEBUG: _on_stop_recording called. is_recording=False
DEBUG: Stop ignored (not recording)
DEBUG: Key pressed: 'b'. Current keys: {'b'}
DEBUG: Key pressed: 'v'. Current keys: {'v'}
DEBUG: Key pressed: Key.backspace. Current keys: {<Key.backspace: <51>>}
DEBUG: Key pressed: Key.backspace. Current keys: {<Key.backspace: <51>>}
DEBUG: Key pressed: Key.shift_r. Current keys: {<Key.shift_r: <60>>}
DEBUG: Key pressed: 'B'. Current keys: {'B', <Key.shift_r: <60>>}
DEBUG: Key pressed: 'E'. Current keys: {<Key.shift_r: <60>>, 'E'}
DEBUG: Key pressed: Key.space. Current keys: {<Key.space: ' '>}
DEBUG: _on_stop_recording called. is_recording=False
DEBUG: Stop ignored (not recording)
DEBUG: Key pressed: 's'. Current keys: {'s'}
DEBUG: Key pressed: 't'. Current keys: {'t'}
DEBUG: Key pressed: 'a'. Current keys: {'a', 't'}
DEBUG: Key pressed: 'c'. Current keys: {'c'}
DEBUG: Key pressed: 'k'. Current keys: {'k'}
DEBUG: Key pressed: Key.space. Current keys: {<Key.space: ' '>, 'k'}
DEBUG: _on_stop_recording called. is_recording=False
DEBUG: Stop ignored (not recording)
DEBUG: Key pressed: 'c'. Current keys: {'c'}
DEBUG: Key pressed: 'e'. Current keys: {'e'}
DEBUG: Key pressed: Key.space. Current keys: {<Key.space: ' '>}
DEBUG: _on_stop_recording called. is_recording=False
DEBUG: Stop ignored (not recording)
DEBUG: Key pressed: 'b'. Current keys: {'b'}
DEBUG: Key pressed: 'i'. Current keys: {'i'}
DEBUG: Key pressed: 't'. Current keys: {'t'}
DEBUG: Key pressed: 'i'. Current keys: {'i'}
DEBUG: Key pressed: Key.space. Current keys: {'i', <Key.space: ' '>}
DEBUG: _on_stop_recording called. is_recording=False
DEBUG: Stop ignored (not recording)
DEBUG: Key pressed: 'a'. Current keys: {'a'}
DEBUG: Key pressed: 'n'. Current keys: {'n'}
DEBUG: Key pressed: 'g'. Current keys: {'g'}
DEBUG: Key pressed: 'u'. Current keys: {'u'}
DEBUG: Key pressed: 'a'. Current keys: {'a'}
DEBUG: Key pressed: 'l'. Current keys: {'l', 'a'}
DEBUG: Key pressed: 'r'. Current keys: {'r'}
DEBUG: Key pressed: Key.space. Current keys: {<Key.space: ' '>}
DEBUG: _on_stop_recording called. is_recording=False
DEBUG: Stop ignored (not recording)
DEBUG: Key pressed: 'i'. Current keys: {'i', <Key.space: ' '>}
DEBUG: Key pressed: Key.space. Current keys: {<Key.space: ' '>}
DEBUG: _on_stop_recording called. is_recording=False
DEBUG: Stop ignored (not recording)
DEBUG: Key pressed: 'j'. Current keys: {'j'}
DEBUG: Key pressed: 'a'. Current keys: {'a'}
DEBUG: Key pressed: 'v'. Current keys: {'v'}
DEBUG: Key pressed: 'a'. Current keys: {'a'}
DEBUG: Key pressed: '.'. Current keys: {'.'}
DEBUG: Key pressed: Key.space. Current keys: {<Key.space: ' '>}
DEBUG: _on_stop_recording called. is_recording=False
DEBUG: Stop ignored (not recording)
DEBUG: Key pressed: 'd'. Current keys: {'d'}
DEBUG: Key pressed: 'a'. Current keys: {'a'}
DEBUG: Key pressed: 'j'. Current keys: {'j'}
DEBUG: Key pressed: Key.space. Current keys: {<Key.space: ' '>}
DEBUG: _on_stop_recording called. is_recording=False
DEBUG: Stop ignored (not recording)
DEBUG: Key pressed: 'm'. Current keys: {'m'}
DEBUG: Key pressed: 'i'. Current keys: {'i'}
DEBUG: Key pressed: Key.space. Current keys: {<Key.space: ' '>}
DEBUG: _on_stop_recording called. is_recording=False
DEBUG: Stop ignored (not recording)
DEBUG: Key pressed: 'c'. Current keys: {'c'}
DEBUG: Key pressed: 'e'. Current keys: {'e'}
DEBUG: Key pressed: 's'. Current keys: {'s'}
DEBUG: Key pressed: 't'. Current keys: {'t'}
DEBUG: Key pressed: 'a'. Current keys: {'a'}
DEBUG: Key pressed: Key.space. Current keys: {<Key.space: ' '>}
DEBUG: _on_stop_recording called. is_recording=False
DEBUG: Stop ignored (not recording)
DEBUG: Key pressed: 'p'. Current keys: {'p'}
DEBUG: Key pressed: 'i'. Current keys: {'i'}
DEBUG: Key pressed: 't'. Current keys: {'t'}
DEBUG: Key pressed: 'a'. Current keys: {'a'}
DEBUG: Key pressed: 'n'. Current keys: {'n'}
DEBUG: Key pressed: 'j'. Current keys: {'j'}
DEBUG: Key pressed: 'a'. Current keys: {'j', 'a'}
DEBUG: Key pressed: Key.space. Current keys: {<Key.space: ' '>}
DEBUG: _on_stop_recording called. is_recording=False
DEBUG: Stop ignored (not recording)
DEBUG: Key pressed: 'z'. Current keys: {'z'}
DEBUG: Key pressed: 'a'. Current keys: {'a'}
DEBUG: Key pressed: Key.space. Current keys: {<Key.space: ' '>}
DEBUG: _on_stop_recording called. is_recording=False
DEBUG: Stop ignored (not recording)
DEBUG: Key pressed: Key.backspace. Current keys: {<Key.backspace: <51>>}
DEBUG: Key pressed: Key.backspace. Current keys: {<Key.backspace: <51>>}
DEBUG: Key pressed: Key.backspace. Current keys: {<Key.backspace: <51>>}
DEBUG: Key pressed: 'i'. Current keys: {'i'}
DEBUG: Key pressed: Key.space. Current keys: {<Key.space: ' '>}
DEBUG: _on_stop_recording called. is_recording=False
DEBUG: Stop ignored (not recording)
DEBUG: Key pressed: 'o'. Current keys: {'o'}
DEBUG: Key pressed: 'd'. Current keys: {'d'}
DEBUG: Key pressed: 'g'. Current keys: {'g'}
DEBUG: Key pressed: Key.space. Current keys: {<Key.space: ' '>}
DEBUG: _on_stop_recording called. is_recording=False
DEBUG: Stop ignored (not recording)
DEBUG: Key pressed: 'z'. Current keys: {'z'}
DEBUG: Key pressed: 'a'. Current keys: {'a'}
DEBUG: Key pressed: Key.space. Current keys: {<Key.space: ' '>}
DEBUG: _on_stop_recording called. is_recording=False
DEBUG: Stop ignored (not recording)
DEBUG: Key pressed: 'a'. Current keys: {'a'}
DEBUG: Key pressed: 'n'. Current keys: {'n'}
DEBUG: Key pressed: 'g'. Current keys: {'g'}
DEBUG: Key pressed: 'u'. Current keys: {'u'}
DEBUG: Key pressed: 'a'. Current keys: {'a'}
DEBUG: Key pressed: 'l'. Current keys: {'l', 'a'}
DEBUG: Key pressed: 'r'. Current keys: {'r'}
DEBUG: Key pressed: Key.space. Current keys: {<Key.space: ' '>}
DEBUG: _on_stop_recording called. is_recording=False
DEBUG: Stop ignored (not recording)
DEBUG: Key pressed: 'i'. Current keys: {'i'}
DEBUG: Key pressed: Key.space. Current keys: {<Key.space: ' '>}
DEBUG: _on_stop_recording called. is_recording=False
DEBUG: Stop ignored (not recording)
DEBUG: Key pressed: 'j'. Current keys: {'j'}
DEBUG: Key pressed: 'a'. Current keys: {'a'}
DEBUG: Key pressed: 'v'. Current keys: {'v'}
DEBUG: Key pressed: 'a'. Current keys: {'a'}
DEBUG: Key pressed: Key.space. Current keys: {<Key.space: ' '>}
DEBUG: _on_stop_recording called. is_recording=False
DEBUG: Stop ignored (not recording)
DEBUG: Key pressed: 's'. Current keys: {'s'}
DEBUG: Key pressed: 'p'. Current keys: {'p'}
DEBUG: Key pressed: 'r'. Current keys: {'r'}
DEBUG: Key pressed: 'i'. Current keys: {'i'}
DEBUG: Key pressed: 'n'. Current keys: {'n'}
DEBUG: Key pressed: 'g'. Current keys: {'g'}
DEBUG: Key pressed: Key.space. Current keys: {<Key.space: ' '>}
DEBUG: _on_stop_recording called. is_recording=False
DEBUG: Stop ignored (not recording)
DEBUG: Key pressed: 'b'. Current keys: {'b'}
DEBUG: Key pressed: 'o'. Current keys: {'o'}
DEBUG: Key pressed: 'o'. Current keys: {'o'}
DEBUG: Key pressed: 't'. Current keys: {'t'}
DEBUG: Key pressed: Key.space. Current keys: {<Key.space: ' '>}
DEBUG: _on_stop_recording called. is_recording=False
DEBUG: Stop ignored (not recording)
DEBUG: Key pressed: 'a'. Current keys: {'a'}
DEBUG: Key pressed: 'p'. Current keys: {'p'}
DEBUG: Key pressed: 'r'. Current keys: {'r', 'p'}
DEBUG: Key pressed: 'a'. Current keys: {'a'}
DEBUG: Key pressed: 'v'. Current keys: {'v'}
DEBUG: Key pressed: 'i'. Current keys: {'i'}
DEBUG: Key pressed: Key.space. Current keys: {<Key.space: ' '>}
DEBUG: _on_stop_recording called. is_recording=False
DEBUG: Stop ignored (not recording)
DEBUG: Key pressed: 'v'. Current keys: {'v'}
DEBUG: Key pressed: 'e'. Current keys: {'e'}
DEBUG: Key pressed: 'z'. Current keys: {'z'}
DEBUG: Key pressed: 'e'. Current keys: {'e'}
DEBUG: Key pressed: Key.backspace. Current keys: {<Key.backspace: <51>>}
DEBUG: Key pressed: 'u'. Current keys: {'u'}
DEBUG: Key pressed: Key.space. Current keys: {<Key.space: ' '>}
DEBUG: _on_stop_recording called. is_recording=False
DEBUG: Stop ignored (not recording)
DEBUG: Key pressed: 'i'. Current keys: {'i'}
DEBUG: Key pressed: 'z'. Current keys: {'z'}
DEBUG: Key pressed: 'm'. Current keys: {'m'}
DEBUG: Key pressed: 'e'. Current keys: {'e'}
DEBUG: Key pressed: 'd'. Current keys: {'d'}
DEBUG: Key pressed: 'j'. Current keys: {'j'}
DEBUG: Key pressed: 'u'. Current keys: {'u'}
DEBUG: Key pressed: Key.space. Current keys: {<Key.space: ' '>}
DEBUG: _on_stop_recording called. is_recording=False
DEBUG: Stop ignored (not recording)
DEBUG: Key pressed: 'r'. Current keys: {'r'}
DEBUG: Key pressed: 'e'. Current keys: {'e'}
DEBUG: Key pressed: 'a'. Current keys: {'a'}
DEBUG: Key pressed: 'c'. Current keys: {'c'}
DEBUG: Key pressed: 't'. Current keys: {'t'}
DEBUG: Key pressed: 'a'. Current keys: {'a'}
DEBUG: Key pressed: Key.space. Current keys: {<Key.space: ' '>}
DEBUG: _on_stop_recording called. is_recording=False
DEBUG: Stop ignored (not recording)
DEBUG: Key pressed: 's'. Current keys: {'s'}
DEBUG: Key pressed: 'a'. Current keys: {'a'}
DEBUG: Key pressed: Key.space. Current keys: {<Key.space: ' '>}
DEBUG: _on_stop_recording called. is_recording=False
DEBUG: Stop ignored (not recording)
DEBUG: Key pressed: 'a'. Current keys: {'a'}
DEBUG: Key pressed: 'n'. Current keys: {'n'}
DEBUG: Key pressed: 'g'. Current keys: {'g'}
DEBUG: Key pressed: 'u'. Current keys: {'u'}
DEBUG: Key pressed: 'a'. Current keys: {'a'}
DEBUG: Key pressed: 'l'. Current keys: {'a', 'l'}
DEBUG: Key pressed: 'r'. Current keys: {'r'}
DEBUG: Key pressed: 'o'. Current keys: {'o'}
DEBUG: Key pressed: 'm'. Current keys: {'m'}
DEBUG: Key pressed: Key.space. Current keys: {<Key.space: ' '>}
DEBUG: _on_stop_recording called. is_recording=False
DEBUG: Stop ignored (not recording)
DEBUG: Key pressed: 'i'. Current keys: {'i'}
DEBUG: Key pressed: Key.space. Current keys: {<Key.space: ' '>}
DEBUG: _on_stop_recording called. is_recording=False
DEBUG: Stop ignored (not recording)
DEBUG: Key pressed: 'j'. Current keys: {'j'}
DEBUG: Key pressed: 'a'. Current keys: {'a'}
DEBUG: Key pressed: 'v'. Current keys: {'v'}
DEBUG: Key pressed: 'e'. Current keys: {'e'}
DEBUG: Key pressed: Key.space. Current keys: {<Key.space: ' '>}
DEBUG: _on_stop_recording called. is_recording=False
DEBUG: Stop ignored (not recording)
DEBUG: Key pressed: 's'. Current keys: {'s'}
DEBUG: Key pressed: Key.space. Current keys: {<Key.space: ' '>}
DEBUG: _on_stop_recording called. is_recording=False
DEBUG: Stop ignored (not recording)
DEBUG: Key pressed: 'p'. Current keys: {'p'}
DEBUG: Key pressed: 'y'. Current keys: {'y'}
DEBUG: Key pressed: 't'. Current keys: {'t'}
DEBUG: Key pressed: 'h'. Current keys: {'h'}
DEBUG: Key pressed: 'o'. Current keys: {'o'}
DEBUG: Key pressed: 'n'. Current keys: {'n'}
DEBUG: Key pressed: Key.space. Current keys: {<Key.space: ' '>}
DEBUG: _on_stop_recording called. is_recording=False
DEBUG: Stop ignored (not recording)
DEBUG: Key pressed: 'd'. Current keys: {'d'}
DEBUG: Key pressed: 'a'. Current keys: {'a'}
DEBUG: Key pressed: Key.space. Current keys: {<Key.space: ' '>}
DEBUG: _on_stop_recording called. is_recording=False
DEBUG: Stop ignored (not recording)
DEBUG: Key pressed: 'l'. Current keys: {'l'}
DEBUG: Key pressed: 'a'. Current keys: {'a'}
DEBUG: Key pressed: 'k'. Current keys: {'k'}
DEBUG: Key pressed: 's'. Current keys: {'s'}
DEBUG: Key pressed: 'e'. Current keys: {'e'}
DEBUG: Key pressed: Key.space. Current keys: {<Key.space: ' '>}
DEBUG: _on_stop_recording called. is_recording=False
DEBUG: Stop ignored (not recording)
DEBUG: Key pressed: 'r'. Current keys: {'r'}
DEBUG: Key pressed: 'a'. Current keys: {'a'}
DEBUG: Key pressed: 'z'. Current keys: {'z'}
DEBUG: Key pressed: 'u'. Current keys: {'u'}
DEBUG: Key pressed: 'm'. Current keys: {'m'}
DEBUG: Key pressed: 'i'. Current keys: {'i'}
DEBUG: Key pressed: 'm'. Current keys: {'m'}
DEBUG: Key pressed: Key.enter. Current keys: {<Key.enter: <36>>}
DEBUG: Key pressed: Key.cmd. Current keys: {<Key.cmd: <55>>}
DEBUG: Key pressed: 'c'. Current keys: {'c', <Key.cmd: <55>>}
DEBUG: Key pressed: Key.cmd. Current keys: {<Key.cmd: <55>>}
DEBUG: Key pressed: 'v'. Current keys: {<Key.cmd: <55>>, 'v'}
DEBUG: Key pressed: Key.cmd. Current keys: {<Key.cmd: <55>>}
DEBUG: Key pressed: 'c'. Current keys: {'c', <Key.cmd: <55>>}
DEBUG: Key pressed: Key.cmd. Current keys: {<Key.cmd: <55>>}
DEBUG: Key pressed: 'v'. Current keys: {<Key.cmd: <55>>, 'v'}
DEBUG: Key pressed: Key.space. Current keys: {<Key.space: ' '>}
DEBUG: _on_stop_recording called. is_recording=False
DEBUG: Stop ignored (not recording)
DEBUG: Key pressed: 'o'. Current keys: {'o'}
DEBUG: Key pressed: 'b'. Current keys: {'b'}
DEBUG: Key pressed: 'j'. Current keys: {'j'}
DEBUG: Key pressed: 'a'. Current keys: {'a'}
DEBUG: Key pressed: 's'. Current keys: {'s'}
DEBUG: Key pressed: 'n'. Current keys: {'n'}
DEBUG: Key pressed: 'i'. Current keys: {'i'}
DEBUG: Key pressed: Key.space. Current keys: {<Key.space: ' '>}
DEBUG: _on_stop_recording called. is_recording=False
DEBUG: Stop ignored (not recording)
DEBUG: Key pressed: 'm'. Current keys: {'m'}
DEBUG: Key pressed: 'i'. Current keys: {'i'}
DEBUG: Key pressed: Key.space. Current keys: {<Key.space: ' '>}
DEBUG: _on_stop_recording called. is_recording=False
DEBUG: Stop ignored (not recording)
DEBUG: Key pressed: 'o'. Current keys: {'o'}
DEBUG: Key pressed: 'v'. Current keys: {'v'}
DEBUG: Key pressed: 'o'. Current keys: {'o'}
DEBUG: Key pressed: Key.enter. Current keys: {<Key.enter: <36>>}
DEBUG: Key pressed: 'c'. Current keys: {'c'}
DEBUG: Key pressed: 'a'. Current keys: {'a'}
DEBUG: Key pressed: 'l'. Current keys: {'l'}
DEBUG: Key pressed: 'c'. Current keys: {'c'}
DEBUG: Key pressed: 'l'. Current keys: {'l'}
DEBUG: Key pressed: 'a'. Current keys: {'a'}
DEBUG: Key pressed: Key.backspace. Current keys: {<Key.backspace: <51>>}
DEBUG: Key pressed: Key.backspace. Current keys: {<Key.backspace: <51>>}
DEBUG: Key pressed: 'a'. Current keys: {'a'}
DEBUG: Key pressed: 'l'. Current keys: {'l'}
DEBUG: Key pressed: 'e'. Current keys: {'e'}
DEBUG: Key pressed: Key.backspace. Current keys: {<Key.backspace: <51>>}
DEBUG: Key pressed: Key.backspace. Current keys: {<Key.backspace: <51>>}
DEBUG: Key pressed: Key.backspace. Current keys: {<Key.backspace: <51>>}
DEBUG: Key pressed: Key.backspace. Current keys: {<Key.backspace: <51>>}
DEBUG: Key pressed: 'a'. Current keys: {'a'}
DEBUG: Key pressed: Key.right. Current keys: {<Key.right: <124>>}
DEBUG: Key pressed: Key.enter. Current keys: {<Key.enter: <36>>}
DEBUG: Key pressed: Key.alt. Current keys: {<Key.alt: <58>>}
DEBUG: Key pressed: Key.space. Current keys: {<Key.alt: <58>>, <Key.space: ' '>}
DEBUG: Overlay process started (PID: 51947)

🔴 Recording... (English, turbo)
Press Space to stop and transcribe
DEBUG: _on_stop_recording called. is_recording=True
DEBUG: Stop ignored (too soon - debounce protection)
DEBUG: Key pressed: Key.space. Current keys: {<Key.space: ' '>}
DEBUG: _on_stop_recording called. is_recording=True
DEBUG: Hiding overlay (PID: 51947)
DEBUG: _stop_and_transcribe called
DEBUG: Calling audio_recorder.stop_recording...
DEBUG: stop_recording returned True
🎙️  Processing...
DEBUG: Initializing transcriber with model /Users/sanel.zulic/myprojects/whisper.cpp/models/ggml-large-v3-turbo.bin
DEBUG: Starting transcription...
DEBUG: Transcriber running command: /Users/sanel.zulic/myprojects/whisper.cpp/build/bin/whisper-cli -m /Users/sanel.zulic/myprojects/whisper.cpp/models/ggml-large-v3-turbo.bin -f /tmp/vibepaste_recording.wav -otxt
DEBUG: Whisper return code: 0
DEBUG: Whisper stdout: 
[00:00:00.000 --> 00:00:04.720]   Send your back-end interview questions.
...
DEBUG: Whisper stderr: whisper_init_from_file_with_params_no_state: loading model from '/Users/sanel.zulic/myprojects/whisper.cpp/models/ggml-large-v3-turbo.bin'
whisper_init_with_params_no_state: use gpu    = 1
whisper_init_with_params_no_state: flash attn = 1
whisper_init_with_params_no_state: gpu_device = 0
whisper_init_with_params_no_state: dtw        = 0
ggml_metal_device_init: tensor API disabled for pre-M5 and pre-A19 devices
ggml_metal_library_init: using embedded metal library
ggml_metal_library_init: loaded in 0.023 sec
ggml_metal_rsets_init: creating a residency set collection (keep_alive = 180 s)
ggml_metal_device_init: GPU name:   Apple M4 Pro
ggml_metal_device_init: GPU family: MTLGPUFamilyApple9  (1009)
ggml_metal_device_init: GPU family: MTLGPUFamilyCommon3 (3003)
ggml_metal_device_init: GPU family: MTLGPUFamilyMetal4  (5002)
ggml_metal_device_init: simdgroup reduction   = true
ggml_metal_device_init: simdgroup matrix mul. = true
ggml_metal_device_init: has unified memory    = true
ggml_metal_device_init: has bfloat            = true
ggml_metal_device_init: has tensor            = false
ggml_metal_device_init: use residency sets    = true
ggml_metal_device_init: use shared buffers    = true
ggml_metal_device_init: recommendedMaxWorkingSetSize  = 19069.67 MB
whisper_init_with_params_no_state: devices    = 3
whisper_init_with_params_no_state: backends   = 3
whisper_model_load: loading model
whisper_model_load: n_vocab       = 51866
whisper_model_load: n_audio_ctx   = 1500
whisper_model_load: n_audio_state = 1280
whisper_model_load: n_audio_head  = 20
whisper_model_load: n_audio_layer = 32
whisper_model_load: n_text_ctx    = 448
whisper_model_load: n_text_state  = 1280
whisper_model_load: n_text_head   = 20
whisper_model_load: n_text_layer  = 4
whisper_model_load: n_mels        = 128
whisper_model_load: ftype         = 1
whisper_model_load: qntvr         = 0
whisper_model_load: type          = 5 (large v3)
whisper_model_load: adding 1609 extra tokens
whisper_model_load: n_langs       = 100
whisper_model_load:        Metal total size =  1623.92 MB
whisper_model_load: model size    = 1623.92 MB
whisper_backend_init_gpu: device 0: Metal (type: 1)
whisper_backend_init_gpu: found GPU device 0: Metal (type: 1, cnt: 0)
whisper_backend_init_gpu: using Metal backend
ggml_metal_init: allocating
ggml_metal_init: found device: Apple M4 Pro
ggml_metal_init: picking default device: Apple M4 Pro
ggml_metal_init: use fusion         = true
ggml_metal_init: use concurrency    = true
ggml_metal_init: use graph optimize = true
whisper_backend_init: using BLAS backend
whisper_init_state: kv self size  =   10.49 MB
whisper_init_state: kv cross size =   31.46 MB
whisper_init_state: kv pad  size  =    7.86 MB
whisper_init_state: compute buffer (conv)   =   37.69 MB
whisper_init_state: compute buffer (encode) =   67.31 MB
whisper_init_state: compute buffer (cross)  =   24.63 MB
whisper_init_state: compute buffer (decode) =  100.04 MB

system_info: n_threads = 4 / 12 | WHISPER : COREML = 0 | OPENVINO = 0 | Metal : EMBED_LIBRARY = 1 | CPU : NEON = 1 | ARM_FMA = 1 | FP16_VA = 1 | MATMUL_INT8 = 1 | DOTPROD = 1 | SME = 1 | ACCELERATE = 1 | REPACK = 1 | 

main: processing '/tmp/vibepaste_recording.wav' (75615 samples, 4.7 sec), 4 threads, 1 processors, 5 beams + best of 5, lang = en, task = transcribe, timestamps = 1 ...

output_txt: saving output to '/tmp/vibepaste_recording.wav.txt'

whisper_print_timings:     load time =   811.77 ms
whisper_print_timings:     fallbacks =   0 p /   0 h
whisper_print_timings:      mel time =     2.07 ms
whisper_print_timings:   sample time =     7.06 ms /    49 runs (     0.14 ms per run)
whisper_print_timings:   encode time =   529.07 ms /     1 runs (   529.07 ms per run)
whisper_print_timings:   decode time =     2.02 ms /     1 runs (     2.02 ms per run)
whisper_print_timings:   batchd time =    28.51 ms /    46 runs (     0.62 ms per run)
whisper_print_timings:   prompt time =     0.00 ms /     1 runs (     0.00 ms per run)
whisper_print_timings:    total time =  1409.55 ms
ggml_metal_free: deallocating

DEBUG: Transcription result: Send your back-end interview questions.
✅ Transcribed: Send your back-end interview questions.
DEBUG: Pasting text...
DEBUG: Key pressed: Key.cmd. Current keys: {<Key.cmd: <55>>}
DEBUG: Key pressed: 'v'. Current keys: {<Key.cmd: <55>>, 'v'}
📋 Pasted!
DEBUG: Key pressed: Key.cmd. Current keys: {<Key.cmd: <55>>}
DEBUG: Key pressed: 'a'. Current keys: {'a', <Key.cmd: <55>>}
DEBUG: Key pressed: Key.backspace. Current keys: {<Key.backspace: <51>>}
DEBUG: Key pressed: Key.space. Current keys: {<Key.space: ' '>}
DEBUG: _on_stop_recording called. is_recording=False
DEBUG: Stop ignored (not recording)
DEBUG: Key pressed: Key.alt_r. Current keys: {<Key.alt_r: <61>>, <Key.space: ' '>}
DEBUG: Overlay process started (PID: 51980)

🔴 Recording... (bs, v3)
Press Space to stop and transcribe
DEBUG: Key pressed: Key.space. Current keys: {<Key.space: ' '>}
DEBUG: _on_stop_recording called. is_recording=True
DEBUG: Hiding overlay (PID: 51980)
DEBUG: _stop_and_transcribe called
DEBUG: Calling audio_recorder.stop_recording...
DEBUG: stop_recording returned True
🎙️  Processing...
DEBUG: Initializing transcriber with model /Users/sanel.zulic/myprojects/whisper.cpp/models/ggml-large-v3.bin
DEBUG: Starting transcription...
DEBUG: Transcriber running command: /Users/sanel.zulic/myprojects/whisper.cpp/build/bin/whisper-cli -m /Users/sanel.zulic/myprojects/whisper.cpp/models/ggml-large-v3.bin -f /tmp/vibepaste_recording.wav -otxt -l bs
DEBUG: Whisper return code: 0
DEBUG: Whisper stdout: 
[00:00:00.000 --> 00:00:03.160]   Koliko je stara Sidney Sweeney?
...
DEBUG: Whisper stderr: whisper_init_from_file_with_params_no_state: loading model from '/Users/sanel.zulic/myprojects/whisper.cpp/models/ggml-large-v3.bin'
whisper_init_with_params_no_state: use gpu    = 1
whisper_init_with_params_no_state: flash attn = 1
whisper_init_with_params_no_state: gpu_device = 0
whisper_init_with_params_no_state: dtw        = 0
ggml_metal_device_init: tensor API disabled for pre-M5 and pre-A19 devices
ggml_metal_library_init: using embedded metal library
ggml_metal_library_init: loaded in 0.010 sec
ggml_metal_rsets_init: creating a residency set collection (keep_alive = 180 s)
ggml_metal_device_init: GPU name:   Apple M4 Pro
ggml_metal_device_init: GPU family: MTLGPUFamilyApple9  (1009)
ggml_metal_device_init: GPU family: MTLGPUFamilyCommon3 (3003)
ggml_metal_device_init: GPU family: MTLGPUFamilyMetal4  (5002)
ggml_metal_device_init: simdgroup reduction   = true
ggml_metal_device_init: simdgroup matrix mul. = true
ggml_metal_device_init: has unified memory    = true
ggml_metal_device_init: has bfloat            = true
ggml_metal_device_init: has tensor            = false
ggml_metal_device_init: use residency sets    = true
ggml_metal_device_init: use shared buffers    = true
ggml_metal_device_init: recommendedMaxWorkingSetSize  = 19069.67 MB
whisper_init_with_params_no_state: devices    = 3
whisper_init_with_params_no_state: backends   = 3
whisper_model_load: loading model
whisper_model_load: n_vocab       = 51866
whisper_model_load: n_audio_ctx   = 1500
whisper_model_load: n_audio_state = 1280
whisper_model_load: n_audio_head  = 20
whisper_model_load: n_audio_layer = 32
whisper_model_load: n_text_ctx    = 448
whisper_model_load: n_text_state  = 1280
whisper_model_load: n_text_head   = 20
whisper_model_load: n_text_layer  = 32
whisper_model_load: n_mels        = 128
whisper_model_load: ftype         = 1
whisper_model_load: qntvr         = 0
whisper_model_load: type          = 5 (large v3)
whisper_model_load: adding 1609 extra tokens
whisper_model_load: n_langs       = 100
whisper_model_load:        Metal total size =  3094.36 MB
whisper_model_load: model size    = 3094.36 MB
whisper_backend_init_gpu: device 0: Metal (type: 1)
whisper_backend_init_gpu: found GPU device 0: Metal (type: 1, cnt: 0)
whisper_backend_init_gpu: using Metal backend
ggml_metal_init: allocating
ggml_metal_init: found device: Apple M4 Pro
ggml_metal_init: picking default device: Apple M4 Pro
ggml_metal_init: use fusion         = true
ggml_metal_init: use concurrency    = true
ggml_metal_init: use graph optimize = true
whisper_backend_init: using BLAS backend
whisper_init_state: kv self size  =   83.89 MB
whisper_init_state: kv cross size =  251.66 MB
whisper_init_state: kv pad  size  =    7.86 MB
whisper_init_state: compute buffer (conv)   =   37.69 MB
whisper_init_state: compute buffer (encode) =   67.31 MB
whisper_init_state: compute buffer (cross)  =   24.63 MB
whisper_init_state: compute buffer (decode) =  100.04 MB

system_info: n_threads = 4 / 12 | WHISPER : COREML = 0 | OPENVINO = 0 | Metal : EMBED_LIBRARY = 1 | CPU : NEON = 1 | ARM_FMA = 1 | FP16_VA = 1 | MATMUL_INT8 = 1 | DOTPROD = 1 | SME = 1 | ACCELERATE = 1 | REPACK = 1 | 

main: processing '/tmp/vibepaste_recording.wav' (80400 samples, 5.0 sec), 4 threads, 1 processors, 5 beams + best of 5, lang = bs, task = transcribe, timestamps = 1 ...

output_txt: saving output to '/tmp/vibepaste_recording.wav.txt'

whisper_print_timings:     load time =  1153.16 ms
whisper_print_timings:     fallbacks =   0 p /   0 h
whisper_print_timings:      mel time =     2.58 ms
whisper_print_timings:   sample time =    10.35 ms /    70 runs (     0.15 ms per run)
whisper_print_timings:   encode time =   590.70 ms /     1 runs (   590.70 ms per run)
whisper_print_timings:   decode time =     0.00 ms /     1 runs (     0.00 ms per run)
whisper_print_timings:   batchd time =   223.80 ms /    68 runs (     3.29 ms per run)
whisper_print_timings:   prompt time =     0.00 ms /     1 runs (     0.00 ms per run)
whisper_print_timings:    total time =  2216.52 ms
ggml_metal_free: deallocating

DEBUG: Transcription result: Koliko je stara Sidney Sweeney?
✅ Transcribed: Koliko je stara Sidney Sweeney?
DEBUG: Pasting text...
DEBUG: Key pressed: Key.cmd. Current keys: {<Key.cmd: <55>>}
DEBUG: Key pressed: 'v'. Current keys: {<Key.cmd: <55>>, 'v'}
📋 Pasted!
DEBUG: Key pressed: Key.cmd. Current keys: {<Key.cmd: <55>>}
DEBUG: Key pressed: 'a'. Current keys: {'a', <Key.cmd: <55>>}
DEBUG: Key pressed: Key.backspace. Current keys: {<Key.backspace: <51>>}
DEBUG: Key pressed: 'g'. Current keys: {'g'}
DEBUG: Key pressed: 'm'. Current keys: {'m'}
DEBUG: Key pressed: Key.enter. Current keys: {<Key.enter: <36>>}
DEBUG: Key pressed: Key.esc. Current keys: {<Key.esc: <53>>}
DEBUG: Key pressed: Key.cmd. Current keys: {<Key.cmd: <55>>}
DEBUG: Key pressed: 'c'. Current keys: {'c', <Key.cmd: <55>>}
DEBUG: Key pressed: Key.ctrl. Current keys: {<Key.ctrl: <59>>}
DEBUG: Key pressed: 'c'. Current keys: {'c', <Key.ctrl: <59>>}
DEBUG: Key pressed: 'c'. Current keys: {'c', <Key.ctrl: <59>>}
DEBUG: Key pressed: 'c'. Current keys: {'c', <Key.ctrl: <59>>}
DEBUG: Key pressed: Key.cmd. Current keys: {<Key.cmd: <55>>}
DEBUG: Key pressed: 'v'. Current keys: {'v', <Key.cmd: <55>>}
DEBUG: Key pressed: Key.enter. Current keys: {<Key.enter: <36>>}
DEBUG: Key pressed: 'c'. Current keys: {'c'}
DEBUG: Key pressed: 'l'. Current keys: {'l'}
DEBUG: Key pressed: Key.right. Current keys: {<Key.right: <124>>}
DEBUG: Key pressed: Key.enter. Current keys: {<Key.enter: <36>>}
DEBUG: Key pressed: Key.alt. Current keys: {<Key.alt: <58>>}
DEBUG: Key pressed: Key.space. Current keys: {<Key.alt: <58>>, <Key.space: ' '>}
DEBUG: Overlay process started (PID: 54383)

🔴 Recording... (English, turbo)
Press Space to stop and transcribe
DEBUG: _on_stop_recording called. is_recording=True
DEBUG: Stop ignored (too soon - debounce protection)
DEBUG: Key pressed: Key.space. Current keys: {<Key.space: ' '>}
DEBUG: _on_stop_recording called. is_recording=True
DEBUG: Hiding overlay (PID: 54383)
DEBUG: _stop_and_transcribe called
DEBUG: Calling audio_recorder.stop_recording...
DEBUG: stop_recording returned True
🎙️  Processing...
DEBUG: Initializing transcriber with model /Users/sanel.zulic/myprojects/whisper.cpp/models/ggml-large-v3-turbo.bin
DEBUG: Starting transcription...
DEBUG: Transcriber running command: /Users/sanel.zulic/myprojects/whisper.cpp/build/bin/whisper-cli -m /Users/sanel.zulic/myprojects/whisper.cpp/models/ggml-large-v3-turbo.bin -f /tmp/vibepaste_recording.wav -otxt
DEBUG: Whisper return code: 0
DEBUG: Whisper stdout: 
[00:00:00.000 --> 00:00:03.020]   Anti-gravity change log.
...
DEBUG: Whisper stderr: whisper_init_from_file_with_params_no_state: loading model from '/Users/sanel.zulic/myprojects/whisper.cpp/models/ggml-large-v3-turbo.bin'
whisper_init_with_params_no_state: use gpu    = 1
whisper_init_with_params_no_state: flash attn = 1
whisper_init_with_params_no_state: gpu_device = 0
whisper_init_with_params_no_state: dtw        = 0
ggml_metal_device_init: tensor API disabled for pre-M5 and pre-A19 devices
ggml_metal_library_init: using embedded metal library
ggml_metal_library_init: loaded in 0.023 sec
ggml_metal_rsets_init: creating a residency set collection (keep_alive = 180 s)
ggml_metal_device_init: GPU name:   Apple M4 Pro
ggml_metal_device_init: GPU family: MTLGPUFamilyApple9  (1009)
ggml_metal_device_init: GPU family: MTLGPUFamilyCommon3 (3003)
ggml_metal_device_init: GPU family: MTLGPUFamilyMetal4  (5002)
ggml_metal_device_init: simdgroup reduction   = true
ggml_metal_device_init: simdgroup matrix mul. = true
ggml_metal_device_init: has unified memory    = true
ggml_metal_device_init: has bfloat            = true
ggml_metal_device_init: has tensor            = false
ggml_metal_device_init: use residency sets    = true
ggml_metal_device_init: use shared buffers    = true
ggml_metal_device_init: recommendedMaxWorkingSetSize  = 19069.67 MB
whisper_init_with_params_no_state: devices    = 3
whisper_init_with_params_no_state: backends   = 3
whisper_model_load: loading model
whisper_model_load: n_vocab       = 51866
whisper_model_load: n_audio_ctx   = 1500
whisper_model_load: n_audio_state = 1280
whisper_model_load: n_audio_head  = 20
whisper_model_load: n_audio_layer = 32
whisper_model_load: n_text_ctx    = 448
whisper_model_load: n_text_state  = 1280
whisper_model_load: n_text_head   = 20
whisper_model_load: n_text_layer  = 4
whisper_model_load: n_mels        = 128
whisper_model_load: ftype         = 1
whisper_model_load: qntvr         = 0
whisper_model_load: type          = 5 (large v3)
whisper_model_load: adding 1609 extra tokens
whisper_model_load: n_langs       = 100
whisper_model_load:        Metal total size =  1623.92 MB
whisper_model_load: model size    = 1623.92 MB
whisper_backend_init_gpu: device 0: Metal (type: 1)
whisper_backend_init_gpu: found GPU device 0: Metal (type: 1, cnt: 0)
whisper_backend_init_gpu: using Metal backend
ggml_metal_init: allocating
ggml_metal_init: found device: Apple M4 Pro
ggml_metal_init: picking default device: Apple M4 Pro
ggml_metal_init: use fusion         = true
ggml_metal_init: use concurrency    = true
ggml_metal_init: use graph optimize = true
whisper_backend_init: using BLAS backend
whisper_init_state: kv self size  =   10.49 MB
whisper_init_state: kv cross size =   31.46 MB
whisper_init_state: kv pad  size  =    7.86 MB
whisper_init_state: compute buffer (conv)   =   37.69 MB
whisper_init_state: compute buffer (encode) =   67.31 MB
whisper_init_state: compute buffer (cross)  =   24.63 MB
whisper_init_state: compute buffer (decode) =  100.04 MB

system_info: n_threads = 4 / 12 | WHISPER : COREML = 0 | OPENVINO = 0 | Metal : EMBED_LIBRARY = 1 | CPU : NEON = 1 | ARM_FMA = 1 | FP16_VA = 1 | MATMUL_INT8 = 1 | DOTPROD = 1 | SME = 1 | ACCELERATE = 1 | REPACK = 1 | 

main: processing '/tmp/vibepaste_recording.wav' (84225 samples, 5.3 sec), 4 threads, 1 processors, 5 beams + best of 5, lang = en, task = transcribe, timestamps = 1 ...

output_txt: saving output to '/tmp/vibepaste_recording.wav.txt'

whisper_print_timings:     load time =   814.73 ms
whisper_print_timings:     fallbacks =   0 p /   0 h
whisper_print_timings:      mel time =     2.15 ms
whisper_print_timings:   sample time =     7.07 ms /    49 runs (     0.14 ms per run)
whisper_print_timings:   encode time =   511.00 ms /     1 runs (   511.00 ms per run)
whisper_print_timings:   decode time =     0.00 ms /     1 runs (     0.00 ms per run)
whisper_print_timings:   batchd time =    30.03 ms /    47 runs (     0.64 ms per run)
whisper_print_timings:   prompt time =     0.00 ms /     1 runs (     0.00 ms per run)
whisper_print_timings:    total time =  1415.10 ms
ggml_metal_free: deallocating

DEBUG: Transcription result: Anti-gravity change log.
✅ Transcribed: Anti-gravity change log.
DEBUG: Pasting text...
DEBUG: Key pressed: Key.cmd. Current keys: {<Key.cmd: <55>>}
DEBUG: Key pressed: 'v'. Current keys: {<Key.cmd: <55>>, 'v'}
📋 Pasted!
DEBUG: Key pressed: Key.enter. Current keys: {<Key.enter: <36>>}
DEBUG: Key pressed: 'w'. Current keys: {'w'}
DEBUG: Key pressed: 'h'. Current keys: {'h'}
DEBUG: Key pressed: 'i'. Current keys: {'i'}
DEBUG: Key pressed: 's'. Current keys: {'s'}
DEBUG: Key pressed: 'k'. Current keys: {'k'}
DEBUG: Key pressed: Key.enter. Current keys: {<Key.enter: <36>>}
DEBUG: Key pressed: Key.backspace. Current keys: {<Key.backspace: <51>>}
DEBUG: Key pressed: Key.backspace. Current keys: {<Key.backspace: <51>>}
DEBUG: Key pressed: Key.space. Current keys: {<Key.space: ' '>}
DEBUG: _on_stop_recording called. is_recording=False
DEBUG: Stop ignored (not recording)
DEBUG: Key pressed: 'g'. Current keys: {'g'}
DEBUG: Key pressed: 'o'. Current keys: {'o'}
DEBUG: Key pressed: 'o'. Current keys: {'o'}
DEBUG: Key pressed: 'g'. Current keys: {'g'}
DEBUG: Key pressed: 'l'. Current keys: {'l'}
DEBUG: Key pressed: 'e'. Current keys: {'e'}
DEBUG: Key pressed: Key.enter. Current keys: {<Key.enter: <36>>}
DEBUG: Key pressed: 'f'. Current keys: {'f'}
DEBUG: Key pressed: 'l'. Current keys: {'l'}
DEBUG: Key pressed: 'o'. Current keys: {'o'}
DEBUG: Key pressed: 'w'. Current keys: {'w'}
DEBUG: Key pressed: Key.space. Current keys: {<Key.space: ' '>}
DEBUG: _on_stop_recording called. is_recording=False
DEBUG: Stop ignored (not recording)
DEBUG: Key pressed: 'a'. Current keys: {'a'}
DEBUG: Key pressed: 'i'. Current keys: {'a', 'i'}
DEBUG: Key pressed: 'a'. Current keys: {'a'}
DEBUG: Key pressed: 'i'. Current keys: {'i'}
DEBUG: Key pressed: 'z'. Current keys: {'z'}
DEBUG: Key pressed: 'e'. Current keys: {'e'}
DEBUG: Key pressed: 'l'. Current keys: {'e', 'l'}
DEBUG: Key pressed: 'i'. Current keys: {'i'}
DEBUG: Key pressed: 'm'. Current keys: {'m'}
DEBUG: Key pressed: Key.space. Current keys: {'m', <Key.space: ' '>}
DEBUG: _on_stop_recording called. is_recording=False
DEBUG: Stop ignored (not recording)
DEBUG: Key pressed: 'd'. Current keys: {'d'}
DEBUG: Key pressed: 'a'. Current keys: {'a'}
DEBUG: Key pressed: Key.space. Current keys: {'a', <Key.space: ' '>}
DEBUG: _on_stop_recording called. is_recording=False
DEBUG: Stop ignored (not recording)
DEBUG: Key pressed: 'n'. Current keys: {'n'}
DEBUG: Key pressed: 'a'. Current keys: {'a'}
DEBUG: Key pressed: 'p'. Current keys: {'p'}
DEBUG: Key pressed: 'r'. Current keys: {'r'}
DEBUG: Key pressed: 'a'. Current keys: {'a'}
DEBUG: Key pressed: 'v'. Current keys: {'v'}
DEBUG: Key pressed: 'i'. Current keys: {'i'}
DEBUG: Key pressed: 'm'. Current keys: {'m'}
DEBUG: Key pressed: Key.space. Current keys: {<Key.space: ' '>}
DEBUG: _on_stop_recording called. is_recording=False
DEBUG: Stop ignored (not recording)
DEBUG: Key pressed: 'p'. Current keys: {'p'}
DEBUG: Key pressed: 'r'. Current keys: {'r'}
DEBUG: Key pressed: 'i'. Current keys: {'i'}
DEBUG: Key pressed: 'c'. Current keys: {'c'}
DEBUG: Key pressed: 'u'. Current keys: {'u'}
DEBUG: Key pressed: Key.space. Current keys: {<Key.space: ' '>}
DEBUG: _on_stop_recording called. is_recording=False
DEBUG: Stop ignored (not recording)
DEBUG: Key pressed: Key.right. Current keys: {<Key.right: <124>>}
DEBUG: Key pressed: 'z'. Current keys: {'z'}
DEBUG: Key pressed: 'a'. Current keys: {'a'}
DEBUG: Key pressed: Key.space. Current keys: {<Key.space: ' '>}
DEBUG: _on_stop_recording called. is_recording=False
DEBUG: Stop ignored (not recording)
DEBUG: Key pressed: 'd'. Current keys: {'d'}
DEBUG: Key pressed: 'j'. Current keys: {'j'}
DEBUG: Key pressed: 'e'. Current keys: {'e', 'j'}
DEBUG: Key pressed: 'c'. Current keys: {'c'}
DEBUG: Key pressed: 'u'. Current keys: {'u'}
DEBUG: Key pressed: Key.space. Current keys: {<Key.space: ' '>}
DEBUG: _on_stop_recording called. is_recording=False
DEBUG: Stop ignored (not recording)
DEBUG: Key pressed: 'r'. Current keys: {'r'}
DEBUG: Key pressed: 'e'. Current keys: {'e'}
DEBUG: Key pressed: 'c'. Current keys: {'c'}
DEBUG: Key pressed: 'i'. Current keys: {'i'}
DEBUG: Key pressed: 'm'. Current keys: {'m'}
DEBUG: Key pressed: 'o'. Current keys: {'o'}
DEBUG: Key pressed: Key.space. Current keys: {<Key.space: ' '>}
DEBUG: _on_stop_recording called. is_recording=False
DEBUG: Stop ignored (not recording)
DEBUG: Key pressed: '3'. Current keys: {'3'}
DEBUG: Key pressed: Key.space. Current keys: {<Key.space: ' '>}
DEBUG: _on_stop_recording called. is_recording=False
DEBUG: Stop ignored (not recording)
DEBUG: Key pressed: 'p'. Current keys: {'p'}
DEBUG: Key pressed: 'r'. Current keys: {'r'}
DEBUG: Key pressed: 'a'. Current keys: {'a'}
DEBUG: Key pressed: 's'. Current keys: {'s'}
DEBUG: Key pressed: 'c'. Current keys: {'c'}
DEBUG: Key pressed: 'i'. Current keys: {'i'}
DEBUG: Key pressed: 'c'. Current keys: {'c'}
DEBUG: Key pressed: 'a'. Current keys: {'a'}
DEBUG: Key pressed: '.'. Current keys: {'.'}
DEBUG: Key pressed: Key.space. Current keys: {<Key.space: ' '>}
DEBUG: _on_stop_recording called. is_recording=False
DEBUG: Stop ignored (not recording)
DEBUG: Key pressed: 'z'. Current keys: {'z'}
DEBUG: Key pressed: 'e'. Current keys: {'e'}
DEBUG: Key pressed: 'l'. Current keys: {'l'}
DEBUG: Key pressed: 'i'. Current keys: {'i'}
DEBUG: Key pressed: 'm'. Current keys: {'m'}
DEBUG: Key pressed: Key.space. Current keys: {'m', <Key.space: ' '>}
DEBUG: _on_stop_recording called. is_recording=False
DEBUG: Stop ignored (not recording)
DEBUG: Key pressed: 'd'. Current keys: {'d'}
DEBUG: Key pressed: 'a'. Current keys: {'a'}
DEBUG: Key pressed: Key.space. Current keys: {'a', <Key.space: ' '>}
DEBUG: _on_stop_recording called. is_recording=False
DEBUG: Stop ignored (not recording)
DEBUG: Key pressed: 'k'. Current keys: {'k'}
DEBUG: Key pressed: 'o'. Current keys: {'o'}
DEBUG: Key pressed: 'r'. Current keys: {'r'}
DEBUG: Key pressed: 'i'. Current keys: {'i'}
DEBUG: Key pressed: 's'. Current keys: {'s'}
DEBUG: Key pressed: 't'. Current keys: {'t'}
DEBUG: Key pressed: 'i'. Current keys: {'i'}
DEBUG: Key pressed: 'm'. Current keys: {'m'}
DEBUG: Key pressed: Key.space. Current keys: {<Key.space: ' '>}
DEBUG: _on_stop_recording called. is_recording=False
DEBUG: Stop ignored (not recording)
DEBUG: Key pressed: 'f'. Current keys: {'f'}
DEBUG: Key pressed: 'l'. Current keys: {'l'}
DEBUG: Key pressed: 'o'. Current keys: {'o'}
DEBUG: Key pressed: 'w'. Current keys: {'w'}
DEBUG: Key pressed: Key.space. Current keys: {<Key.space: ' '>}
DEBUG: _on_stop_recording called. is_recording=False
DEBUG: Stop ignored (not recording)
DEBUG: Key pressed: 'i'. Current keys: {'i'}
DEBUG: Key pressed: 'l'. Current keys: {'l'}
DEBUG: Key pressed: 'i'. Current keys: {'i'}
DEBUG: Key pressed: Key.space. Current keys: {<Key.space: ' '>}
DEBUG: _on_stop_recording called. is_recording=False
DEBUG: Stop ignored (not recording)
DEBUG: Key pressed: 'w'. Current keys: {'w'}
DEBUG: Key pressed: 'h'. Current keys: {'h'}
DEBUG: Key pressed: 'i'. Current keys: {'i'}
DEBUG: Key pressed: 's'. Current keys: {'s'}
DEBUG: Key pressed: 'k'. Current keys: {'k'}
DEBUG: Key pressed: Key.space. Current keys: {<Key.space: ' '>}
DEBUG: _on_stop_recording called. is_recording=False
DEBUG: Stop ignored (not recording)
DEBUG: Key pressed: 'n'. Current keys: {'n'}
DEBUG: Key pressed: 'i'. Current keys: {'i'}
DEBUG: Key pressed: 's'. Current keys: {'s'}
DEBUG: Key pressed: 'a'. Current keys: {'a'}
DEBUG: Key pressed: 'm'. Current keys: {'m'}
DEBUG: Key pressed: Key.space. Current keys: {<Key.space: ' '>}
DEBUG: _on_stop_recording called. is_recording=False
DEBUG: Stop ignored (not recording)
DEBUG: Key pressed: 's'. Current keys: {'s'}
DEBUG: Key pressed: 'i'. Current keys: {'i'}
DEBUG: Key pressed: 'g'. Current keys: {'g'}
DEBUG: Key pressed: 'u'. Current keys: {'u'}
DEBUG: Key pressed: 'r'. Current keys: {'r'}
DEBUG: Key pressed: 'a'. Current keys: {'a'}
DEBUG: Key pressed: 'n'. Current keys: {'n'}
DEBUG: Key pressed: '.'. Current keys: {'.'}
DEBUG: Key pressed: Key.space. Current keys: {<Key.space: ' '>}
DEBUG: _on_stop_recording called. is_recording=False
DEBUG: Stop ignored (not recording)
DEBUG: Key pressed: 't'. Current keys: {'t'}
DEBUG: Key pressed: 'r'. Current keys: {'r'}
DEBUG: Key pressed: 'e'. Current keys: {'e'}
DEBUG: Key pressed: 'b'. Current keys: {'b'}
DEBUG: Key pressed: 'a'. Current keys: {'a'}
DEBUG: Key pressed: 'j'. Current keys: {'j'}
DEBUG: Key pressed: 'u'. Current keys: {'u'}
DEBUG: Key pressed: Key.space. Current keys: {<Key.space: ' '>}
DEBUG: _on_stop_recording called. is_recording=False
DEBUG: Stop ignored (not recording)
DEBUG: Key pressed: 'm'. Current keys: {'m'}
DEBUG: Key pressed: 'i'. Current keys: {'i'}
DEBUG: Key pressed: Key.space. Current keys: {<Key.space: ' '>}
DEBUG: _on_stop_recording called. is_recording=False
DEBUG: Stop ignored (not recording)
DEBUG: Key pressed: 's'. Current keys: {'s'}
DEBUG: Key pressed: 'l'. Current keys: {'l'}
DEBUG: Key pressed: 'i'. Current keys: {'i'}
DEBUG: Key pressed: 'k'. Current keys: {'k'}
DEBUG: Key pressed: 'e'. Current keys: {'e'}
DEBUG: Key pressed: Key.space. Current keys: {<Key.space: ' '>}
DEBUG: _on_stop_recording called. is_recording=False
DEBUG: Stop ignored (not recording)
DEBUG: Key pressed: 't'. Current keys: {'t'}
DEBUG: Key pressed: 'e'. Current keys: {'e'}
DEBUG: Key pressed: 'x'. Current keys: {'x'}
DEBUG: Key pressed: 't'. Current keys: {'t'}
DEBUG: Key pressed: Key.space. Current keys: {<Key.space: ' '>}
DEBUG: _on_stop_recording called. is_recording=False
DEBUG: Stop ignored (not recording)
DEBUG: Key pressed: 'i'. Current keys: {'i'}
DEBUG: Key pressed: Key.space. Current keys: {<Key.space: ' '>}
DEBUG: _on_stop_recording called. is_recording=False
DEBUG: Stop ignored (not recording)
DEBUG: Key pressed: 'a'. Current keys: {'a'}
DEBUG: Key pressed: 'u'. Current keys: {'u'}
DEBUG: Key pressed: 'd'. Current keys: {'d'}
DEBUG: Key pressed: 'i'. Current keys: {'i'}
DEBUG: Key pressed: 'o'. Current keys: {'o'}
DEBUG: Key pressed: '.'. Current keys: {'.'}
DEBUG: Key pressed: Key.space. Current keys: {<Key.space: ' '>}
DEBUG: _on_stop_recording called. is_recording=False
DEBUG: Stop ignored (not recording)
DEBUG: Key pressed: 'm'. Current keys: {'m'}
DEBUG: Key pressed: 'o'. Current keys: {'o'}
DEBUG: Key pressed: 'z'. Current keys: {'z'}
DEBUG: Key pressed: 'e'. Current keys: {'e'}
DEBUG: Key pressed: 's'. Current keys: {'s'}
DEBUG: Key pressed: Key.space. Current keys: {<Key.space: ' '>}
DEBUG: _on_stop_recording called. is_recording=False
DEBUG: Stop ignored (not recording)
DEBUG: Key pressed: 'l'. Current keys: {'l'}
DEBUG: Key pressed: 'i'. Current keys: {'i'}
DEBUG: Key pressed: Key.space. Current keys: {<Key.space: ' '>}
DEBUG: _on_stop_recording called. is_recording=False
DEBUG: Stop ignored (not recording)
DEBUG: Key pressed: 'm'. Current keys: {'m'}
DEBUG: Key pressed: 'i'. Current keys: {'i'}
DEBUG: Key pressed: Key.space. Current keys: {<Key.space: ' '>}
DEBUG: _on_stop_recording called. is_recording=False
DEBUG: Stop ignored (not recording)
DEBUG: Key pressed: 'p'. Current keys: {'p'}
DEBUG: Key pressed: 'o'. Current keys: {'o'}
DEBUG: Key pressed: 'm'. Current keys: {'m'}
DEBUG: Key pressed: 'o'. Current keys: {'o'}
DEBUG: Key pressed: 'c'. Current keys: {'c'}
DEBUG: Key pressed: 'i'. Current keys: {'i'}
DEBUG: Key pressed: Key.enter. Current keys: {<Key.enter: <36>>}
DEBUG: Key pressed: 'z'. Current keys: {'z'}
DEBUG: Key pressed: 'e'. Current keys: {'e'}
DEBUG: Key pressed: 'l'. Current keys: {'l'}
DEBUG: Key pressed: 'i'. Current keys: {'i'}
DEBUG: Key pressed: 'm'. Current keys: {'m'}
DEBUG: Key pressed: Key.space. Current keys: {'m', <Key.space: ' '>}
DEBUG: _on_stop_recording called. is_recording=False
DEBUG: Stop ignored (not recording)
DEBUG: Key pressed: 'd'. Current keys: {'d'}
DEBUG: Key pressed: 'a'. Current keys: {'a'}
DEBUG: Key pressed: Key.space. Current keys: {<Key.space: ' '>}
DEBUG: _on_stop_recording called. is_recording=False
DEBUG: Stop ignored (not recording)
DEBUG: Key pressed: 'k'. Current keys: {'k'}
DEBUG: Key pressed: 'o'. Current keys: {'o'}
DEBUG: Key pressed: 'r'. Current keys: {'r', 'o'}
DEBUG: Key pressed: 's'. Current keys: {'s'}
DEBUG: Key pressed: 'i'. Current keys: {'i'}
DEBUG: Key pressed: 't'. Current keys: {'t'}
DEBUG: Key pressed: 'i'. Current keys: {'i'}
DEBUG: Key pressed: 'm'. Current keys: {'m'}
DEBUG: Key pressed: Key.space. Current keys: {<Key.space: ' '>}
DEBUG: _on_stop_recording called. is_recording=False
DEBUG: Stop ignored (not recording)
DEBUG: Key pressed: 'a'. Current keys: {'a'}
DEBUG: Key pressed: 'i'. Current keys: {'i'}
DEBUG: Key pressed: Key.space. Current keys: {<Key.space: ' '>}
DEBUG: _on_stop_recording called. is_recording=False
DEBUG: Stop ignored (not recording)
DEBUG: Key pressed: 's'. Current keys: {'s'}
DEBUG: Key pressed: 't'. Current keys: {'t'}
DEBUG: Key pressed: 'u'. Current keys: {'u'}
DEBUG: Key pressed: 'd'. Current keys: {'d'}
DEBUG: Key pressed: 'i'. Current keys: {'i'}
DEBUG: Key pressed: 'o'. Current keys: {'o'}
DEBUG: Key pressed: Key.space. Current keys: {<Key.space: ' '>}
DEBUG: _on_stop_recording called. is_recording=False
DEBUG: Stop ignored (not recording)
DEBUG: Key pressed: 'i'. Current keys: {'i'}
DEBUG: Key pressed: Key.space. Current keys: {<Key.space: ' '>}
DEBUG: _on_stop_recording called. is_recording=False
DEBUG: Stop ignored (not recording)
DEBUG: Key pressed: 'g'. Current keys: {'g'}
DEBUG: Key pressed: 'o'. Current keys: {'o'}
DEBUG: Key pressed: 'o'. Current keys: {'o'}
DEBUG: Key pressed: 'g'. Current keys: {'g', 'o'}
DEBUG: Key pressed: 'l'. Current keys: {'l'}
DEBUG: Key pressed: 'e'. Current keys: {'e'}
DEBUG: Key pressed: Key.space. Current keys: {<Key.space: ' '>}
DEBUG: _on_stop_recording called. is_recording=False
DEBUG: Stop ignored (not recording)
DEBUG: Key pressed: 'a'. Current keys: {'a'}
DEBUG: Key pressed: 'i'. Current keys: {'i'}
DEBUG: Key pressed: Key.space. Current keys: {<Key.space: ' '>}
DEBUG: _on_stop_recording called. is_recording=False
DEBUG: Stop ignored (not recording)
DEBUG: Key pressed: 'l'. Current keys: {'l'}
DEBUG: Key pressed: 'a'. Current keys: {'a'}
DEBUG: Key pressed: 't'. Current keys: {'t'}
DEBUG: Key pressed: 'e'. Current keys: {'e'}
DEBUG: Key pressed: Key.backspace. Current keys: {<Key.backspace: <51>>}
DEBUG: Key pressed: Key.backspace. Current keys: {<Key.backspace: <51>>}
DEBUG: Key pressed: Key.backspace. Current keys: {<Key.backspace: <51>>}
DEBUG: Key pressed: Key.backspace. Current keys: {<Key.backspace: <51>>}
DEBUG: Key pressed: 'a'. Current keys: {'a'}
DEBUG: Key pressed: 'l'. Current keys: {'l'}
DEBUG: Key pressed: 'a'. Current keys: {'a'}
DEBUG: Key pressed: 't'. Current keys: {'t'}
DEBUG: Key pressed: 'e'. Current keys: {'e'}
DEBUG: Key pressed: Key.space. Current keys: {<Key.space: ' '>}
DEBUG: _on_stop_recording called. is_recording=False
DEBUG: Stop ignored (not recording)
DEBUG: Key pressed: 'w'. Current keys: {'w'}
DEBUG: Key pressed: 'h'. Current keys: {'h'}
DEBUG: Key pressed: 'i'. Current keys: {'i'}
DEBUG: Key pressed: 's'. Current keys: {'s'}
DEBUG: Key pressed: 'k'. Current keys: {'k'}
DEBUG: Key pressed: Key.space. Current keys: {<Key.space: ' '>}
DEBUG: _on_stop_recording called. is_recording=False
DEBUG: Stop ignored (not recording)
DEBUG: Key pressed: 'i'. Current keys: {'i'}
DEBUG: Key pressed: Key.space. Current keys: {<Key.space: ' '>}
DEBUG: _on_stop_recording called. is_recording=False
DEBUG: Stop ignored (not recording)
DEBUG: Key pressed: 'f'. Current keys: {'f'}
DEBUG: Key pressed: 'o'. Current keys: {'o'}
DEBUG: Key pressed: Key.backspace. Current keys: {<Key.backspace: <51>>}
DEBUG: Key pressed: 'l'. Current keys: {'l'}
DEBUG: Key pressed: 'o'. Current keys: {'o'}
DEBUG: Key pressed: 'w'. Current keys: {'w'}
DEBUG: Key pressed: Key.space. Current keys: {<Key.space: ' '>}
DEBUG: _on_stop_recording called. is_recording=False
DEBUG: Stop ignored (not recording)
DEBUG: Key pressed: 's'. Current keys: {'s'}
DEBUG: Key pressed: 'u'. Current keys: {'u'}
DEBUG: Key pressed: Key.space. Current keys: {<Key.space: ' '>}
DEBUG: _on_stop_recording called. is_recording=False
DEBUG: Stop ignored (not recording)
DEBUG: Key pressed: 'g'. Current keys: {'g'}
DEBUG: Key pressed: 'g'. Current keys: {'g'}
DEBUG: Key pressed: 'o'. Current keys: {'g', 'o'}
DEBUG: Key pressed: 'l'. Current keys: {'l'}
DEBUG: Key pressed: 'e'. Current keys: {'e'}
DEBUG: Key pressed: Key.space. Current keys: {<Key.space: ' '>}
DEBUG: _on_stop_recording called. is_recording=False
DEBUG: Stop ignored (not recording)
DEBUG: Key pressed: 'a'. Current keys: {'a'}
DEBUG: Key pressed: 'l'. Current keys: {'l'}
DEBUG: Key pressed: 'a'. Current keys: {'a'}
DEBUG: Key pressed: 't'. Current keys: {'t'}
DEBUG: Key pressed: 'i'. Current keys: {'i'}
DEBUG: Key pressed: Key.space. Current keys: {<Key.space: ' '>}
DEBUG: _on_stop_recording called. is_recording=False
DEBUG: Stop ignored (not recording)
DEBUG: Key pressed: 'p'. Current keys: {'p'}
DEBUG: Key pressed: 'r'. Current keys: {'r'}
DEBUG: Key pressed: 'e'. Current keys: {'e'}
DEBUG: Key pressed: 't'. Current keys: {'t'}
DEBUG: Key pressed: 'r'. Current keys: {'r'}
DEBUG: Key pressed: 'a'. Current keys: {'a'}
DEBUG: Key pressed: 'z'. Current keys: {'z'}
DEBUG: Key pressed: 'i'. Current keys: {'i'}
DEBUG: Key pressed: Key.enter. Current keys: {<Key.enter: <36>>}
DEBUG: Key pressed: 'i'. Current keys: {'i'}
DEBUG: Key pressed: 'm'. Current keys: {'m'}
DEBUG: Key pressed: 'a'. Current keys: {'a'}
DEBUG: Key pressed: 'm'. Current keys: {'m', 'a'}
DEBUG: Key pressed: Key.space. Current keys: {<Key.space: ' '>}
DEBUG: _on_stop_recording called. is_recording=False
DEBUG: Stop ignored (not recording)
DEBUG: Key pressed: 'w'. Current keys: {'w'}
DEBUG: Key pressed: 'h'. Current keys: {'h'}
DEBUG: Key pressed: 'i'. Current keys: {'i'}
DEBUG: Key pressed: 's'. Current keys: {'s'}
DEBUG: Key pressed: 'k'. Current keys: {'k'}
DEBUG: Key pressed: Key.space. Current keys: {<Key.space: ' '>}
DEBUG: _on_stop_recording called. is_recording=False
DEBUG: Stop ignored (not recording)
DEBUG: Key pressed: 'd'. Current keys: {'d'}
DEBUG: Key pressed: 'a'. Current keys: {'a'}
DEBUG: Key pressed: 'j'. Current keys: {'j'}
DEBUG: Key pressed: Key.space. Current keys: {<Key.space: ' '>}
DEBUG: _on_stop_recording called. is_recording=False
DEBUG: Stop ignored (not recording)
DEBUG: Key pressed: 'm'. Current keys: {'m'}
DEBUG: Key pressed: 'i'. Current keys: {'i'}
DEBUG: Key pressed: Key.space. Current keys: {<Key.space: ' '>}
DEBUG: _on_stop_recording called. is_recording=False
DEBUG: Stop ignored (not recording)
DEBUG: Key pressed: 'p'. Current keys: {'p'}
DEBUG: Key pressed: 'r'. Current keys: {'r'}
DEBUG: Key pressed: 'o'. Current keys: {'o'}
DEBUG: Key pressed: 'm'. Current keys: {'m'}
DEBUG: Key pressed: 'p'. Current keys: {'p'}
DEBUG: Key pressed: 't'. Current keys: {'t'}
DEBUG: Key pressed: 'o'. Current keys: {'o'}
DEBUG: Key pressed: 'v'. Current keys: {'v'}
DEBUG: Key pressed: 'e'. Current keys: {'e'}
DEBUG: Key pressed: Key.space. Current keys: {<Key.space: ' '>}
DEBUG: _on_stop_recording called. is_recording=False
DEBUG: Stop ignored (not recording)
DEBUG: Key pressed: 'z'. Current keys: {'z'}
DEBUG: Key pressed: 'a'. Current keys: {'a'}
DEBUG: Key pressed: Key.space. Current keys: {<Key.space: ' '>}
DEBUG: _on_stop_recording called. is_recording=False
DEBUG: Stop ignored (not recording)
DEBUG: Key pressed: 's'. Current keys: {'s'}
DEBUG: Key pressed: 'l'. Current keys: {'l'}
DEBUG: Key pressed: 'i'. Current keys: {'i'}
DEBUG: Key pressed: 'k'. Current keys: {'k'}
DEBUG: Key pressed: 'e'. Current keys: {'e'}
DEBUG: Key pressed: Key.enter. Current keys: {<Key.enter: <36>>}
DEBUG: Key pressed: Key.cmd. Current keys: {<Key.cmd: <55>>}
DEBUG: Key pressed: 'c'. Current keys: {'c', <Key.cmd: <55>>}
DEBUG: Key pressed: Key.cmd. Current keys: {<Key.cmd: <55>>}
DEBUG: Key pressed: 'c'. Current keys: {'c', <Key.cmd: <55>>}
DEBUG: Key pressed: 'c'. Current keys: {'c'}
DEBUG: Key pressed: 'l'. Current keys: {'l'}
DEBUG: Key pressed: 'i'. Current keys: {'i'}
DEBUG: Key pressed: 'p'. Current keys: {'p'}
DEBUG: Key pressed: Key.media_volume_down. Current keys: {<Key.media_volume_down: <1>>}
DEBUG: Key pressed: Key.media_volume_down. Current keys: {<Key.media_volume_down: <1>>}
DEBUG: Key pressed: Key.media_volume_down. Current keys: {<Key.media_volume_down: <1>>}
DEBUG: Key pressed: Key.media_volume_down. Current keys: {<Key.media_volume_down: <1>>}
DEBUG: Key pressed: Key.media_volume_up. Current keys: {<Key.media_volume_up: <0>>}
DEBUG: Key pressed: 'l'. Current keys: {'l'}
DEBUG: Key pressed: 't'. Current keys: {'t'}
DEBUG: Key pressed: 'x'. Current keys: {'x'}
DEBUG: Key pressed: '2'. Current keys: {'2'}
DEBUG: Key pressed: Key.space. Current keys: {<Key.space: ' '>}
DEBUG: _on_stop_recording called. is_recording=False
DEBUG: Stop ignored (not recording)
DEBUG: Key pressed: 'w'. Current keys: {'w'}
DEBUG: Key pressed: 'a'. Current keys: {'a'}
DEBUG: Key pressed: 'v'. Current keys: {'v'}
DEBUG: Key pressed: 'e'. Current keys: {'e'}
DEBUG: Key pressed: 's'. Current keys: {'s'}
DEBUG: Key pressed: 'p'. Current keys: {'p'}
DEBUG: Key pressed: 'e'. Current keys: {'e'}
DEBUG: Key pressed: 'a'. Current keys: {'a'}
DEBUG: Key pressed: 'a'. Current keys: {'a'}
DEBUG: Key pressed: 'd'. Current keys: {'a', 'd'}
DEBUG: Key pressed: Key.enter. Current keys: {<Key.enter: <36>>}
DEBUG: Key pressed: Key.space. Current keys: {<Key.space: ' '>}
DEBUG: _on_stop_recording called. is_recording=False
DEBUG: Stop ignored (not recording)
DEBUG: Key pressed: 'a'. Current keys: {'a'}
DEBUG: Key pressed: 'i'. Current keys: {'i'}
DEBUG: Key pressed: Key.enter. Current keys: {<Key.enter: <36>>}
DEBUG: Key pressed: 'c'. Current keys: {'c'}
DEBUG: Key pressed: 'd'. Current keys: {'d'}
DEBUG: Key pressed: Key.space. Current keys: {<Key.space: ' '>}
DEBUG: _on_stop_recording called. is_recording=False
DEBUG: Stop ignored (not recording)
DEBUG: Key pressed: '.'. Current keys: {'.'}
DEBUG: Key pressed: '/'. Current keys: {'/'}
DEBUG: Key pressed: '.'. Current keys: {'.'}
DEBUG: Key pressed: '.'. Current keys: {'.'}
DEBUG: Key pressed: '/'. Current keys: {'/'}
DEBUG: Key pressed: '.'. Current keys: {'.'}
DEBUG: Key pressed: '.'. Current keys: {'.'}
DEBUG: Key pressed: Key.enter. Current keys: {<Key.enter: <36>>}
DEBUG: Key pressed: 'c'. Current keys: {'c'}
DEBUG: Key pressed: 'd'. Current keys: {'d'}
DEBUG: Key pressed: Key.space. Current keys: {<Key.space: ' '>}
DEBUG: _on_stop_recording called. is_recording=False
DEBUG: Stop ignored (not recording)
DEBUG: Key pressed: '.'. Current keys: {'.'}
DEBUG: Key pressed: '.'. Current keys: {'.'}
DEBUG: Key pressed: Key.enter. Current keys: {<Key.enter: <36>>}
DEBUG: Key pressed: 'c'. Current keys: {'c'}
DEBUG: Key pressed: 'd'. Current keys: {'d'}
DEBUG: Key pressed: Key.space. Current keys: {<Key.space: ' '>}
DEBUG: _on_stop_recording called. is_recording=False
DEBUG: Stop ignored (not recording)
DEBUG: Key pressed: 'g'. Current keys: {'g'}
DEBUG: Key pressed: 'i'. Current keys: {'i'}
DEBUG: Key pressed: Key.tab. Current keys: {<Key.tab: <48>>}
DEBUG: Key pressed: Key.tab. Current keys: {<Key.tab: <48>>}
DEBUG: Key pressed: Key.enter. Current keys: {<Key.enter: <36>>}
DEBUG: Key pressed: 'd'. Current keys: {'d'}
DEBUG: Key pressed: 'o'. Current keys: {'o'}
DEBUG: Key pressed: 'c'. Current keys: {'c'}
DEBUG: Key pressed: 'k'. Current keys: {'k'}
DEBUG: Key pressed: 'e'. Current keys: {'e'}
DEBUG: Key pressed: 'r'. Current keys: {'r'}
DEBUG: Key pressed: Key.space. Current keys: {<Key.space: ' '>}
DEBUG: _on_stop_recording called. is_recording=False
DEBUG: Stop ignored (not recording)
DEBUG: Key pressed: 'c'. Current keys: {'c'}
DEBUG: Key pressed: 'o'. Current keys: {'c', 'o'}
DEBUG: Key pressed: 'm'. Current keys: {'m'}
DEBUG: Key pressed: 'p'. Current keys: {'p'}
DEBUG: Key pressed: 'o'. Current keys: {'o'}
DEBUG: Key pressed: 's'. Current keys: {'s'}
DEBUG: Key pressed: 'e'. Current keys: {'e'}
DEBUG: Key pressed: Key.space. Current keys: {<Key.space: ' '>}
DEBUG: _on_stop_recording called. is_recording=False
DEBUG: Stop ignored (not recording)
DEBUG: Key pressed: 'd'. Current keys: {'d'}
DEBUG: Key pressed: 'o'. Current keys: {'o'}
DEBUG: Key pressed: 'w'. Current keys: {'w'}
DEBUG: Key pressed: 'n'. Current keys: {'n'}
DEBUG: Key pressed: Key.enter. Current keys: {<Key.enter: <36>>}
DEBUG: Key pressed: 'c'. Current keys: {'c'}
DEBUG: Key pressed: 'd'. Current keys: {'d'}
DEBUG: Key pressed: Key.space. Current keys: {<Key.space: ' '>}
DEBUG: _on_stop_recording called. is_recording=False
DEBUG: Stop ignored (not recording)
DEBUG: Key pressed: '.'. Current keys: {'.'}
DEBUG: Key pressed: '.'. Current keys: {'.'}
DEBUG: Key pressed: '/'. Current keys: {'/'}
DEBUG: Key pressed: '.'. Current keys: {'.'}
DEBUG: Key pressed: '.'. Current keys: {'.'}
DEBUG: Key pressed: Key.enter. Current keys: {<Key.enter: <36>>}
DEBUG: Key pressed: 'c'. Current keys: {'c'}
DEBUG: Key pressed: 'd'. Current keys: {'d'}
DEBUG: Key pressed: Key.space. Current keys: {<Key.space: ' '>}
DEBUG: _on_stop_recording called. is_recording=False
DEBUG: Stop ignored (not recording)
DEBUG: Key pressed: 'm'. Current keys: {'m'}
DEBUG: Key pressed: 'y'. Current keys: {'y'}
DEBUG: Key pressed: Key.tab. Current keys: {<Key.tab: <48>>}
DEBUG: Key pressed: 'b'. Current keys: {'b'}
DEBUG: Key pressed: 'u'. Current keys: {'u'}
DEBUG: Key pressed: 'k'. Current keys: {'k'}
DEBUG: Key pressed: Key.tab. Current keys: {<Key.tab: <48>>}
DEBUG: Key pressed: Key.enter. Current keys: {<Key.enter: <36>>}
DEBUG: Key pressed: 'c'. Current keys: {'c'}
DEBUG: Key pressed: 'd'. Current keys: {'d'}
DEBUG: Key pressed: Key.space. Current keys: {<Key.space: ' '>}
DEBUG: _on_stop_recording called. is_recording=False
DEBUG: Stop ignored (not recording)
DEBUG: Key pressed: Key.right. Current keys: {<Key.right: <124>>}
DEBUG: Key pressed: Key.enter. Current keys: {<Key.enter: <36>>}
DEBUG: Key pressed: 'd'. Current keys: {'d'}
DEBUG: Key pressed: 'o'. Current keys: {'o'}
DEBUG: Key pressed: 'c'. Current keys: {'c'}
DEBUG: Key pressed: 'k'. Current keys: {'k'}
DEBUG: Key pressed: 'e'. Current keys: {'e'}
DEBUG: Key pressed: 'r'. Current keys: {'r'}
DEBUG: Key pressed: Key.space. Current keys: {<Key.space: ' '>}
DEBUG: _on_stop_recording called. is_recording=False
DEBUG: Stop ignored (not recording)
DEBUG: Key pressed: 'c'. Current keys: {'c'}
DEBUG: Key pressed: 'o'. Current keys: {'o'}
DEBUG: Key pressed: 'm'. Current keys: {'m'}
DEBUG: Key pressed: 'p'. Current keys: {'p'}
DEBUG: Key pressed: 'o'. Current keys: {'o'}
DEBUG: Key pressed: 's'. Current keys: {'s'}
DEBUG: Key pressed: 'e'. Current keys: {'e'}
DEBUG: Key pressed: Key.space. Current keys: {<Key.space: ' '>}
DEBUG: _on_stop_recording called. is_recording=False
DEBUG: Stop ignored (not recording)
DEBUG: Key pressed: 'u'. Current keys: {'u'}
DEBUG: Key pressed: 'p'. Current keys: {'p'}
DEBUG: Key pressed: Key.space. Current keys: {<Key.space: ' '>}
DEBUG: _on_stop_recording called. is_recording=False
DEBUG: Stop ignored (not recording)
DEBUG: Key pressed: '-'. Current keys: {'-'}
DEBUG: Key pressed: 'd'. Current keys: {'d'}
DEBUG: Key pressed: Key.enter. Current keys: {<Key.enter: <36>>}
DEBUG: Key pressed: Key.right. Current keys: {<Key.right: <124>>}
DEBUG: Key pressed: Key.enter. Current keys: {<Key.enter: <36>>}
DEBUG: Key pressed: 'c'. Current keys: {'c'}
DEBUG: Key pressed: 'd'. Current keys: {'c', 'd'}
DEBUG: Key pressed: Key.space. Current keys: {<Key.space: ' '>}
DEBUG: _on_stop_recording called. is_recording=False
DEBUG: Stop ignored (not recording)
DEBUG: Key pressed: '.'. Current keys: {'.'}
DEBUG: Key pressed: '.'. Current keys: {'.'}
DEBUG: Key pressed: Key.enter. Current keys: {<Key.enter: <36>>}
DEBUG: Key pressed: 'n'. Current keys: {'n'}
DEBUG: Key pressed: 'p'. Current keys: {'p'}
DEBUG: Key pressed: 'm'. Current keys: {'m'}
DEBUG: Key pressed: Key.space. Current keys: {<Key.space: ' '>}
DEBUG: _on_stop_recording called. is_recording=False
DEBUG: Stop ignored (not recording)
DEBUG: Key pressed: 'r'. Current keys: {'r'}
DEBUG: Key pressed: 'u'. Current keys: {'u'}
DEBUG: Key pressed: 'n'. Current keys: {'n'}
DEBUG: Key pressed: Key.space. Current keys: {<Key.space: ' '>, 'n'}
DEBUG: _on_stop_recording called. is_recording=False
DEBUG: Stop ignored (not recording)
DEBUG: Key pressed: 'd'. Current keys: {'d'}
DEBUG: Key pressed: 'e'. Current keys: {'e'}
DEBUG: Key pressed: 'v'. Current keys: {'v'}
DEBUG: Key pressed: Key.enter. Current keys: {<Key.enter: <36>>}
DEBUG: Key pressed: 'y'. Current keys: {'y'}
DEBUG: Key pressed: 'o'. Current keys: {'o'}
DEBUG: Key pressed: 'u'. Current keys: {'u'}
DEBUG: Key pressed: 'w'. Current keys: {'w'}
DEBUG: Key pressed: 'h'. Current keys: {'h'}
DEBUG: Key pressed: 'e'. Current keys: {'e'}
DEBUG: Key pressed: 'n'. Current keys: {'n'}
DEBUG: Key pressed: Key.space. Current keys: {<Key.space: ' '>, 'n'}
DEBUG: _on_stop_recording called. is_recording=False
DEBUG: Stop ignored (not recording)
DEBUG: Key pressed: 'i'. Current keys: {'i'}
DEBUG: Key pressed: Key.space. Current keys: {<Key.space: ' '>}
DEBUG: _on_stop_recording called. is_recording=False
DEBUG: Stop ignored (not recording)
DEBUG: Key pressed: 'g'. Current keys: {'g'}
DEBUG: Key pressed: 'e'. Current keys: {'e'}
DEBUG: Key pressed: 'n'. Current keys: {'n'}
DEBUG: Key pressed: 'e'. Current keys: {'e'}
DEBUG: Key pressed: 'r'. Current keys: {'r'}
DEBUG: Key pressed: 'a'. Current keys: {'a'}
DEBUG: Key pressed: 't'. Current keys: {'t'}
DEBUG: Key pressed: 'e'. Current keys: {'e'}
DEBUG: Key pressed: Key.space. Current keys: {<Key.space: ' '>}
DEBUG: _on_stop_recording called. is_recording=False
DEBUG: Stop ignored (not recording)
DEBUG: Key pressed: 'c'. Current keys: {'c'}
DEBUG: Key pressed: 'o'. Current keys: {'o'}
DEBUG: Key pressed: 'n'. Current keys: {'n'}
DEBUG: Key pressed: 't'. Current keys: {'t'}
DEBUG: Key pressed: 'e'. Current keys: {'e'}
DEBUG: Key pressed: 'n'. Current keys: {'n'}
DEBUG: Key pressed: 't'. Current keys: {'t'}
DEBUG: Key pressed: Key.space. Current keys: {<Key.space: ' '>}
DEBUG: _on_stop_recording called. is_recording=False
DEBUG: Stop ignored (not recording)
DEBUG: Key pressed: 'f'. Current keys: {'f'}
DEBUG: Key pressed: 'o'. Current keys: {'o'}
DEBUG: Key pressed: 'r'. Current keys: {'r', 'o'}
DEBUG: Key pressed: Key.space. Current keys: {<Key.space: ' '>}
DEBUG: _on_stop_recording called. is_recording=False
DEBUG: Stop ignored (not recording)
DEBUG: Key pressed: 's'. Current keys: {'s'}
DEBUG: Key pressed: 'o'. Current keys: {'o'}
DEBUG: Key pressed: 'c'. Current keys: {'c'}
DEBUG: Key pressed: 'i'. Current keys: {'i'}
DEBUG: Key pressed: 'a'. Current keys: {'a'}
DEBUG: Key pressed: 'l'. Current keys: {'l'}
DEBUG: Key pressed: Key.space. Current keys: {<Key.space: ' '>}
DEBUG: _on_stop_recording called. is_recording=False
DEBUG: Stop ignored (not recording)
DEBUG: Key pressed: 'p'. Current keys: {'p'}
DEBUG: Key pressed: 'o'. Current keys: {'o'}
DEBUG: Key pressed: 's'. Current keys: {'s'}
DEBUG: Key pressed: 't'. Current keys: {'t'}
DEBUG: Key pressed: 'i'. Current keys: {'i'}
DEBUG: Key pressed: 'n'. Current keys: {'n'}
DEBUG: Key pressed: 'g'. Current keys: {'g'}
DEBUG: Key pressed: Key.space. Current keys: {<Key.space: ' '>}
DEBUG: _on_stop_recording called. is_recording=False
DEBUG: Stop ignored (not recording)
DEBUG: Key pressed: 'i'. Current keys: {'i'}
DEBUG: Key pressed: Key.space. Current keys: {<Key.space: ' '>}
DEBUG: _on_stop_recording called. is_recording=False
DEBUG: Stop ignored (not recording)
DEBUG: Key pressed: 'w'. Current keys: {'w'}
DEBUG: Key pressed: 'a'. Current keys: {'a'}
DEBUG: Key pressed: 'n'. Current keys: {'n'}
DEBUG: Key pressed: 't'. Current keys: {'t'}
DEBUG: Key pressed: Key.space. Current keys: {<Key.space: ' '>}
DEBUG: _on_stop_recording called. is_recording=False
DEBUG: Stop ignored (not recording)
DEBUG: Key pressed: Key.alt. Current keys: {<Key.alt: <58>>}
DEBUG: Key pressed: Key.space. Current keys: {<Key.space: ' '>, <Key.alt: <58>>}
DEBUG: Overlay process started (PID: 58933)

🔴 Recording... (English, turbo)
Press Space to stop and transcribe
DEBUG: _on_stop_recording called. is_recording=True
DEBUG: Stop ignored (too soon - debounce protection)
DEBUG: Key pressed: Key.space. Current keys: {<Key.space: ' '>}
DEBUG: _on_stop_recording called. is_recording=True
DEBUG: Hiding overlay (PID: 58933)
DEBUG: _stop_and_transcribe called
DEBUG: Calling audio_recorder.stop_recording...
DEBUG: Key pressed: Key.space. Current keys: {<Key.space: ' '>}
DEBUG: _on_stop_recording called. is_recording=True
DEBUG: _stop_and_transcribe called
DEBUG: Calling audio_recorder.stop_recording...
DEBUG: stop_recording returned False
⚠️  No audio recorded
DEBUG: Key pressed: Key.space. Current keys: {<Key.space: ' '>}
DEBUG: _on_stop_recording called. is_recording=False
DEBUG: Stop ignored (not recording)
DEBUG: Key pressed: Key.space. Current keys: {<Key.space: ' '>}
DEBUG: _on_stop_recording called. is_recording=False
DEBUG: Stop ignored (not recording)
DEBUG: Key pressed: Key.space. Current keys: {<Key.space: ' '>}
DEBUG: _on_stop_recording called. is_recording=False
DEBUG: Stop ignored (not recording)
DEBUG: Key pressed: Key.backspace. Current keys: {<Key.backspace: <51>>}
DEBUG: Key pressed: Key.backspace. Current keys: {<Key.backspace: <51>>}
DEBUG: Key pressed: Key.backspace. Current keys: {<Key.backspace: <51>>}
DEBUG: Key pressed: Key.backspace. Current keys: {<Key.backspace: <51>>}
DEBUG: Key pressed: Key.backspace. Current keys: {<Key.backspace: <51>>}
DEBUG: Key pressed: Key.alt. Current keys: {<Key.alt: <58>>}
DEBUG: Key pressed: Key.space. Current keys: {<Key.alt: <58>>, <Key.space: ' '>}
sys.executable: /Users/sanel.zulic/myprojects/whisper.cpp/vibepaste/venv/bin/python3
sys.path: ['/Users/sanel.zulic/myprojects/whisper.cpp/vibepaste', '/Users/sanel.zulic/myprojects/whisper.cpp/vibepaste', '/Applications/VibePaste.app/Contents/MacOS', '/opt/homebrew/Cellar/python@3.14/3.14.2/Frameworks/Python.framework/Versions/3.14/lib/python314.zip', '/opt/homebrew/Cellar/python@3.14/3.14.2/Frameworks/Python.framework/Versions/3.14/lib/python3.14', '/opt/homebrew/Cellar/python@3.14/3.14.2/Frameworks/Python.framework/Versions/3.14/lib/python3.14/lib-dynload', '/Users/sanel.zulic/myprojects/whisper.cpp/vibepaste/venv/lib/python3.14/site-packages']
os.getcwd: /Users/sanel.zulic/myprojects/whisper.cpp/vibepaste
DEBUG: Key pressed: Key.backspace. Current keys: {<Key.backspace: <51>>}
DEBUG: Key pressed: Key.backspace. Current keys: {<Key.backspace: <51>>}
DEBUG: Key pressed: Key.alt. Current keys: {<Key.alt: <58>>}
DEBUG: Key pressed: Key.space. Current keys: {<Key.alt: <58>>, <Key.space: ' '>}
DEBUG: Overlay process started (PID: 59198)

🔴 Recording... (English, turbo)
Press Space to stop and transcribe
DEBUG: _on_stop_recording called. is_recording=True
DEBUG: Stop ignored (too soon - debounce protection)
DEBUG: Key pressed: Key.space. Current keys: {<Key.space: ' '>}
DEBUG: _on_stop_recording called. is_recording=True
DEBUG: Hiding overlay (PID: 59198)
DEBUG: _stop_and_transcribe called
DEBUG: Calling audio_recorder.stop_recording...
DEBUG: stop_recording returned True
🎙️  Processing...
DEBUG: Initializing transcriber with model /Users/sanel.zulic/myprojects/whisper.cpp/models/ggml-large-v3-turbo.bin
DEBUG: Starting transcription...
DEBUG: Transcriber running command: /Users/sanel.zulic/myprojects/whisper.cpp/build/bin/whisper-cli -m /Users/sanel.zulic/myprojects/whisper.cpp/models/ggml-large-v3-turbo.bin -f /tmp/vibepaste_recording.wav -otxt
DEBUG: Whisper return code: 0
DEBUG: Whisper stdout: 
[00:00:00.000 --> 00:00:11.940]   I wanted to be persistent I wanted to be stored in local storage maybe and I
[00:00:11.940 --> 00:00:19.680]   won't copy buttons so I could easily copy the content ...
DEBUG: Whisper stderr: whisper_init_from_file_with_params_no_state: loading model from '/Users/sanel.zulic/myprojects/whisper.cpp/models/ggml-large-v3-turbo.bin'
whisper_init_with_params_no_state: use gpu    = 1
whisper_init_with_params_no_state: flash attn = 1
whisper_init_with_params_no_state: gpu_device = 0
whisper_init_with_params_no_state: dtw        = 0
ggml_metal_device_init: tensor API disabled for pre-M5 and pre-A19 devices
ggml_metal_library_init: using embedded metal library
ggml_metal_library_init: loaded in 0.024 sec
ggml_metal_rsets_init: creating a residency set collection (keep_alive = 180 s)
ggml_metal_device_init: GPU name:   Apple M4 Pro
ggml_metal_device_init: GPU family: MTLGPUFamilyApple9  (1009)
ggml_metal_device_init: GPU family: MTLGPUFamilyCommon3 (3003)
ggml_metal_device_init: GPU family: MTLGPUFamilyMetal4  (5002)
ggml_metal_device_init: simdgroup reduction   = true
ggml_metal_device_init: simdgroup matrix mul. = true
ggml_metal_device_init: has unified memory    = true
ggml_metal_device_init: has bfloat            = true
ggml_metal_device_init: has tensor            = false
ggml_metal_device_init: use residency sets    = true
ggml_metal_device_init: use shared buffers    = true
ggml_metal_device_init: recommendedMaxWorkingSetSize  = 19069.67 MB
whisper_init_with_params_no_state: devices    = 3
whisper_init_with_params_no_state: backends   = 3
whisper_model_load: loading model
whisper_model_load: n_vocab       = 51866
whisper_model_load: n_audio_ctx   = 1500
whisper_model_load: n_audio_state = 1280
whisper_model_load: n_audio_head  = 20
whisper_model_load: n_audio_layer = 32
whisper_model_load: n_text_ctx    = 448
whisper_model_load: n_text_state  = 1280
whisper_model_load: n_text_head   = 20
whisper_model_load: n_text_layer  = 4
whisper_model_load: n_mels        = 128
whisper_model_load: ftype         = 1
whisper_model_load: qntvr         = 0
whisper_model_load: type          = 5 (large v3)
whisper_model_load: adding 1609 extra tokens
whisper_model_load: n_langs       = 100
whisper_model_load:        Metal total size =  1623.92 MB
whisper_model_load: model size    = 1623.92 MB
whisper_backend_init_gpu: device 0: Metal (type: 1)
whisper_backend_init_gpu: found GPU device 0: Metal (type: 1, cnt: 0)
whisper_backend_init_gpu: using Metal backend
ggml_metal_init: allocating
ggml_metal_init: found device: Apple M4 Pro
ggml_metal_init: picking default device: Apple M4 Pro
ggml_metal_init: use fusion         = true
ggml_metal_init: use concurrency    = true
ggml_metal_init: use graph optimize = true
whisper_backend_init: using BLAS backend
whisper_init_state: kv self size  =   10.49 MB
whisper_init_state: kv cross size =   31.46 MB
whisper_init_state: kv pad  size  =    7.86 MB
whisper_init_state: compute buffer (conv)   =   37.69 MB
whisper_init_state: compute buffer (encode) =   67.31 MB
whisper_init_state: compute buffer (cross)  =   24.63 MB
whisper_init_state: compute buffer (decode) =  100.04 MB

system_info: n_threads = 4 / 12 | WHISPER : COREML = 0 | OPENVINO = 0 | Metal : EMBED_LIBRARY = 1 | CPU : NEON = 1 | ARM_FMA = 1 | FP16_VA = 1 | MATMUL_INT8 = 1 | DOTPROD = 1 | SME = 1 | ACCELERATE = 1 | REPACK = 1 | 

main: processing '/tmp/vibepaste_recording.wav' (933405 samples, 58.3 sec), 4 threads, 1 processors, 5 beams + best of 5, lang = en, task = transcribe, timestamps = 1 ...

output_txt: saving output to '/tmp/vibepaste_recording.wav.txt'

whisper_print_timings:     load time =   901.56 ms
whisper_print_timings:     fallbacks =   1 p /   0 h
whisper_print_timings:      mel time =    18.07 ms
whisper_print_timings:   sample time =    95.80 ms /   679 runs (     0.14 ms per run)
whisper_print_timings:   encode time =  1506.51 ms /     3 runs (   502.17 ms per run)
whisper_print_timings:   decode time =     8.76 ms /     4 runs (     2.19 ms per run)
whisper_print_timings:   batchd time =   384.58 ms /   664 runs (     0.58 ms per run)
whisper_print_timings:   prompt time =   114.74 ms /    57 runs (     2.01 ms per run)
whisper_print_timings:    total time =  3080.82 ms
ggml_metal_free: deallocating

DEBUG: Transcription result: I wanted to be persistent I wanted to be stored in local storage maybe and I
 won't copy buttons so I could easily copy the content that we have generated
 for pasting in other social media like title description and tags so when I
 click on generate button below it it should be like the content that he will
 generate that we generated in and it should be easy easy to copy and when I
 next time came to that video if I if I previously generated the content for that
 video I should be seeing it right away below the generate button content
 *ding*
✅ Transcribed: I wanted to be persistent I wanted to be stored in local storage maybe and I
 won't copy buttons so I could easily copy the content that we have generated
 for pasting in other social media like title description and tags so when I
 click on generate button below it it should be like the content that he will
 generate that we generated in and it should be easy easy to copy and when I
 next time came to that video if I if I previously generated the content for that
 video I should be seeing it right away below the generate button content
 *ding*
DEBUG: Pasting text...
DEBUG: Key pressed: Key.cmd. Current keys: {<Key.cmd: <55>>}
DEBUG: Key pressed: 'v'. Current keys: {<Key.cmd: <55>>, 'v'}
📋 Pasted!
DEBUG: Key pressed: Key.backspace. Current keys: {<Key.backspace: <51>>}
DEBUG: Key pressed: Key.backspace. Current keys: {<Key.backspace: <51>>}
DEBUG: Key pressed: Key.backspace. Current keys: {<Key.backspace: <51>>}
DEBUG: Key pressed: Key.backspace. Current keys: {<Key.backspace: <51>>}
DEBUG: Key pressed: Key.backspace. Current keys: {<Key.backspace: <51>>}
DEBUG: Key pressed: Key.backspace. Current keys: {<Key.backspace: <51>>}
DEBUG: Key pressed: 'l'. Current keys: {'l'}
DEBUG: Key pressed: 'o'. Current keys: {'o'}
DEBUG: Key pressed: 'c'. Current keys: {'c'}
DEBUG: Key pressed: 't'. Current keys: {'t'}
DEBUG: Key pressed: 'e'. Current keys: {'e'}
DEBUG: Key pressed: 's'. Current keys: {'s'}
DEBUG: Key pressed: 'u'. Current keys: {'u'}
DEBUG: Key pressed: 'p'. Current keys: {'p'}
DEBUG: Key pressed: 'a'. Current keys: {'a'}
DEBUG: Key pressed: 'b'. Current keys: {'b'}
DEBUG: Key pressed: 'a'. Current keys: {'a'}
DEBUG: Key pressed: 's'. Current keys: {'s'}
DEBUG: Key pressed: 'e'. Current keys: {'e'}
DEBUG: Key pressed: Key.enter. Current keys: {<Key.enter: <36>>}
DEBUG: Key pressed: 's'. Current keys: {'s'}
DEBUG: Key pressed: 'u'. Current keys: {'u'}
DEBUG: Key pressed: 'p'. Current keys: {'p'}
DEBUG: Key pressed: 'a'. Current keys: {'a'}
DEBUG: Key pressed: Key.backspace. Current keys: {<Key.backspace: <51>>}
DEBUG: Key pressed: 'c'. Current keys: {'c'}
DEBUG: Key pressed: Key.backspace. Current keys: {<Key.backspace: <51>>}
DEBUG: Key pressed: Key.backspace. Current keys: {<Key.backspace: <51>>}
DEBUG: Key pressed: 't'. Current keys: {'t'}
DEBUG: Key pressed: 'e'. Current keys: {'e', 't'}
DEBUG: Key pressed: 'l'. Current keys: {'l'}
DEBUG: Key pressed: 'o'. Current keys: {'o'}
DEBUG: Key pressed: 'c'. Current keys: {'o', 'c'}
DEBUG: Key pressed: 's'. Current keys: {'s'}
DEBUG: Key pressed: Key.backspace. Current keys: {<Key.backspace: <51>>}
DEBUG: Key pressed: 'u'. Current keys: {'u'}
DEBUG: Key pressed: 'p'. Current keys: {'p'}
DEBUG: Key pressed: 'a'. Current keys: {'a'}
DEBUG: Key pressed: 'r'. Current keys: {'r'}
DEBUG: Key pressed: 'e'. Current keys: {'e'}
DEBUG: Key pressed: 'm'. Current keys: {'m'}
DEBUG: Key pressed: 'o'. Current keys: {'o'}
DEBUG: Key pressed: 'v'. Current keys: {'v'}
DEBUG: Key pressed: 'e'. Current keys: {'e'}
DEBUG: Key pressed: Key.space. Current keys: {<Key.space: ' '>}
DEBUG: _on_stop_recording called. is_recording=False
DEBUG: Stop ignored (not recording)
DEBUG: Key pressed: 't'. Current keys: {'t'}
DEBUG: Key pressed: 'i'. Current keys: {'i'}
DEBUG: Key pressed: 'k'. Current keys: {'k'}
DEBUG: Key pressed: 't'. Current keys: {'t'}
DEBUG: Key pressed: 'o'. Current keys: {'o'}
DEBUG: Key pressed: 'k'. Current keys: {'k'}
DEBUG: Key pressed: Key.space. Current keys: {'k', <Key.space: ' '>}
DEBUG: _on_stop_recording called. is_recording=False
DEBUG: Stop ignored (not recording)
DEBUG: Key pressed: 'a'. Current keys: {'a'}
DEBUG: Key pressed: 'n'. Current keys: {'n'}
DEBUG: Key pressed: 'd'. Current keys: {'d'}
DEBUG: Key pressed: Key.space. Current keys: {<Key.space: ' '>}
DEBUG: _on_stop_recording called. is_recording=False
DEBUG: Stop ignored (not recording)
DEBUG: Key pressed: 'i'. Current keys: {'i'}
DEBUG: Key pressed: 'g'. Current keys: {'g'}
DEBUG: Key pressed: Key.space. Current keys: {<Key.space: ' '>}
DEBUG: _on_stop_recording called. is_recording=False
DEBUG: Stop ignored (not recording)
DEBUG: Key pressed: 'f'. Current keys: {'f'}
DEBUG: Key pressed: 'r'. Current keys: {'r'}
DEBUG: Key pressed: 'o'. Current keys: {'o'}
DEBUG: Key pressed: 'm'. Current keys: {'m'}
DEBUG: Key pressed: Key.space. Current keys: {<Key.space: ' '>}
DEBUG: _on_stop_recording called. is_recording=False
DEBUG: Stop ignored (not recording)
DEBUG: Key pressed: 's'. Current keys: {'s'}
DEBUG: Key pressed: 'e'. Current keys: {'e'}
DEBUG: Key pressed: 't'. Current keys: {'t'}
DEBUG: Key pressed: 't'. Current keys: {'t'}
DEBUG: Key pressed: 'i'. Current keys: {'i'}
DEBUG: Key pressed: 'n'. Current keys: {'n'}
DEBUG: Key pressed: 'g'. Current keys: {'g'}
DEBUG: Key pressed: 's'. Current keys: {'s'}
DEBUG: Key pressed: Key.space. Current keys: {<Key.space: ' '>}
DEBUG: _on_stop_recording called. is_recording=False
DEBUG: Stop ignored (not recording)
DEBUG: Key pressed: 'p'. Current keys: {'p'}
DEBUG: Key pressed: 'a'. Current keys: {'a'}
DEBUG: Key pressed: 'g'. Current keys: {'g'}
DEBUG: Key pressed: 'e'. Current keys: {'e'}
DEBUG: Key pressed: Key.space. Current keys: {<Key.space: ' '>}
DEBUG: _on_stop_recording called. is_recording=False
DEBUG: Stop ignored (not recording)
DEBUG: Key pressed: 'w'. Current keys: {'w'}
DEBUG: Key pressed: 'h'. Current keys: {'h'}
DEBUG: Key pressed: 'e'. Current keys: {'e'}
DEBUG: Key pressed: 'r'. Current keys: {'r'}
DEBUG: Key pressed: 'e'. Current keys: {'r', 'e'}
DEBUG: Key pressed: Key.space. Current keys: {<Key.space: ' '>}
DEBUG: _on_stop_recording called. is_recording=False
DEBUG: Stop ignored (not recording)
DEBUG: Key pressed: 'i'. Current keys: {'i'}
DEBUG: Key pressed: Key.space. Current keys: {<Key.space: ' '>}
DEBUG: _on_stop_recording called. is_recording=False
DEBUG: Stop ignored (not recording)
DEBUG: Key pressed: 'a'. Current keys: {'a'}
DEBUG: Key pressed: 'm'. Current keys: {'m'}
DEBUG: Key pressed: Key.space. Current keys: {<Key.space: ' '>}
DEBUG: _on_stop_recording called. is_recording=False
DEBUG: Stop ignored (not recording)
DEBUG: Key pressed: 'a'. Current keys: {'a'}
DEBUG: Key pressed: 'd'. Current keys: {'d'}
DEBUG: Key pressed: 'd'. Current keys: {'d'}
DEBUG: Key pressed: 'i'. Current keys: {'i'}
DEBUG: Key pressed: 'n'. Current keys: {'n'}
DEBUG: Key pressed: 'g'. Current keys: {'g'}
DEBUG: Key pressed: Key.space. Current keys: {<Key.space: ' '>}
DEBUG: _on_stop_recording called. is_recording=False
DEBUG: Stop ignored (not recording)
DEBUG: Key pressed: 's'. Current keys: {'s'}
DEBUG: Key pressed: 'o'. Current keys: {'o'}
DEBUG: Key pressed: 'c'. Current keys: {'c'}
DEBUG: Key pressed: 'i'. Current keys: {'i'}
DEBUG: Key pressed: 'a'. Current keys: {'a'}
DEBUG: Key pressed: 'l'. Current keys: {'l'}
DEBUG: Key pressed: Key.space. Current keys: {'l', <Key.space: ' '>}
DEBUG: _on_stop_recording called. is_recording=False
DEBUG: Stop ignored (not recording)
DEBUG: Key pressed: 'a'. Current keys: {'a'}
DEBUG: Key pressed: 'c'. Current keys: {'c'}
DEBUG: Key pressed: 'c'. Current keys: {'c'}
DEBUG: Key pressed: 'o'. Current keys: {'o'}
DEBUG: Key pressed: 'u'. Current keys: {'u'}
DEBUG: Key pressed: 'n'. Current keys: {'n'}
DEBUG: Key pressed: 't'. Current keys: {'t'}
DEBUG: Key pressed: 's'. Current keys: {'s'}
DEBUG: Key pressed: '.'. Current keys: {'.'}
DEBUG: Key pressed: Key.space. Current keys: {<Key.space: ' '>}
DEBUG: _on_stop_recording called. is_recording=False
DEBUG: Stop ignored (not recording)
DEBUG: Key pressed: 'l'. Current keys: {'l'}
DEBUG: Key pressed: 'e'. Current keys: {'e'}
DEBUG: Key pressed: 'a'. Current keys: {'a'}
DEBUG: Key pressed: 'v'. Current keys: {'v'}
DEBUG: Key pressed: 'e'. Current keys: {'e'}
DEBUG: Key pressed: Key.space. Current keys: {<Key.space: ' '>}
DEBUG: _on_stop_recording called. is_recording=False
DEBUG: Stop ignored (not recording)
DEBUG: Key pressed: 'o'. Current keys: {'o'}
DEBUG: Key pressed: 'j'. Current keys: {'j'}
DEBUG: Key pressed: Key.backspace. Current keys: {<Key.backspace: <51>>}
DEBUG: Key pressed: 'n'. Current keys: {'n'}
DEBUG: Key pressed: 'l'. Current keys: {'l'}
DEBUG: Key pressed: 'y'. Current keys: {'y'}
DEBUG: Key pressed: Key.space. Current keys: {<Key.space: ' '>}
DEBUG: _on_stop_recording called. is_recording=False
DEBUG: Stop ignored (not recording)
DEBUG: Key pressed: 'y'. Current keys: {'y'}
DEBUG: Key pressed: 't'. Current keys: {'t'}
DEBUG: Key pressed: Key.enter. Current keys: {<Key.enter: <36>>}
DEBUG: Key pressed: 'o'. Current keys: {'o'}
DEBUG: Key pressed: 'n'. Current keys: {'n'}
DEBUG: Key pressed: Key.space. Current keys: {<Key.space: ' '>}
DEBUG: _on_stop_recording called. is_recording=False
DEBUG: Stop ignored (not recording)
DEBUG: Key pressed: 'v'. Current keys: {'v'}
DEBUG: Key pressed: 'i'. Current keys: {'i'}
DEBUG: Key pressed: 'd'. Current keys: {'d'}
DEBUG: Key pressed: 'e'. Current keys: {'e'}
DEBUG: Key pressed: 'o'. Current keys: {'o'}
DEBUG: Key pressed: Key.space. Current keys: {<Key.space: ' '>}
DEBUG: _on_stop_recording called. is_recording=False
DEBUG: Stop ignored (not recording)
DEBUG: Key pressed: 'd'. Current keys: {'d'}
DEBUG: Key pressed: 'e'. Current keys: {'e'}
DEBUG: Key pressed: 't'. Current keys: {'t'}
DEBUG: Key pressed: 'a'. Current keys: {'a'}
DEBUG: Key pressed: 'i'. Current keys: {'a', 'i'}
DEBUG: Key pressed: 'l'. Current keys: {'l'}
DEBUG: Key pressed: 's'. Current keys: {'s'}
DEBUG: Key pressed: Key.space. Current keys: {<Key.space: ' '>}
DEBUG: _on_stop_recording called. is_recording=False
DEBUG: Stop ignored (not recording)
DEBUG: Key pressed: 'p'. Current keys: {'p'}
DEBUG: Key pressed: 'a'. Current keys: {'a'}
DEBUG: Key pressed: 'g'. Current keys: {'g'}
DEBUG: Key pressed: 'e'. Current keys: {'e'}
DEBUG: Key pressed: Key.space. Current keys: {<Key.space: ' '>}
DEBUG: _on_stop_recording called. is_recording=False
DEBUG: Stop ignored (not recording)
DEBUG: Key pressed: 'e'. Current keys: {'e'}
DEBUG: Key pressed: 'x'. Current keys: {'x'}
DEBUG: Key pressed: 't'. Current keys: {'t'}
DEBUG: Key pressed: 'r'. Current keys: {'r'}
DEBUG: Key pressed: 'a'. Current keys: {'r', 'a'}
DEBUG: Key pressed: 'c'. Current keys: {'c'}
DEBUG: Key pressed: 't'. Current keys: {'t'}
DEBUG: Key pressed: Key.space. Current keys: {<Key.space: ' '>}
DEBUG: _on_stop_recording called. is_recording=False
DEBUG: Stop ignored (not recording)
DEBUG: Key pressed: 's'. Current keys: {'s'}
DEBUG: Key pressed: 'o'. Current keys: {'o'}
DEBUG: Key pressed: 'm'. Current keys: {'m'}
DEBUG: Key pressed: 'e'. Current keys: {'e'}
DEBUG: Key pressed: Key.space. Current keys: {<Key.space: ' '>}
DEBUG: _on_stop_recording called. is_recording=False
DEBUG: Stop ignored (not recording)
DEBUG: Key pressed: 'l'. Current keys: {'l'}
DEBUG: Key pressed: 'o'. Current keys: {'o'}
DEBUG: Key pressed: 'g'. Current keys: {'g'}
DEBUG: Key pressed: 'i'. Current keys: {'i'}
DEBUG: Key pressed: 'c'. Current keys: {'c'}
DEBUG: Key pressed: Key.space. Current keys: {<Key.space: ' '>}
DEBUG: _on_stop_recording called. is_recording=False
DEBUG: Stop ignored (not recording)
DEBUG: Key pressed: 't'. Current keys: {'t'}
DEBUG: Key pressed: 'o'. Current keys: {'o'}
DEBUG: Key pressed: Key.space. Current keys: {<Key.space: ' '>}
DEBUG: _on_stop_recording called. is_recording=False
DEBUG: Stop ignored (not recording)
DEBUG: Key pressed: 'c'. Current keys: {'c'}
DEBUG: Key pressed: 'u'. Current keys: {'u'}
DEBUG: Key pressed: 's'. Current keys: {'s'}
DEBUG: Key pressed: 't'. Current keys: {'t'}
DEBUG: Key pressed: 'o'. Current keys: {'o'}
DEBUG: Key pressed: 'm'. Current keys: {'m'}
DEBUG: Key pressed: Key.space. Current keys: {<Key.space: ' '>}
DEBUG: _on_stop_recording called. is_recording=False
DEBUG: Stop ignored (not recording)
DEBUG: Key pressed: 'h'. Current keys: {'h'}
DEBUG: Key pressed: 'o'. Current keys: {'o'}
DEBUG: Key pressed: 'o'. Current keys: {'o'}
DEBUG: Key pressed: 'k'. Current keys: {'k'}
DEBUG: Key pressed: Key.space. Current keys: {<Key.space: ' '>}
DEBUG: _on_stop_recording called. is_recording=False
DEBUG: Stop ignored (not recording)
DEBUG: Key pressed: 'w'. Current keys: {'w'}
DEBUG: Key pressed: 'h'. Current keys: {'h'}
DEBUG: Key pressed: 'e'. Current keys: {'e'}
DEBUG: Key pressed: 'r'. Current keys: {'r'}
DEBUG: Key pressed: 'e'. Current keys: {'e'}
DEBUG: Key pressed: Key.space. Current keys: {<Key.space: ' '>}
DEBUG: _on_stop_recording called. is_recording=False
DEBUG: Stop ignored (not recording)
DEBUG: Key pressed: 'e'. Current keys: {'e'}
DEBUG: Key pressed: 'v'. Current keys: {'v'}
DEBUG: Key pressed: 'e'. Current keys: {'e'}
DEBUG: Key pressed: 'r'. Current keys: {'r'}
DEBUG: Key pressed: Key.space. Current keys: {<Key.space: ' '>}
DEBUG: _on_stop_recording called. is_recording=False
DEBUG: Stop ignored (not recording)
DEBUG: Key pressed: 'w'. Current keys: {'w'}
DEBUG: Key pressed: 'e'. Current keys: {'e'}
DEBUG: Key pressed: Key.space. Current keys: {<Key.space: ' '>}
DEBUG: _on_stop_recording called. is_recording=False
DEBUG: Stop ignored (not recording)
DEBUG: Key pressed: 'h'. Current keys: {'h'}
DEBUG: Key pressed: 'a'. Current keys: {'a'}
DEBUG: Key pressed: 'v'. Current keys: {'v'}
DEBUG: Key pressed: 'e'. Current keys: {'e'}
DEBUG: Key pressed: Key.space. Current keys: {<Key.space: ' '>}
DEBUG: _on_stop_recording called. is_recording=False
DEBUG: Stop ignored (not recording)
DEBUG: Key pressed: 'u'. Current keys: {'u'}
DEBUG: Key pressed: 's'. Current keys: {'u', 's'}
DEBUG: Key pressed: 'e'. Current keys: {'e'}
DEBUG: Key pressed: 's'. Current keys: {'s'}
DEBUG: Key pressed: 't'. Current keys: {'t'}
DEBUG: Key pressed: 'a'. Current keys: {'a'}
DEBUG: Key pressed: 't'. Current keys: {'t'}
DEBUG: Key pressed: 'e'. Current keys: {'e'}
DEBUG: Key pressed: Key.space. Current keys: {<Key.space: ' '>}
DEBUG: _on_stop_recording called. is_recording=False
DEBUG: Stop ignored (not recording)
DEBUG: Key pressed: 'a'. Current keys: {'a'}
DEBUG: Key pressed: 'n'. Current keys: {'n'}
DEBUG: Key pressed: 'd'. Current keys: {'d'}
DEBUG: Key pressed: Key.space. Current keys: {<Key.space: ' '>}
DEBUG: _on_stop_recording called. is_recording=False
DEBUG: Stop ignored (not recording)
DEBUG: Key pressed: 'u'. Current keys: {'u'}
DEBUG: Key pressed: 's'. Current keys: {'s'}
DEBUG: Key pressed: 'e'. Current keys: {'e'}
DEBUG: Key pressed: 'e'. Current keys: {'e'}
DEBUG: Key pressed: 'f'. Current keys: {'f'}
DEBUG: Key pressed: 'f'. Current keys: {'f'}
DEBUG: Key pressed: 'e'. Current keys: {'e'}
DEBUG: Key pressed: 'c'. Current keys: {'c'}
DEBUG: Key pressed: 't'. Current keys: {'t'}
DEBUG: Key pressed: Key.space. Current keys: {<Key.space: ' '>}
DEBUG: _on_stop_recording called. is_recording=False
DEBUG: Stop ignored (not recording)
DEBUG: Key pressed: 'i'. Current keys: {'i'}
DEBUG: Key pressed: 'n'. Current keys: {'n'}
DEBUG: Key pressed: Key.space. Current keys: {<Key.space: ' '>}
DEBUG: _on_stop_recording called. is_recording=False
DEBUG: Stop ignored (not recording)
DEBUG: Key pressed: 'c'. Current keys: {'c'}
DEBUG: Key pressed: 'o'. Current keys: {'o'}
DEBUG: Key pressed: 'm'. Current keys: {'m'}
DEBUG: Key pressed: 'b'. Current keys: {'b'}
DEBUG: Key pressed: 'e'. Current keys: {'e'}
DEBUG: Key pressed: Key.space. Current keys: {<Key.space: ' '>}
DEBUG: _on_stop_recording called. is_recording=False
DEBUG: Stop ignored (not recording)
DEBUG: Key pressed: 't'. Current keys: {'t'}
DEBUG: Key pressed: 'h'. Current keys: {'h'}
DEBUG: Key pressed: 'a'. Current keys: {'a'}
DEBUG: Key pressed: 't'. Current keys: {'a', 't'}
DEBUG: Key pressed: Key.space. Current keys: {<Key.space: ' '>}
DEBUG: _on_stop_recording called. is_recording=False
DEBUG: Stop ignored (not recording)
DEBUG: Key pressed: 'c'. Current keys: {'c'}
DEBUG: Key pressed: 'o'. Current keys: {'o'}
DEBUG: Key pressed: 'u'. Current keys: {'u'}
DEBUG: Key pressed: 'l'. Current keys: {'l'}
DEBUG: Key pressed: 'd'. Current keys: {'d'}
DEBUG: Key pressed: Key.space. Current keys: {<Key.space: ' '>}
DEBUG: _on_stop_recording called. is_recording=False
DEBUG: Stop ignored (not recording)
DEBUG: Key pressed: 'b'. Current keys: {'b'}
DEBUG: Key pressed: 'e'. Current keys: {'e'}
DEBUG: Key pressed: Key.space. Current keys: {<Key.space: ' '>}
DEBUG: _on_stop_recording called. is_recording=False
DEBUG: Stop ignored (not recording)
DEBUG: Key pressed: 'c'. Current keys: {'c'}
DEBUG: Key pressed: 'u'. Current keys: {'u'}
DEBUG: Key pressed: 's'. Current keys: {'s'}
DEBUG: Key pressed: 't'. Current keys: {'t'}
DEBUG: Key pressed: 'o'. Current keys: {'o'}
DEBUG: Key pressed: 'm'. Current keys: {'m'}
DEBUG: Key pressed: Key.space. Current keys: {<Key.space: ' '>}
DEBUG: _on_stop_recording called. is_recording=False
DEBUG: Stop ignored (not recording)
DEBUG: Key pressed: 'h'. Current keys: {'h'}
DEBUG: Key pressed: 'o'. Current keys: {'o'}
DEBUG: Key pressed: 'o'. Current keys: {'o'}
DEBUG: Key pressed: 'k'. Current keys: {'k'}
DEBUG: Key pressed: Key.enter. Current keys: {<Key.enter: <36>>}
DEBUG: Key pressed: Key.shift. Current keys: {<Key.shift: <56>>}
DEBUG: Key pressed: Key.cmd. Current keys: {<Key.cmd: <55>>, <Key.shift: <56>>}
DEBUG: Key pressed: '9'. Current keys: {<Key.cmd: <55>>, <Key.shift: <56>>, '9'}
DEBUG: Key pressed: Key.cmd. Current keys: {<Key.cmd: <55>>}
DEBUG: Key pressed: 'c'. Current keys: {'c', <Key.cmd: <55>>}
DEBUG: Key pressed: 'c'. Current keys: {'c'}
DEBUG: Key pressed: 'a'. Current keys: {'a'}
DEBUG: Key pressed: 'n'. Current keys: {'n'}
DEBUG: Key pressed: Key.space. Current keys: {<Key.space: ' '>}
DEBUG: _on_stop_recording called. is_recording=False
DEBUG: Stop ignored (not recording)
DEBUG: Key pressed: 'w'. Current keys: {'w'}
DEBUG: Key pressed: 'e'. Current keys: {'e'}
DEBUG: Key pressed: Key.space. Current keys: {<Key.space: ' '>}
DEBUG: _on_stop_recording called. is_recording=False
DEBUG: Stop ignored (not recording)
DEBUG: Key pressed: 'h'. Current keys: {'h'}
DEBUG: Key pressed: 'a'. Current keys: {'a'}
DEBUG: Key pressed: 'v'. Current keys: {'v'}
DEBUG: Key pressed: 'a'. Current keys: {'a'}
DEBUG: Key pressed: 'e'. Current keys: {'e'}
DEBUG: Key pressed: Key.space. Current keys: {<Key.space: ' '>}
DEBUG: _on_stop_recording called. is_recording=False
DEBUG: Stop ignored (not recording)
DEBUG: Key pressed: 'a'. Current keys: {'a'}
DEBUG: Key pressed: Key.space. Current keys: {<Key.space: ' '>}
DEBUG: _on_stop_recording called. is_recording=False
DEBUG: Stop ignored (not recording)
DEBUG: Key pressed: 'b'. Current keys: {'b'}
DEBUG: Key pressed: 'e'. Current keys: {'e'}
DEBUG: Key pressed: 't'. Current keys: {'t'}
DEBUG: Key pressed: 't'. Current keys: {'t'}
DEBUG: Key pressed: 'r'. Current keys: {'r'}
DEBUG: Key pressed: 'e'. Current keys: {'e', 'r'}
DEBUG: Key pressed: Key.space. Current keys: {<Key.space: ' '>}
DEBUG: _on_stop_recording called. is_recording=False
DEBUG: Stop ignored (not recording)
DEBUG: Key pressed: 'd'. Current keys: {'d'}
DEBUG: Key pressed: 'e'. Current keys: {'e'}
DEBUG: Key pressed: 's'. Current keys: {'s'}
DEBUG: Key pressed: 'i'. Current keys: {'i'}
DEBUG: Key pressed: 'g'. Current keys: {'g'}
DEBUG: Key pressed: 'n'. Current keys: {'n'}
DEBUG: Key pressed: Key.space. Current keys: {<Key.space: ' '>}
DEBUG: _on_stop_recording called. is_recording=False
DEBUG: Stop ignored (not recording)
DEBUG: Key pressed: 'h'. Current keys: {'h'}
DEBUG: Key pressed: 'e'. Current keys: {'e'}
DEBUG: Key pressed: 'r'. Current keys: {'r'}
DEBUG: Key pressed: 'e'. Current keys: {'e'}
DEBUG: Key pressed: Key.space. Current keys: {<Key.space: ' '>}
DEBUG: _on_stop_recording called. is_recording=False
DEBUG: Stop ignored (not recording)
DEBUG: Key pressed: Key.cmd. Current keys: {<Key.cmd: <55>>}
DEBUG: Key pressed: 'v'. Current keys: {<Key.cmd: <55>>, 'v'}
DEBUG: Key pressed: 'u'. Current keys: {'u'}
DEBUG: Key pressed: 'l'. Current keys: {'l'}
DEBUG: Key pressed: 't'. Current keys: {'t'}
DEBUG: Key pressed: 'r'. Current keys: {'r'}
DEBUG: Key pressed: 'a'. Current keys: {'a'}
DEBUG: Key pressed: 't'. Current keys: {'t'}
DEBUG: Key pressed: 'h'. Current keys: {'h'}
DEBUG: Key pressed: 'i'. Current keys: {'i'}
DEBUG: Key pressed: 'n'. Current keys: {'n'}
DEBUG: Key pressed: 'k'. Current keys: {'k'}
DEBUG: Key pressed: Key.enter. Current keys: {<Key.enter: <36>>}
DEBUG: Key pressed: 'g'. Current keys: {'g'}
DEBUG: Key pressed: 'e'. Current keys: {'e'}
DEBUG: Key pressed: 'n'. Current keys: {'n'}
DEBUG: Key pressed: 'e'. Current keys: {'e'}
DEBUG: Key pressed: 'r'. Current keys: {'r'}
DEBUG: Key pressed: 'a'. Current keys: {'a'}
DEBUG: Key pressed: 't'. Current keys: {'t'}
DEBUG: Key pressed: 'e'. Current keys: {'e'}
DEBUG: Key pressed: Key.space. Current keys: {<Key.space: ' '>}
DEBUG: _on_stop_recording called. is_recording=False
DEBUG: Stop ignored (not recording)
DEBUG: Key pressed: 'c'. Current keys: {'c'}
DEBUG: Key pressed: 'o'. Current keys: {'o'}
DEBUG: Key pressed: 'n'. Current keys: {'n'}
DEBUG: Key pressed: 't'. Current keys: {'t'}
DEBUG: Key pressed: 'e'. Current keys: {'e', 't'}
DEBUG: Key pressed: 'c'. Current keys: {'c'}
DEBUG: Key pressed: 't'. Current keys: {'t'}
DEBUG: Key pressed: Key.space. Current keys: {<Key.space: ' '>}
DEBUG: _on_stop_recording called. is_recording=False
DEBUG: Stop ignored (not recording)
DEBUG: Key pressed: Key.backspace. Current keys: {<Key.backspace: <51>>}
DEBUG: Key pressed: Key.backspace. Current keys: {<Key.backspace: <51>>}
DEBUG: Key pressed: Key.backspace. Current keys: {<Key.backspace: <51>>}
DEBUG: Key pressed: 'n'. Current keys: {'n'}
DEBUG: Key pressed: 't'. Current keys: {'t'}
DEBUG: Key pressed: Key.space. Current keys: {<Key.space: ' '>}
DEBUG: _on_stop_recording called. is_recording=False
DEBUG: Stop ignored (not recording)
DEBUG: Key pressed: 'b'. Current keys: {'b'}
DEBUG: Key pressed: 'u'. Current keys: {'u'}
DEBUG: Key pressed: 't'. Current keys: {'t'}
DEBUG: Key pressed: 't'. Current keys: {'t'}
DEBUG: Key pressed: 'o'. Current keys: {'o'}
DEBUG: Key pressed: 'n'. Current keys: {'n'}
DEBUG: Key pressed: Key.space. Current keys: {'n', <Key.space: ' '>}
DEBUG: _on_stop_recording called. is_recording=False
DEBUG: Stop ignored (not recording)
DEBUG: Key pressed: 's'. Current keys: {'s'}
DEBUG: Key pressed: 'h'. Current keys: {'h'}
DEBUG: Key pressed: 'o'. Current keys: {'o'}
DEBUG: Key pressed: 'u'. Current keys: {'u'}
DEBUG: Key pressed: 'l'. Current keys: {'l'}
DEBUG: Key pressed: 'd'. Current keys: {'d'}
DEBUG: Key pressed: Key.space. Current keys: {<Key.space: ' '>}
DEBUG: _on_stop_recording called. is_recording=False
DEBUG: Stop ignored (not recording)
DEBUG: Key pressed: 'w'. Current keys: {'w'}
DEBUG: Key pressed: 'o'. Current keys: {'o'}
DEBUG: Key pressed: 'r'. Current keys: {'r'}
DEBUG: Key pressed: 'k'. Current keys: {'k'}
DEBUG: Key pressed: Key.space. Current keys: {<Key.space: ' '>}
DEBUG: _on_stop_recording called. is_recording=False
DEBUG: Stop ignored (not recording)
DEBUG: Key pressed: 'e'. Current keys: {'e'}
DEBUG: Key pressed: 'v'. Current keys: {'v'}
DEBUG: Key pressed: 'e'. Current keys: {'e'}
DEBUG: Key pressed: 'n'. Current keys: {'n'}
DEBUG: Key pressed: Key.space. Current keys: {<Key.space: ' '>}
DEBUG: _on_stop_recording called. is_recording=False
DEBUG: Stop ignored (not recording)
DEBUG: Key pressed: 'i'. Current keys: {'i'}
DEBUG: Key pressed: 'f'. Current keys: {'f'}
DEBUG: Key pressed: Key.space. Current keys: {<Key.space: ' '>}
DEBUG: _on_stop_recording called. is_recording=False
DEBUG: Stop ignored (not recording)
DEBUG: Key pressed: 't'. Current keys: {'t'}
DEBUG: Key pressed: 'h'. Current keys: {'h'}
DEBUG: Key pressed: 'e'. Current keys: {'e'}
DEBUG: Key pressed: 'r'. Current keys: {'r'}
DEBUG: Key pressed: 'e'. Current keys: {'e'}
DEBUG: Key pressed: Key.space. Current keys: {<Key.space: ' '>}
DEBUG: _on_stop_recording called. is_recording=False
DEBUG: Stop ignored (not recording)
DEBUG: Key pressed: 'a'. Current keys: {'a'}
DEBUG: Key pressed: 'r'. Current keys: {'r'}
DEBUG: Key pressed: 'e'. Current keys: {'e'}
DEBUG: Key pressed: Key.space. Current keys: {<Key.space: ' '>}
DEBUG: _on_stop_recording called. is_recording=False
DEBUG: Stop ignored (not recording)
DEBUG: Key pressed: 's'. Current keys: {'s'}
DEBUG: Key pressed: 'e'. Current keys: {'e'}
DEBUG: Key pressed: 'l'. Current keys: {'l'}
DEBUG: Key pressed: 'e'. Current keys: {'e'}
DEBUG: Key pressed: 'c'. Current keys: {'c'}
DEBUG: Key pressed: 't'. Current keys: {'t'}
DEBUG: Key pressed: 'e'. Current keys: {'e'}
DEBUG: Key pressed: 'd'. Current keys: {'d'}
DEBUG: Key pressed: Key.space. Current keys: {<Key.space: ' '>}
DEBUG: _on_stop_recording called. is_recording=False
DEBUG: Stop ignored (not recording)
DEBUG: Key pressed: 'a'. Current keys: {'a'}
DEBUG: Key pressed: 'c'. Current keys: {'c'}
DEBUG: Key pressed: 'c'. Current keys: {'c'}
DEBUG: Key pressed: 'o'. Current keys: {'o'}
DEBUG: Key pressed: 'u'. Current keys: {'u'}
DEBUG: Key pressed: 'n'. Current keys: {'n'}
DEBUG: Key pressed: 't'. Current keys: {'t'}
DEBUG: Key pressed: 's'. Current keys: {'s'}
DEBUG: Key pressed: Key.space. Current keys: {<Key.space: ' '>}
DEBUG: _on_stop_recording called. is_recording=False
DEBUG: Stop ignored (not recording)
DEBUG: Key pressed: '.'. Current keys: {'.'}
DEBUG: Key pressed: Key.space. Current keys: {<Key.space: ' '>}
DEBUG: _on_stop_recording called. is_recording=False
DEBUG: Stop ignored (not recording)
DEBUG: Key pressed: 'a'. Current keys: {'a'}
DEBUG: Key pressed: 'l'. Current keys: {'l'}
DEBUG: Key pressed: 'l'. Current keys: {'l'}
DEBUG: Key pressed: 'w'. Current keys: {'w'}
DEBUG: Key pressed: 'a'. Current keys: {'a'}
DEBUG: Key pressed: 'y'. Current keys: {'y'}
DEBUG: Key pressed: 's'. Current keys: {'s'}
DEBUG: Key pressed: Key.space. Current keys: {<Key.space: ' '>}
DEBUG: _on_stop_recording called. is_recording=False
DEBUG: Stop ignored (not recording)
DEBUG: Key pressed: 'g'. Current keys: {'g'}
DEBUG: Key pressed: 'e'. Current keys: {'e'}
DEBUG: Key pressed: 'n'. Current keys: {'n'}
DEBUG: Key pressed: 'e'. Current keys: {'e'}
DEBUG: Key pressed: 'r'. Current keys: {'r'}
DEBUG: Key pressed: 'a'. Current keys: {'a'}
DEBUG: Key pressed: 't'. Current keys: {'t'}
DEBUG: Key pressed: 'e'. Current keys: {'e'}
DEBUG: Key pressed: Key.space. Current keys: {<Key.space: ' '>}
DEBUG: _on_stop_recording called. is_recording=False
DEBUG: Stop ignored (not recording)
DEBUG: Key pressed: 'c'. Current keys: {'c'}
DEBUG: Key pressed: 'o'. Current keys: {'o'}
DEBUG: Key pressed: 'n'. Current keys: {'n'}
DEBUG: Key pressed: 't'. Current keys: {'t'}
DEBUG: Key pressed: 'e'. Current keys: {'e'}
DEBUG: Key pressed: 't'. Current keys: {'t'}
DEBUG: Key pressed: 'e'. Current keys: {'e'}
DEBUG: Key pressed: Key.space. Current keys: {<Key.space: ' '>}
DEBUG: _on_stop_recording called. is_recording=False
DEBUG: Stop ignored (not recording)
DEBUG: Key pressed: 'f'. Current keys: {'f'}
DEBUG: Key pressed: 'o'. Current keys: {'o'}
DEBUG: Key pressed: 'r'. Current keys: {'r'}
DEBUG: Key pressed: Key.space. Current keys: {<Key.space: ' '>}
DEBUG: _on_stop_recording called. is_recording=False
DEBUG: Stop ignored (not recording)
DEBUG: Key pressed: 'y'. Current keys: {'y'}
DEBUG: Key pressed: 't'. Current keys: {'t'}
DEBUG: Key pressed: ','. Current keys: {','}
DEBUG: Key pressed: Key.space. Current keys: {<Key.space: ' '>}
DEBUG: _on_stop_recording called. is_recording=False
DEBUG: Stop ignored (not recording)
DEBUG: Key pressed: 'i'. Current keys: {'i'}
DEBUG: Key pressed: 'g'. Current keys: {'g'}
DEBUG: Key pressed: Key.space. Current keys: {<Key.space: ' '>}
DEBUG: _on_stop_recording called. is_recording=False
DEBUG: Stop ignored (not recording)
DEBUG: Key pressed: 'a'. Current keys: {'a'}
DEBUG: Key pressed: 'n'. Current keys: {'n'}
DEBUG: Key pressed: 'd'. Current keys: {'d'}
DEBUG: Key pressed: Key.space. Current keys: {<Key.space: ' '>}
DEBUG: _on_stop_recording called. is_recording=False
DEBUG: Stop ignored (not recording)
DEBUG: Key pressed: 't'. Current keys: {'t'}
DEBUG: Key pressed: 'i'. Current keys: {'i'}
DEBUG: Key pressed: 'k'. Current keys: {'k'}
DEBUG: Key pressed: 't'. Current keys: {'t'}
DEBUG: Key pressed: 'o'. Current keys: {'o'}
DEBUG: Key pressed: 'k'. Current keys: {'k'}
DEBUG: Key pressed: Key.shift. Current keys: {<Key.shift: <56>>}
DEBUG: Key pressed: Key.cmd. Current keys: {<Key.cmd: <55>>, <Key.shift: <56>>}
DEBUG: Key pressed: '9'. Current keys: {<Key.cmd: <55>>, <Key.shift: <56>>, '9'}
DEBUG: Key pressed: Key.cmd. Current keys: {<Key.cmd: <55>>}
DEBUG: Key pressed: 'c'. Current keys: {<Key.cmd: <55>>, 'c'}
DEBUG: Key pressed: Key.cmd. Current keys: {<Key.cmd: <55>>}
DEBUG: Key pressed: 'v'. Current keys: {<Key.cmd: <55>>, 'v'}
DEBUG: Key pressed: 'i'. Current keys: {'i'}
DEBUG: Key pressed: Key.space. Current keys: {<Key.space: ' '>}
DEBUG: _on_stop_recording called. is_recording=False
DEBUG: Stop ignored (not recording)
DEBUG: Key pressed: 'd'. Current keys: {'d'}
DEBUG: Key pressed: 'o'. Current keys: {'o'}
DEBUG: Key pressed: Key.space. Current keys: {<Key.space: ' '>}
DEBUG: _on_stop_recording called. is_recording=False
DEBUG: Stop ignored (not recording)
DEBUG: Key pressed: 'n'. Current keys: {'n'}
DEBUG: Key pressed: 'o'. Current keys: {'o'}
DEBUG: Key pressed: 't'. Current keys: {'t'}
DEBUG: Key pressed: Key.space. Current keys: {<Key.space: ' '>}
DEBUG: _on_stop_recording called. is_recording=False
DEBUG: Stop ignored (not recording)
DEBUG: Key pressed: 'l'. Current keys: {'l'}
DEBUG: Key pressed: 'i'. Current keys: {'i'}
DEBUG: Key pressed: 'k'. Current keys: {'k'}
DEBUG: Key pressed: 'e'. Current keys: {'k', 'e'}
DEBUG: Key pressed: Key.space. Current keys: {<Key.space: ' '>}
DEBUG: _on_stop_recording called. is_recording=False
DEBUG: Stop ignored (not recording)
DEBUG: Key pressed: 't'. Current keys: {'t'}
DEBUG: Key pressed: 'w'. Current keys: {'w'}
DEBUG: Key pressed: 'o'. Current keys: {'o'}
DEBUG: Key pressed: Key.space. Current keys: {<Key.space: ' '>}
DEBUG: _on_stop_recording called. is_recording=False
DEBUG: Stop ignored (not recording)
DEBUG: Key pressed: 'c'. Current keys: {'c'}
DEBUG: Key pressed: 'o'. Current keys: {'o'}
DEBUG: Key pressed: 'l'. Current keys: {'l'}
DEBUG: Key pressed: 'u'. Current keys: {'u'}
DEBUG: Key pressed: 'm'. Current keys: {'m'}
DEBUG: Key pressed: 'n'. Current keys: {'n'}
DEBUG: Key pressed: 's'. Current keys: {'s'}
DEBUG: Key pressed: Key.space. Current keys: {<Key.space: ' '>}
DEBUG: _on_stop_recording called. is_recording=False
DEBUG: Stop ignored (not recording)
DEBUG: Key pressed: 'l'. Current keys: {'l'}
DEBUG: Key pressed: 'o'. Current keys: {'o'}
DEBUG: Key pressed: 'o'. Current keys: {'o'}
DEBUG: Key pressed: 'k'. Current keys: {'k'}
DEBUG: Key pressed: Key.space. Current keys: {<Key.space: ' '>}
DEBUG: _on_stop_recording called. is_recording=False
DEBUG: Stop ignored (not recording)
DEBUG: Key pressed: 'o'. Current keys: {'o'}
DEBUG: Key pressed: 'n'. Current keys: {'n'}
DEBUG: Key pressed: Key.space. Current keys: {<Key.space: ' '>}
DEBUG: _on_stop_recording called. is_recording=False
DEBUG: Stop ignored (not recording)
DEBUG: Key pressed: 'd'. Current keys: {'d'}
DEBUG: Key pressed: 'e'. Current keys: {'e'}
DEBUG: Key pressed: 't'. Current keys: {'t'}
DEBUG: Key pressed: 'a'. Current keys: {'a'}
DEBUG: Key pressed: 'i'. Current keys: {'i'}
DEBUG: Key pressed: 'l'. Current keys: {'l'}
DEBUG: Key pressed: 's'. Current keys: {'s'}
DEBUG: Key pressed: Key.space. Current keys: {<Key.space: ' '>}
DEBUG: _on_stop_recording called. is_recording=False
DEBUG: Stop ignored (not recording)
DEBUG: Key pressed: 'p'. Current keys: {'p'}
DEBUG: Key pressed: 'a'. Current keys: {'a'}
DEBUG: Key pressed: 'g'. Current keys: {'g'}
DEBUG: Key pressed: 'e'. Current keys: {'e'}
DEBUG: Key pressed: Key.space. Current keys: {<Key.space: ' '>}
DEBUG: _on_stop_recording called. is_recording=False
DEBUG: Stop ignored (not recording)
DEBUG: Key pressed: 'i'. Current keys: {'i'}
DEBUG: Key pressed: Key.space. Current keys: {<Key.space: ' '>}
DEBUG: _on_stop_recording called. is_recording=False
DEBUG: Stop ignored (not recording)
DEBUG: Key pressed: 'w'. Current keys: {'w'}
DEBUG: Key pressed: 'a'. Current keys: {'a'}
DEBUG: Key pressed: 'n'. Current keys: {'a', 'n'}
DEBUG: Key pressed: 't'. Current keys: {'t'}
DEBUG: Key pressed: Key.space. Current keys: {<Key.space: ' '>}
DEBUG: _on_stop_recording called. is_recording=False
DEBUG: Stop ignored (not recording)
DEBUG: Key pressed: 'o'. Current keys: {'o'}
DEBUG: Key pressed: 'n'. Current keys: {'n'}
DEBUG: Key pressed: 'e'. Current keys: {'e'}
DEBUG: Key pressed: Key.space. Current keys: {<Key.space: ' '>}
DEBUG: _on_stop_recording called. is_recording=False
DEBUG: Stop ignored (not recording)
DEBUG: Key pressed: 'c'. Current keys: {'c'}
DEBUG: Key pressed: 'o'. Current keys: {'o'}
DEBUG: Key pressed: 'l'. Current keys: {'l'}
DEBUG: Key pressed: 'u'. Current keys: {'u'}
DEBUG: Key pressed: 'm'. Current keys: {'m'}
DEBUG: Key pressed: 'n'. Current keys: {'n'}
DEBUG: Key pressed: Key.space. Current keys: {<Key.space: ' '>}
DEBUG: _on_stop_recording called. is_recording=False
DEBUG: Stop ignored (not recording)
DEBUG: Key pressed: 'a'. Current keys: {'a'}
DEBUG: Key pressed: 'n'. Current keys: {'n'}
DEBUG: Key pressed: 'd'. Current keys: {'d'}
DEBUG: Key pressed: Key.space. Current keys: {<Key.space: ' '>}
DEBUG: _on_stop_recording called. is_recording=False
DEBUG: Stop ignored (not recording)
DEBUG: Key pressed: 'b'. Current keys: {'b'}
DEBUG: Key pressed: 'e'. Current keys: {'e'}
DEBUG: Key pressed: 't'. Current keys: {'t'}
DEBUG: Key pressed: 't'. Current keys: {'t'}
DEBUG: Key pressed: 'e'. Current keys: {'e'}
DEBUG: Key pressed: 'r'. Current keys: {'r'}
DEBUG: Key pressed: Key.space. Current keys: {<Key.space: ' '>}
DEBUG: _on_stop_recording called. is_recording=False
DEBUG: Stop ignored (not recording)
DEBUG: Key pressed: 'd'. Current keys: {'d'}
DEBUG: Key pressed: 'e'. Current keys: {'e'}
DEBUG: Key pressed: 's'. Current keys: {'s'}
DEBUG: Key pressed: 'i'. Current keys: {'i'}
DEBUG: Key pressed: 'n'. Current keys: {'n'}
DEBUG: Key pressed: 'g'. Current keys: {'g'}
DEBUG: Key pressed: Key.space. Current keys: {<Key.space: ' '>}
DEBUG: _on_stop_recording called. is_recording=False
DEBUG: Stop ignored (not recording)
DEBUG: Key pressed: 'u'. Current keys: {'u'}
DEBUG: Key pressed: 'l'. Current keys: {'l'}
DEBUG: Key pressed: 't'. Current keys: {'t'}
DEBUG: Key pressed: 'r'. Current keys: {'r'}
DEBUG: Key pressed: 'a'. Current keys: {'a'}
DEBUG: Key pressed: 't'. Current keys: {'t'}
DEBUG: Key pressed: 'h'. Current keys: {'h'}
DEBUG: Key pressed: 'i'. Current keys: {'i'}
DEBUG: Key pressed: 'n'. Current keys: {'n'}
DEBUG: Key pressed: 'k'. Current keys: {'k'}
DEBUG: Key pressed: Key.enter. Current keys: {<Key.enter: <36>>}
DEBUG: Key pressed: Key.shift. Current keys: {<Key.shift: <56>>}
DEBUG: Key pressed: Key.cmd. Current keys: {<Key.cmd: <55>>, <Key.shift: <56>>}
DEBUG: Key pressed: '9'. Current keys: {<Key.cmd: <55>>, <Key.shift: <56>>, '9'}
DEBUG: Key pressed: Key.cmd. Current keys: {<Key.cmd: <55>>}
DEBUG: Key pressed: 'c'. Current keys: {'c', <Key.cmd: <55>>}
DEBUG: Key pressed: Key.alt. Current keys: {<Key.alt: <58>>}
DEBUG: Key pressed: Key.space. Current keys: {<Key.alt: <58>>, <Key.space: ' '>}
DEBUG: Overlay process started (PID: 62463)

🔴 Recording... (English, turbo)
Press Space to stop and transcribe
DEBUG: _on_stop_recording called. is_recording=True
DEBUG: Stop ignored (too soon - debounce protection)
DEBUG: Key pressed: Key.space. Current keys: {<Key.space: ' '>}
DEBUG: _on_stop_recording called. is_recording=True
DEBUG: Hiding overlay (PID: 62463)
DEBUG: _stop_and_transcribe called
DEBUG: Calling audio_recorder.stop_recording...
DEBUG: stop_recording returned True
🎙️  Processing...
DEBUG: Initializing transcriber with model /Users/sanel.zulic/myprojects/whisper.cpp/models/ggml-large-v3-turbo.bin
DEBUG: Starting transcription...
DEBUG: Transcriber running command: /Users/sanel.zulic/myprojects/whisper.cpp/build/bin/whisper-cli -m /Users/sanel.zulic/myprojects/whisper.cpp/models/ggml-large-v3-turbo.bin -f /tmp/vibepaste_recording.wav -otxt
DEBUG: Whisper return code: 0
DEBUG: Whisper stdout: 
[00:00:00.000 --> 00:00:10.680]   I do not want to have Instagram and TikTok accounts visible on the social posting part.
[00:00:10.680 --> 00:00:21.600]   I just want to generate content button to g...
DEBUG: Whisper stderr: whisper_init_from_file_with_params_no_state: loading model from '/Users/sanel.zulic/myprojects/whisper.cpp/models/ggml-large-v3-turbo.bin'
whisper_init_with_params_no_state: use gpu    = 1
whisper_init_with_params_no_state: flash attn = 1
whisper_init_with_params_no_state: gpu_device = 0
whisper_init_with_params_no_state: dtw        = 0
ggml_metal_device_init: tensor API disabled for pre-M5 and pre-A19 devices
ggml_metal_library_init: using embedded metal library
ggml_metal_library_init: loaded in 0.022 sec
ggml_metal_rsets_init: creating a residency set collection (keep_alive = 180 s)
ggml_metal_device_init: GPU name:   Apple M4 Pro
ggml_metal_device_init: GPU family: MTLGPUFamilyApple9  (1009)
ggml_metal_device_init: GPU family: MTLGPUFamilyCommon3 (3003)
ggml_metal_device_init: GPU family: MTLGPUFamilyMetal4  (5002)
ggml_metal_device_init: simdgroup reduction   = true
ggml_metal_device_init: simdgroup matrix mul. = true
ggml_metal_device_init: has unified memory    = true
ggml_metal_device_init: has bfloat            = true
ggml_metal_device_init: has tensor            = false
ggml_metal_device_init: use residency sets    = true
ggml_metal_device_init: use shared buffers    = true
ggml_metal_device_init: recommendedMaxWorkingSetSize  = 19069.67 MB
whisper_init_with_params_no_state: devices    = 3
whisper_init_with_params_no_state: backends   = 3
whisper_model_load: loading model
whisper_model_load: n_vocab       = 51866
whisper_model_load: n_audio_ctx   = 1500
whisper_model_load: n_audio_state = 1280
whisper_model_load: n_audio_head  = 20
whisper_model_load: n_audio_layer = 32
whisper_model_load: n_text_ctx    = 448
whisper_model_load: n_text_state  = 1280
whisper_model_load: n_text_head   = 20
whisper_model_load: n_text_layer  = 4
whisper_model_load: n_mels        = 128
whisper_model_load: ftype         = 1
whisper_model_load: qntvr         = 0
whisper_model_load: type          = 5 (large v3)
whisper_model_load: adding 1609 extra tokens
whisper_model_load: n_langs       = 100
whisper_model_load:        Metal total size =  1623.92 MB
whisper_model_load: model size    = 1623.92 MB
whisper_backend_init_gpu: device 0: Metal (type: 1)
whisper_backend_init_gpu: found GPU device 0: Metal (type: 1, cnt: 0)
whisper_backend_init_gpu: using Metal backend
ggml_metal_init: allocating
ggml_metal_init: found device: Apple M4 Pro
ggml_metal_init: picking default device: Apple M4 Pro
ggml_metal_init: use fusion         = true
ggml_metal_init: use concurrency    = true
ggml_metal_init: use graph optimize = true
whisper_backend_init: using BLAS backend
whisper_init_state: kv self size  =   10.49 MB
whisper_init_state: kv cross size =   31.46 MB
whisper_init_state: kv pad  size  =    7.86 MB
whisper_init_state: compute buffer (conv)   =   37.69 MB
whisper_init_state: compute buffer (encode) =   67.31 MB
whisper_init_state: compute buffer (cross)  =   24.63 MB
whisper_init_state: compute buffer (decode) =  100.04 MB

system_info: n_threads = 4 / 12 | WHISPER : COREML = 0 | OPENVINO = 0 | Metal : EMBED_LIBRARY = 1 | CPU : NEON = 1 | ARM_FMA = 1 | FP16_VA = 1 | MATMUL_INT8 = 1 | DOTPROD = 1 | SME = 1 | ACCELERATE = 1 | REPACK = 1 | 

main: processing '/tmp/vibepaste_recording.wav' (729885 samples, 45.6 sec), 4 threads, 1 processors, 5 beams + best of 5, lang = en, task = transcribe, timestamps = 1 ...

output_txt: saving output to '/tmp/vibepaste_recording.wav.txt'

whisper_print_timings:     load time =   823.98 ms
whisper_print_timings:     fallbacks =   0 p /   0 h
whisper_print_timings:      mel time =    13.98 ms
whisper_print_timings:   sample time =    73.60 ms /   516 runs (     0.14 ms per run)
whisper_print_timings:   encode time =  1004.95 ms /     2 runs (   502.48 ms per run)
whisper_print_timings:   decode time =     3.39 ms /     1 runs (     3.39 ms per run)
whisper_print_timings:   batchd time =   287.50 ms /   508 runs (     0.57 ms per run)
whisper_print_timings:   prompt time =     7.94 ms /    61 runs (     0.13 ms per run)
whisper_print_timings:    total time =  2252.51 ms
ggml_metal_free: deallocating

DEBUG: Transcription result: I do not want to have Instagram and TikTok accounts visible on the social posting part.
 I just want to generate content button to generate me the content for manually posting to those social accounts.
 Also, I don't want them in the settings as well.
 And ultra think: I do not like the current design on the details page, I wanted to be in one column, so social posting should be below the video and videos should take the whole width on that page.
✅ Transcribed: I do not want to have Instagram and TikTok accounts visible on the social posting part.
 I just want to generate content button to generate me the content for manually posting to those social accounts.
 Also, I don't want them in the settings as well.
 And ultra think: I do not like the current design on the details page, I wanted to be in one column, so social posting should be below the video and videos should take the whole width on that page.
DEBUG: Pasting text...
DEBUG: Key pressed: Key.cmd. Current keys: {<Key.cmd: <55>>}
DEBUG: Key pressed: 'v'. Current keys: {<Key.cmd: <55>>, 'v'}
📋 Pasted!
DEBUG: Key pressed: Key.shift. Current keys: {<Key.shift: <56>>}
DEBUG: Key pressed: Key.cmd. Current keys: {<Key.cmd: <55>>, <Key.shift: <56>>}
DEBUG: Key pressed: '9'. Current keys: {<Key.cmd: <55>>, <Key.shift: <56>>, '9'}
DEBUG: Key pressed: Key.cmd. Current keys: {<Key.cmd: <55>>}
DEBUG: Key pressed: 'c'. Current keys: {'c', <Key.cmd: <55>>}
DEBUG: Key pressed: Key.cmd. Current keys: {<Key.cmd: <55>>}
DEBUG: Key pressed: 'v'. Current keys: {<Key.cmd: <55>>, 'v'}
DEBUG: Key pressed: Key.alt. Current keys: {<Key.alt: <58>>}
DEBUG: Key pressed: Key.space. Current keys: {<Key.alt: <58>>, <Key.space: ' '>}
DEBUG: Overlay process started (PID: 62973)

🔴 Recording... (English, turbo)
Press Space to stop and transcribe
DEBUG: _on_stop_recording called. is_recording=True
DEBUG: Stop ignored (too soon - debounce protection)
DEBUG: Key pressed: Key.space. Current keys: {<Key.space: ' '>}
DEBUG: _on_stop_recording called. is_recording=True
DEBUG: Hiding overlay (PID: 62973)
DEBUG: _stop_and_transcribe called
DEBUG: Calling audio_recorder.stop_recording...
DEBUG: stop_recording returned True
🎙️  Processing...
DEBUG: Initializing transcriber with model /Users/sanel.zulic/myprojects/whisper.cpp/models/ggml-large-v3-turbo.bin
DEBUG: Starting transcription...
DEBUG: Transcriber running command: /Users/sanel.zulic/myprojects/whisper.cpp/build/bin/whisper-cli -m /Users/sanel.zulic/myprojects/whisper.cpp/models/ggml-large-v3-turbo.bin -f /tmp/vibepaste_recording.wav -otxt
DEBUG: Whisper return code: 0
DEBUG: Whisper stdout: 
[00:00:00.000 --> 00:00:07.760]   remove tick tock and instagram all together from this page i do want i do not want to see them
[00:00:07.760 --> 00:00:15.760]   on this page no matter that you wrot...
DEBUG: Whisper stderr: whisper_init_from_file_with_params_no_state: loading model from '/Users/sanel.zulic/myprojects/whisper.cpp/models/ggml-large-v3-turbo.bin'
whisper_init_with_params_no_state: use gpu    = 1
whisper_init_with_params_no_state: flash attn = 1
whisper_init_with_params_no_state: gpu_device = 0
whisper_init_with_params_no_state: dtw        = 0
ggml_metal_device_init: tensor API disabled for pre-M5 and pre-A19 devices
ggml_metal_library_init: using embedded metal library
ggml_metal_library_init: loaded in 0.025 sec
ggml_metal_rsets_init: creating a residency set collection (keep_alive = 180 s)
ggml_metal_device_init: GPU name:   Apple M4 Pro
ggml_metal_device_init: GPU family: MTLGPUFamilyApple9  (1009)
ggml_metal_device_init: GPU family: MTLGPUFamilyCommon3 (3003)
ggml_metal_device_init: GPU family: MTLGPUFamilyMetal4  (5002)
ggml_metal_device_init: simdgroup reduction   = true
ggml_metal_device_init: simdgroup matrix mul. = true
ggml_metal_device_init: has unified memory    = true
ggml_metal_device_init: has bfloat            = true
ggml_metal_device_init: has tensor            = false
ggml_metal_device_init: use residency sets    = true
ggml_metal_device_init: use shared buffers    = true
ggml_metal_device_init: recommendedMaxWorkingSetSize  = 19069.67 MB
whisper_init_with_params_no_state: devices    = 3
whisper_init_with_params_no_state: backends   = 3
whisper_model_load: loading model
whisper_model_load: n_vocab       = 51866
whisper_model_load: n_audio_ctx   = 1500
whisper_model_load: n_audio_state = 1280
whisper_model_load: n_audio_head  = 20
whisper_model_load: n_audio_layer = 32
whisper_model_load: n_text_ctx    = 448
whisper_model_load: n_text_state  = 1280
whisper_model_load: n_text_head   = 20
whisper_model_load: n_text_layer  = 4
whisper_model_load: n_mels        = 128
whisper_model_load: ftype         = 1
whisper_model_load: qntvr         = 0
whisper_model_load: type          = 5 (large v3)
whisper_model_load: adding 1609 extra tokens
whisper_model_load: n_langs       = 100
whisper_model_load:        Metal total size =  1623.92 MB
whisper_model_load: model size    = 1623.92 MB
whisper_backend_init_gpu: device 0: Metal (type: 1)
whisper_backend_init_gpu: found GPU device 0: Metal (type: 1, cnt: 0)
whisper_backend_init_gpu: using Metal backend
ggml_metal_init: allocating
ggml_metal_init: found device: Apple M4 Pro
ggml_metal_init: picking default device: Apple M4 Pro
ggml_metal_init: use fusion         = true
ggml_metal_init: use concurrency    = true
ggml_metal_init: use graph optimize = true
whisper_backend_init: using BLAS backend
whisper_init_state: kv self size  =   10.49 MB
whisper_init_state: kv cross size =   31.46 MB
whisper_init_state: kv pad  size  =    7.86 MB
whisper_init_state: compute buffer (conv)   =   37.69 MB
whisper_init_state: compute buffer (encode) =   67.31 MB
whisper_init_state: compute buffer (cross)  =   24.63 MB
whisper_init_state: compute buffer (decode) =  100.04 MB

system_info: n_threads = 4 / 12 | WHISPER : COREML = 0 | OPENVINO = 0 | Metal : EMBED_LIBRARY = 1 | CPU : NEON = 1 | ARM_FMA = 1 | FP16_VA = 1 | MATMUL_INT8 = 1 | DOTPROD = 1 | SME = 1 | ACCELERATE = 1 | REPACK = 1 | 

main: processing '/tmp/vibepaste_recording.wav' (1039650 samples, 65.0 sec), 4 threads, 1 processors, 5 beams + best of 5, lang = en, task = transcribe, timestamps = 1 ...

output_txt: saving output to '/tmp/vibepaste_recording.wav.txt'

whisper_print_timings:     load time =   893.32 ms
whisper_print_timings:     fallbacks =   0 p /   0 h
whisper_print_timings:      mel time =    19.29 ms
whisper_print_timings:   sample time =   119.54 ms /   854 runs (     0.14 ms per run)
whisper_print_timings:   encode time =  1504.35 ms /     3 runs (   501.45 ms per run)
whisper_print_timings:   decode time =     0.00 ms /     1 runs (     0.00 ms per run)
whisper_print_timings:   batchd time =   487.23 ms /   842 runs (     0.58 ms per run)
whisper_print_timings:   prompt time =   141.64 ms /   194 runs (     0.73 ms per run)
whisper_print_timings:    total time =  3223.33 ms
ggml_metal_free: deallocating

DEBUG: Transcription result: remove tick tock and instagram all together from this page i do want i do not want to see them
 on this page no matter that you wrote manual lunch i do not want to see instagram and tick
 tock anywhere i just want to see the content for manually posting on those platforms generate
 magic button that generates the content for posting like title description and tags should
 generate me the content no matter if i didn't select the youtube or any other social network it
 should still generate the content for all three networks and show that content that i can easy copy
 below the buttons below the social media accounts in this case on the youtube because i am only able
 to post on youtube with the api i hope that is clear ultra think
✅ Transcribed: remove tick tock and instagram all together from this page i do want i do not want to see them
 on this page no matter that you wrote manual lunch i do not want to see instagram and tick
 tock anywhere i just want to see the content for manually posting on those platforms generate
 magic button that generates the content for posting like title description and tags should
 generate me the content no matter if i didn't select the youtube or any other social network it
 should still generate the content for all three networks and show that content that i can easy copy
 below the buttons below the social media accounts in this case on the youtube because i am only able
 to post on youtube with the api i hope that is clear ultra think
DEBUG: Pasting text...
DEBUG: Key pressed: Key.cmd. Current keys: {<Key.cmd: <55>>}
DEBUG: Key pressed: 'v'. Current keys: {<Key.cmd: <55>>, 'v'}
📋 Pasted!
DEBUG: Key pressed: Key.left. Current keys: {<Key.left: <123>>}
DEBUG: Key pressed: Key.backspace. Current keys: {<Key.backspace: <51>>}
DEBUG: Key pressed: Key.enter. Current keys: {<Key.enter: <36>>}
DEBUG: Key pressed: Key.alt. Current keys: {<Key.alt: <58>>}
DEBUG: Key pressed: Key.space. Current keys: {<Key.alt: <58>>, <Key.space: ' '>}
DEBUG: Overlay process started (PID: 63098)

🔴 Recording... (English, turbo)
Press Space to stop and transcribe
DEBUG: _on_stop_recording called. is_recording=True
DEBUG: Stop ignored (too soon - debounce protection)
DEBUG: Key pressed: Key.space. Current keys: {<Key.space: ' '>}
DEBUG: _on_stop_recording called. is_recording=True
DEBUG: Hiding overlay (PID: 63098)
DEBUG: _stop_and_transcribe called
DEBUG: Calling audio_recorder.stop_recording...
DEBUG: stop_recording returned True
🎙️  Processing...
DEBUG: Initializing transcriber with model /Users/sanel.zulic/myprojects/whisper.cpp/models/ggml-large-v3-turbo.bin
DEBUG: Starting transcription...
DEBUG: Transcriber running command: /Users/sanel.zulic/myprojects/whisper.cpp/build/bin/whisper-cli -m /Users/sanel.zulic/myprojects/whisper.cpp/models/ggml-large-v3-turbo.bin -f /tmp/vibepaste_recording.wav -otxt
DEBUG: Whisper return code: 0
DEBUG: Whisper stdout: 
[00:00:00.000 --> 00:00:09.000]   Also, for YouTube fields that you are generating, I want to post category as entertainment as well.
[00:00:09.000 --> 00:00:16.800]   Currently, I do not see that. I...
DEBUG: Whisper stderr: whisper_init_from_file_with_params_no_state: loading model from '/Users/sanel.zulic/myprojects/whisper.cpp/models/ggml-large-v3-turbo.bin'
whisper_init_with_params_no_state: use gpu    = 1
whisper_init_with_params_no_state: flash attn = 1
whisper_init_with_params_no_state: gpu_device = 0
whisper_init_with_params_no_state: dtw        = 0
ggml_metal_device_init: tensor API disabled for pre-M5 and pre-A19 devices
ggml_metal_library_init: using embedded metal library
ggml_metal_library_init: loaded in 0.023 sec
ggml_metal_rsets_init: creating a residency set collection (keep_alive = 180 s)
ggml_metal_device_init: GPU name:   Apple M4 Pro
ggml_metal_device_init: GPU family: MTLGPUFamilyApple9  (1009)
ggml_metal_device_init: GPU family: MTLGPUFamilyCommon3 (3003)
ggml_metal_device_init: GPU family: MTLGPUFamilyMetal4  (5002)
ggml_metal_device_init: simdgroup reduction   = true
ggml_metal_device_init: simdgroup matrix mul. = true
ggml_metal_device_init: has unified memory    = true
ggml_metal_device_init: has bfloat            = true
ggml_metal_device_init: has tensor            = false
ggml_metal_device_init: use residency sets    = true
ggml_metal_device_init: use shared buffers    = true
ggml_metal_device_init: recommendedMaxWorkingSetSize  = 19069.67 MB
whisper_init_with_params_no_state: devices    = 3
whisper_init_with_params_no_state: backends   = 3
whisper_model_load: loading model
whisper_model_load: n_vocab       = 51866
whisper_model_load: n_audio_ctx   = 1500
whisper_model_load: n_audio_state = 1280
whisper_model_load: n_audio_head  = 20
whisper_model_load: n_audio_layer = 32
whisper_model_load: n_text_ctx    = 448
whisper_model_load: n_text_state  = 1280
whisper_model_load: n_text_head   = 20
whisper_model_load: n_text_layer  = 4
whisper_model_load: n_mels        = 128
whisper_model_load: ftype         = 1
whisper_model_load: qntvr         = 0
whisper_model_load: type          = 5 (large v3)
whisper_model_load: adding 1609 extra tokens
whisper_model_load: n_langs       = 100
whisper_model_load:        Metal total size =  1623.92 MB
whisper_model_load: model size    = 1623.92 MB
whisper_backend_init_gpu: device 0: Metal (type: 1)
whisper_backend_init_gpu: found GPU device 0: Metal (type: 1, cnt: 0)
whisper_backend_init_gpu: using Metal backend
ggml_metal_init: allocating
ggml_metal_init: found device: Apple M4 Pro
ggml_metal_init: picking default device: Apple M4 Pro
ggml_metal_init: use fusion         = true
ggml_metal_init: use concurrency    = true
ggml_metal_init: use graph optimize = true
whisper_backend_init: using BLAS backend
whisper_init_state: kv self size  =   10.49 MB
whisper_init_state: kv cross size =   31.46 MB
whisper_init_state: kv pad  size  =    7.86 MB
whisper_init_state: compute buffer (conv)   =   37.69 MB
whisper_init_state: compute buffer (encode) =   67.31 MB
whisper_init_state: compute buffer (cross)  =   24.63 MB
whisper_init_state: compute buffer (decode) =  100.04 MB

system_info: n_threads = 4 / 12 | WHISPER : COREML = 0 | OPENVINO = 0 | Metal : EMBED_LIBRARY = 1 | CPU : NEON = 1 | ARM_FMA = 1 | FP16_VA = 1 | MATMUL_INT8 = 1 | DOTPROD = 1 | SME = 1 | ACCELERATE = 1 | REPACK = 1 | 

main: processing '/tmp/vibepaste_recording.wav' (268725 samples, 16.8 sec), 4 threads, 1 processors, 5 beams + best of 5, lang = en, task = transcribe, timestamps = 1 ...

output_txt: saving output to '/tmp/vibepaste_recording.wav.txt'

whisper_print_timings:     load time =   760.16 ms
whisper_print_timings:     fallbacks =   0 p /   0 h
whisper_print_timings:      mel time =     6.10 ms
whisper_print_timings:   sample time =    30.46 ms /   211 runs (     0.14 ms per run)
whisper_print_timings:   encode time =   511.64 ms /     1 runs (   511.64 ms per run)
whisper_print_timings:   decode time =     0.00 ms /     1 runs (     0.00 ms per run)
whisper_print_timings:   batchd time =   119.19 ms /   209 runs (     0.57 ms per run)
whisper_print_timings:   prompt time =     0.00 ms /     1 runs (     0.00 ms per run)
whisper_print_timings:    total time =  1488.88 ms
ggml_metal_free: deallocating

DEBUG: Transcription result: Also, for YouTube fields that you are generating, I want to post category as entertainment as well.
 Currently, I do not see that. I'm not able to pick the category for posting.
✅ Transcribed: Also, for YouTube fields that you are generating, I want to post category as entertainment as well.
 Currently, I do not see that. I'm not able to pick the category for posting.
DEBUG: Pasting text...
DEBUG: Key pressed: Key.cmd. Current keys: {<Key.cmd: <55>>}
DEBUG: Key pressed: 'v'. Current keys: {<Key.cmd: <55>>, 'v'}
📋 Pasted!
DEBUG: Key pressed: Key.enter. Current keys: {<Key.enter: <36>>}
DEBUG: Key pressed: 'l'. Current keys: {'l'}
DEBUG: Key pressed: Key.backspace. Current keys: {<Key.backspace: <51>>}
DEBUG: Key pressed: 'c'. Current keys: {'c'}
DEBUG: Key pressed: 'l'. Current keys: {'l'}
DEBUG: Key pressed: Key.backspace. Current keys: {<Key.backspace: <51>>}
DEBUG: Key pressed: Key.backspace. Current keys: {<Key.backspace: <51>>}
DEBUG: Key pressed: Key.backspace. Current keys: {<Key.backspace: <51>>}
DEBUG: Key pressed: Key.backspace. Current keys: {<Key.backspace: <51>>}
DEBUG: Key pressed: 'c'. Current keys: {'c'}
DEBUG: Key pressed: 'l'. Current keys: {'l'}
DEBUG: Key pressed: 'i'. Current keys: {'i'}
DEBUG: Key pressed: Key.cmd. Current keys: {<Key.cmd: <55>>}
DEBUG: Key pressed: Key.cmd. Current keys: {<Key.cmd: <55>>}
DEBUG: Key pressed: Key.cmd. Current keys: {<Key.cmd: <55>>}
DEBUG: Key pressed: 'c'. Current keys: {<Key.cmd: <55>>, 'c'}
DEBUG: Key pressed: Key.cmd. Current keys: {<Key.cmd: <55>>}
DEBUG: Key pressed: 'v'. Current keys: {'v', <Key.cmd: <55>>}
DEBUG: Key pressed: Key.space. Current keys: {<Key.space: ' '>}
DEBUG: _on_stop_recording called. is_recording=False
DEBUG: Stop ignored (not recording)
DEBUG: Key pressed: Key.alt. Current keys: {<Key.alt: <58>>}
DEBUG: Key pressed: Key.space. Current keys: {<Key.alt: <58>>, <Key.space: ' '>}
DEBUG: Overlay process started (PID: 63988)

🔴 Recording... (English, turbo)
Press Space to stop and transcribe
DEBUG: _on_stop_recording called. is_recording=True
DEBUG: Stop ignored (too soon - debounce protection)
DEBUG: Key pressed: Key.space. Current keys: {<Key.space: ' '>}
DEBUG: _on_stop_recording called. is_recording=True
DEBUG: Hiding overlay (PID: 63988)
DEBUG: _stop_and_transcribe called
DEBUG: Calling audio_recorder.stop_recording...
DEBUG: stop_recording returned True
🎙️  Processing...
DEBUG: Initializing transcriber with model /Users/sanel.zulic/myprojects/whisper.cpp/models/ggml-large-v3-turbo.bin
DEBUG: Starting transcription...
DEBUG: Transcriber running command: /Users/sanel.zulic/myprojects/whisper.cpp/build/bin/whisper-cli -m /Users/sanel.zulic/myprojects/whisper.cpp/models/ggml-large-v3-turbo.bin -f /tmp/vibepaste_recording.wav -otxt
DEBUG: Whisper return code: 0
DEBUG: Whisper stdout: 
[00:00:00.000 --> 00:00:15.240]   Can we make sure that this is our favicon if we do not have it, please generate it to be like this image. I do not want to default react favicon.
...
DEBUG: Whisper stderr: whisper_init_from_file_with_params_no_state: loading model from '/Users/sanel.zulic/myprojects/whisper.cpp/models/ggml-large-v3-turbo.bin'
whisper_init_with_params_no_state: use gpu    = 1
whisper_init_with_params_no_state: flash attn = 1
whisper_init_with_params_no_state: gpu_device = 0
whisper_init_with_params_no_state: dtw        = 0
ggml_metal_device_init: tensor API disabled for pre-M5 and pre-A19 devices
ggml_metal_library_init: using embedded metal library
ggml_metal_library_init: loaded in 0.023 sec
ggml_metal_rsets_init: creating a residency set collection (keep_alive = 180 s)
ggml_metal_device_init: GPU name:   Apple M4 Pro
ggml_metal_device_init: GPU family: MTLGPUFamilyApple9  (1009)
ggml_metal_device_init: GPU family: MTLGPUFamilyCommon3 (3003)
ggml_metal_device_init: GPU family: MTLGPUFamilyMetal4  (5002)
ggml_metal_device_init: simdgroup reduction   = true
ggml_metal_device_init: simdgroup matrix mul. = true
ggml_metal_device_init: has unified memory    = true
ggml_metal_device_init: has bfloat            = true
ggml_metal_device_init: has tensor            = false
ggml_metal_device_init: use residency sets    = true
ggml_metal_device_init: use shared buffers    = true
ggml_metal_device_init: recommendedMaxWorkingSetSize  = 19069.67 MB
whisper_init_with_params_no_state: devices    = 3
whisper_init_with_params_no_state: backends   = 3
whisper_model_load: loading model
whisper_model_load: n_vocab       = 51866
whisper_model_load: n_audio_ctx   = 1500
whisper_model_load: n_audio_state = 1280
whisper_model_load: n_audio_head  = 20
whisper_model_load: n_audio_layer = 32
whisper_model_load: n_text_ctx    = 448
whisper_model_load: n_text_state  = 1280
whisper_model_load: n_text_head   = 20
whisper_model_load: n_text_layer  = 4
whisper_model_load: n_mels        = 128
whisper_model_load: ftype         = 1
whisper_model_load: qntvr         = 0
whisper_model_load: type          = 5 (large v3)
whisper_model_load: adding 1609 extra tokens
whisper_model_load: n_langs       = 100
whisper_model_load:        Metal total size =  1623.92 MB
whisper_model_load: model size    = 1623.92 MB
whisper_backend_init_gpu: device 0: Metal (type: 1)
whisper_backend_init_gpu: found GPU device 0: Metal (type: 1, cnt: 0)
whisper_backend_init_gpu: using Metal backend
ggml_metal_init: allocating
ggml_metal_init: found device: Apple M4 Pro
ggml_metal_init: picking default device: Apple M4 Pro
ggml_metal_init: use fusion         = true
ggml_metal_init: use concurrency    = true
ggml_metal_init: use graph optimize = true
whisper_backend_init: using BLAS backend
whisper_init_state: kv self size  =   10.49 MB
whisper_init_state: kv cross size =   31.46 MB
whisper_init_state: kv pad  size  =    7.86 MB
whisper_init_state: compute buffer (conv)   =   37.69 MB
whisper_init_state: compute buffer (encode) =   67.31 MB
whisper_init_state: compute buffer (cross)  =   24.63 MB
whisper_init_state: compute buffer (decode) =  100.04 MB

system_info: n_threads = 4 / 12 | WHISPER : COREML = 0 | OPENVINO = 0 | Metal : EMBED_LIBRARY = 1 | CPU : NEON = 1 | ARM_FMA = 1 | FP16_VA = 1 | MATMUL_INT8 = 1 | DOTPROD = 1 | SME = 1 | ACCELERATE = 1 | REPACK = 1 | 

main: processing '/tmp/vibepaste_recording.wav' (243855 samples, 15.2 sec), 4 threads, 1 processors, 5 beams + best of 5, lang = en, task = transcribe, timestamps = 1 ...

output_txt: saving output to '/tmp/vibepaste_recording.wav.txt'

whisper_print_timings:     load time =   818.74 ms
whisper_print_timings:     fallbacks =   0 p /   0 h
whisper_print_timings:      mel time =     9.01 ms
whisper_print_timings:   sample time =    27.63 ms /   185 runs (     0.15 ms per run)
whisper_print_timings:   encode time =   527.90 ms /     1 runs (   527.90 ms per run)
whisper_print_timings:   decode time =     0.00 ms /     1 runs (     0.00 ms per run)
whisper_print_timings:   batchd time =   106.66 ms /   183 runs (     0.58 ms per run)
whisper_print_timings:   prompt time =     0.00 ms /     1 runs (     0.00 ms per run)
whisper_print_timings:    total time =  1560.80 ms
ggml_metal_free: deallocating

DEBUG: Transcription result: Can we make sure that this is our favicon if we do not have it, please generate it to be like this image. I do not want to default react favicon.
✅ Transcribed: Can we make sure that this is our favicon if we do not have it, please generate it to be like this image. I do not want to default react favicon.
DEBUG: Pasting text...
DEBUG: Key pressed: Key.cmd. Current keys: {<Key.cmd: <55>>}
DEBUG: Key pressed: 'v'. Current keys: {<Key.cmd: <55>>, 'v'}
📋 Pasted!
DEBUG: Key pressed: 'w'. Current keys: {'w'}
DEBUG: Key pressed: 'h'. Current keys: {'h'}
DEBUG: Key pressed: 'a'. Current keys: {'a'}
DEBUG: Key pressed: 't'. Current keys: {'a', 't'}
DEBUG: Key pressed: Key.space. Current keys: {<Key.space: ' '>}
DEBUG: _on_stop_recording called. is_recording=False
DEBUG: Stop ignored (not recording)
DEBUG: Key pressed: 'a'. Current keys: {'a'}
DEBUG: Key pressed: 'b'. Current keys: {'b'}
DEBUG: Key pressed: 'o'. Current keys: {'o'}
DEBUG: Key pressed: 'u'. Current keys: {'u'}
DEBUG: Key pressed: 't'. Current keys: {'t'}
DEBUG: Key pressed: Key.space. Current keys: {<Key.space: ' '>}
DEBUG: _on_stop_recording called. is_recording=False
DEBUG: Stop ignored (not recording)
DEBUG: Key pressed: Key.cmd. Current keys: {<Key.cmd: <55>>}
DEBUG: Key pressed: 'v'. Current keys: {<Key.cmd: <55>>, 'v'}
DEBUG: Key pressed: Key.space. Current keys: {<Key.space: ' '>}
DEBUG: _on_stop_recording called. is_recording=False
DEBUG: Stop ignored (not recording)
DEBUG: Key pressed: 'a'. Current keys: {'a'}
DEBUG: Key pressed: 'n'. Current keys: {'n'}
DEBUG: Key pressed: 'd'. Current keys: {'d'}
DEBUG: Key pressed: Key.space. Current keys: {<Key.space: ' '>}
DEBUG: _on_stop_recording called. is_recording=False
DEBUG: Stop ignored (not recording)
DEBUG: Key pressed: Key.cmd. Current keys: {<Key.cmd: <55>>}
DEBUG: Key pressed: 'v'. Current keys: {<Key.cmd: <55>>, 'v'}
DEBUG: Key pressed: Key.backspace. Current keys: {<Key.backspace: <51>>}
DEBUG: Key pressed: Key.backspace. Current keys: {<Key.backspace: <51>>}
DEBUG: Key pressed: Key.backspace. Current keys: {<Key.backspace: <51>>}
DEBUG: Key pressed: '5'. Current keys: {'5'}
DEBUG: Key pressed: '1'. Current keys: {'1'}
DEBUG: Key pressed: '2'. Current keys: {'2'}
DEBUG: Key pressed: Key.space. Current keys: {<Key.space: ' '>}
DEBUG: _on_stop_recording called. is_recording=False
DEBUG: Stop ignored (not recording)
DEBUG: Key pressed: 'i'. Current keys: {'i'}
DEBUG: Key pressed: Key.space. Current keys: {<Key.space: ' '>}
DEBUG: _on_stop_recording called. is_recording=False
DEBUG: Stop ignored (not recording)
DEBUG: Key pressed: 'n'. Current keys: {'n'}
DEBUG: Key pressed: 'e'. Current keys: {'e'}
DEBUG: Key pressed: 'e'. Current keys: {'e'}
DEBUG: Key pressed: 'd'. Current keys: {'d'}
DEBUG: Key pressed: Key.space. Current keys: {<Key.space: ' '>}
DEBUG: _on_stop_recording called. is_recording=False
DEBUG: Stop ignored (not recording)
DEBUG: Key pressed: 't'. Current keys: {'t'}
DEBUG: Key pressed: 'h'. Current keys: {'h'}
DEBUG: Key pressed: 'o'. Current keys: {'o'}
DEBUG: Key pressed: 's'. Current keys: {'s'}
DEBUG: Key pressed: 'e'. Current keys: {'e'}
DEBUG: Key pressed: Key.space. Current keys: {<Key.space: ' '>}
DEBUG: _on_stop_recording called. is_recording=False
DEBUG: Stop ignored (not recording)
DEBUG: Key pressed: 't'. Current keys: {'t'}
DEBUG: Key pressed: 'o'. Current keys: {'o'}
DEBUG: Key pressed: Key.space. Current keys: {<Key.space: ' '>}
DEBUG: _on_stop_recording called. is_recording=False
DEBUG: Stop ignored (not recording)
DEBUG: Key pressed: 'b'. Current keys: {'b'}
DEBUG: Key pressed: 'e'. Current keys: {'e'}
DEBUG: Key pressed: Key.space. Current keys: {<Key.space: ' '>}
DEBUG: _on_stop_recording called. is_recording=False
DEBUG: Stop ignored (not recording)
DEBUG: Key pressed: 'm'. Current keys: {'m'}
DEBUG: Key pressed: 'i'. Current keys: {'i'}
DEBUG: Key pressed: 'n'. Current keys: {'n'}
DEBUG: Key pressed: 'e'. Current keys: {'e'}
DEBUG: Key pressed: Key.space. Current keys: {<Key.space: ' '>}
DEBUG: _on_stop_recording called. is_recording=False
DEBUG: Stop ignored (not recording)
DEBUG: Key pressed: 'i'. Current keys: {'i'}
DEBUG: Key pressed: 'n'. Current keys: {'n'}
DEBUG: Key pressed: 's'. Current keys: {'s', 'n'}
DEBUG: Key pressed: 't'. Current keys: {'t'}
DEBUG: Key pressed: 'a'. Current keys: {'a', 't'}
DEBUG: Key pressed: 'e'. Current keys: {'e'}
DEBUG: Key pressed: 'd'. Current keys: {'d'}
DEBUG: Key pressed: Key.space. Current keys: {<Key.space: ' '>}
DEBUG: _on_stop_recording called. is_recording=False
DEBUG: Stop ignored (not recording)
DEBUG: Key pressed: 'o'. Current keys: {'o'}
DEBUG: Key pressed: 'f'. Current keys: {'f'}
DEBUG: Key pressed: Key.space. Current keys: {<Key.space: ' '>}
DEBUG: _on_stop_recording called. is_recording=False
DEBUG: Stop ignored (not recording)
DEBUG: Key pressed: 'r'. Current keys: {'r'}
DEBUG: Key pressed: 'e'. Current keys: {'r', 'e'}
DEBUG: Key pressed: 'a'. Current keys: {'a'}
DEBUG: Key pressed: 'c'. Current keys: {'c'}
DEBUG: Key pressed: 't'. Current keys: {'t'}
DEBUG: Key pressed: Key.enter. Current keys: {<Key.enter: <36>>}
DEBUG: Key pressed: 'i'. Current keys: {'i'}
DEBUG: Key pressed: Key.backspace. Current keys: {<Key.backspace: <51>>}
DEBUG: Key pressed: 'a'. Current keys: {'a'}
DEBUG: Key pressed: 'r'. Current keys: {'r'}
DEBUG: Key pressed: 'e'. Current keys: {'r', 'e'}
DEBUG: Key pressed: Key.space. Current keys: {<Key.space: ' '>}
DEBUG: _on_stop_recording called. is_recording=False
DEBUG: Stop ignored (not recording)
DEBUG: Key pressed: 't'. Current keys: {'t'}
DEBUG: Key pressed: 'h'. Current keys: {'h'}
DEBUG: Key pressed: 'e'. Current keys: {'e'}
DEBUG: Key pressed: 's'. Current keys: {'s'}
DEBUG: Key pressed: 'e'. Current keys: {'e'}
DEBUG: Key pressed: Key.space. Current keys: {<Key.space: ' '>}
DEBUG: _on_stop_recording called. is_recording=False
DEBUG: Stop ignored (not recording)
DEBUG: Key pressed: 'i'. Current keys: {'i'}
DEBUG: Key pressed: 'm'. Current keys: {'m'}
DEBUG: Key pressed: 'a'. Current keys: {'a'}
DEBUG: Key pressed: 'g'. Current keys: {'g'}
DEBUG: Key pressed: 'e'. Current keys: {'e'}
DEBUG: Key pressed: 's'. Current keys: {'s'}
DEBUG: Key pressed: Key.space. Current keys: {<Key.space: ' '>}
DEBUG: _on_stop_recording called. is_recording=False
DEBUG: Stop ignored (not recording)
DEBUG: Key pressed: 'n'. Current keys: {'n'}
DEBUG: Key pressed: 'o'. Current keys: {'o'}
DEBUG: Key pressed: 'w'. Current keys: {'w'}
DEBUG: Key pressed: Key.space. Current keys: {<Key.space: ' '>}
DEBUG: _on_stop_recording called. is_recording=False
DEBUG: Stop ignored (not recording)
DEBUG: Key pressed: 'o'. Current keys: {'o'}
DEBUG: Key pressed: 'f'. Current keys: {'f'}
DEBUG: Key pressed: Key.space. Current keys: {<Key.space: ' '>}
DEBUG: _on_stop_recording called. is_recording=False
DEBUG: Stop ignored (not recording)
DEBUG: Key pressed: 'p'. Current keys: {'p'}
DEBUG: Key pressed: 'r'. Current keys: {'r'}
DEBUG: Key pressed: 'o'. Current keys: {'o'}
DEBUG: Key pressed: 'p'. Current keys: {'p'}
DEBUG: Key pressed: 'e'. Current keys: {'e'}
DEBUG: Key pressed: 'r'. Current keys: {'r'}
DEBUG: Key pressed: Key.space. Current keys: {<Key.space: ' '>}
DEBUG: _on_stop_recording called. is_recording=False
DEBUG: Stop ignored (not recording)
DEBUG: Key pressed: 'w'. Current keys: {'w'}
DEBUG: Key pressed: 'i'. Current keys: {'i'}
DEBUG: Key pressed: 'd'. Current keys: {'d'}
DEBUG: Key pressed: 't'. Current keys: {'t'}
DEBUG: Key pressed: 'h'. Current keys: {'h'}
DEBUG: Key pressed: Key.space. Current keys: {<Key.space: ' '>}
DEBUG: _on_stop_recording called. is_recording=False
DEBUG: Stop ignored (not recording)
DEBUG: Key pressed: 'a'. Current keys: {'a'}
DEBUG: Key pressed: 'n'. Current keys: {'n'}
DEBUG: Key pressed: 'd'. Current keys: {'d'}
DEBUG: Key pressed: Key.space. Current keys: {<Key.space: ' '>}
DEBUG: _on_stop_recording called. is_recording=False
DEBUG: Stop ignored (not recording)
DEBUG: Key pressed: 'h'. Current keys: {'h'}
DEBUG: Key pressed: 'e'. Current keys: {'e'}
DEBUG: Key pressed: 'i'. Current keys: {'i'}
DEBUG: Key pressed: 'g'. Current keys: {'g'}
DEBUG: Key pressed: 'h'. Current keys: {'h'}
DEBUG: Key pressed: Key.space. Current keys: {<Key.space: ' '>}
DEBUG: _on_stop_recording called. is_recording=False
DEBUG: Stop ignored (not recording)
DEBUG: Key pressed: 'a'. Current keys: {'a'}
DEBUG: Key pressed: 'r'. Current keys: {'r'}
DEBUG: Key pressed: 'e'. Current keys: {'r', 'e'}
DEBUG: Key pressed: Key.space. Current keys: {<Key.space: ' '>}
DEBUG: _on_stop_recording called. is_recording=False
DEBUG: Stop ignored (not recording)
DEBUG: Key pressed: 't'. Current keys: {'t'}
DEBUG: Key pressed: 'h'. Current keys: {'h'}
DEBUG: Key pressed: 'e'. Current keys: {'e'}
DEBUG: Key pressed: 'y'. Current keys: {'y'}
DEBUG: Key pressed: Key.space. Current keys: {<Key.space: ' '>}
DEBUG: _on_stop_recording called. is_recording=False
DEBUG: Stop ignored (not recording)
DEBUG: Key pressed: 't'. Current keys: {'t'}
DEBUG: Key pressed: 'o'. Current keys: {'o'}
DEBUG: Key pressed: 'o'. Current keys: {'o'}
DEBUG: Key pressed: Key.space. Current keys: {<Key.space: ' '>}
DEBUG: _on_stop_recording called. is_recording=False
DEBUG: Stop ignored (not recording)
DEBUG: Key pressed: 'b'. Current keys: {'b'}
DEBUG: Key pressed: 'i'. Current keys: {'i'}
DEBUG: Key pressed: 'g'. Current keys: {'g'}
DEBUG: Key pressed: Key.enter. Current keys: {<Key.enter: <36>>}
DEBUG: Key pressed: 'w'. Current keys: {'w'}
DEBUG: Key pressed: 'a'. Current keys: {'a'}
DEBUG: Key pressed: 'h'. Current keys: {'a', 'h'}
DEBUG: Key pressed: 't'. Current keys: {'t'}
DEBUG: Key pressed: Key.space. Current keys: {<Key.space: ' '>}
DEBUG: _on_stop_recording called. is_recording=False
DEBUG: Stop ignored (not recording)
DEBUG: Key pressed: 'a'. Current keys: {'a'}
DEBUG: Key pressed: 'b'. Current keys: {'b'}
DEBUG: Key pressed: 'o'. Current keys: {'o'}
DEBUG: Key pressed: 'u'. Current keys: {'u'}
DEBUG: Key pressed: 't'. Current keys: {'t'}
DEBUG: Key pressed: Key.space. Current keys: {<Key.space: ' '>}
DEBUG: _on_stop_recording called. is_recording=False
DEBUG: Stop ignored (not recording)
DEBUG: Key pressed: 'f'. Current keys: {'f'}
DEBUG: Key pressed: 'a'. Current keys: {'a'}
DEBUG: Key pressed: 'v'. Current keys: {'v'}
DEBUG: Key pressed: 'i'. Current keys: {'i'}
DEBUG: Key pressed: 'c'. Current keys: {'c'}
DEBUG: Key pressed: 'o'. Current keys: {'o'}
DEBUG: Key pressed: 'n'. Current keys: {'n'}
DEBUG: Key pressed: Key.enter. Current keys: {<Key.enter: <36>>}
DEBUG: Key pressed: Key.shift_r. Current keys: {<Key.shift_r: <60>>}
DEBUG: Key pressed: '@'. Current keys: {<Key.shift_r: <60>>, '@'}
DEBUG: Key pressed: 'v'. Current keys: {'v'}
DEBUG: Key pressed: 'i'. Current keys: {'i'}
DEBUG: Key pressed: 'b'. Current keys: {'b'}
DEBUG: Key pressed: 'e'. Current keys: {'e'}
DEBUG: Key pressed: 'l'. Current keys: {'l'}
DEBUG: Key pressed: 'e'. Current keys: {'e'}
DEBUG: Key pressed: 't'. Current keys: {'t'}
DEBUG: Key pressed: 's'. Current keys: {'s'}
DEBUG: Key pressed: Key.space. Current keys: {<Key.space: ' '>}
DEBUG: _on_stop_recording called. is_recording=False
DEBUG: Stop ignored (not recording)
DEBUG: Key pressed: 'd'. Current keys: {'d'}
DEBUG: Key pressed: 'e'. Current keys: {'e'}
DEBUG: Key pressed: 'e'. Current keys: {'e'}
DEBUG: Key pressed: 'p'. Current keys: {'p'}
DEBUG: Key pressed: 'l'. Current keys: {'l'}
DEBUG: Key pressed: 'y'. Current keys: {'y'}
DEBUG: Key pressed: Key.space. Current keys: {<Key.space: ' '>}
DEBUG: _on_stop_recording called. is_recording=False
DEBUG: Stop ignored (not recording)
DEBUG: Key pressed: 'a'. Current keys: {'a'}
DEBUG: Key pressed: 'n'. Current keys: {'n'}
DEBUG: Key pressed: 'a'. Current keys: {'a'}
DEBUG: Key pressed: 'y'. Current keys: {'y'}
DEBUG: Key pressed: 'l'. Current keys: {'l'}
DEBUG: Key pressed: 'a'. Current keys: {'a'}
DEBUG: Key pressed: 'z'. Current keys: {'z'}
DEBUG: Key pressed: 'e'. Current keys: {'e'}
DEBUG: Key pressed: Key.space. Current keys: {<Key.space: ' '>}
DEBUG: _on_stop_recording called. is_recording=False
DEBUG: Stop ignored (not recording)
DEBUG: Key pressed: 't'. Current keys: {'t'}
DEBUG: Key pressed: 'h'. Current keys: {'h'}
DEBUG: Key pressed: 'i'. Current keys: {'i'}
DEBUG: Key pressed: 's'. Current keys: {'s'}
DEBUG: Key pressed: Key.space. Current keys: {<Key.space: ' '>}
DEBUG: _on_stop_recording called. is_recording=False
DEBUG: Stop ignored (not recording)
DEBUG: Key pressed: 'v'. Current keys: {'v'}
DEBUG: Key pressed: 'i'. Current keys: {'i'}
DEBUG: Key pressed: 'b'. Current keys: {'b'}
DEBUG: Key pressed: 'e'. Current keys: {'e'}
DEBUG: Key pressed: 'p'. Current keys: {'p'}
DEBUG: Key pressed: 'a'. Current keys: {'a'}
DEBUG: Key pressed: 's'. Current keys: {'s'}
DEBUG: Key pressed: 't'. Current keys: {'t'}
DEBUG: Key pressed: 'e'. Current keys: {'e'}
DEBUG: Key pressed: Key.space. Current keys: {<Key.space: ' '>}
DEBUG: _on_stop_recording called. is_recording=False
DEBUG: Stop ignored (not recording)
DEBUG: Key pressed: 'f'. Current keys: {'f'}
DEBUG: Key pressed: 'o'. Current keys: {'o'}
DEBUG: Key pressed: 'l'. Current keys: {'l'}
DEBUG: Key pressed: 'd'. Current keys: {'d', 'l'}
DEBUG: Key pressed: 'e'. Current keys: {'e'}
DEBUG: Key pressed: 'r'. Current keys: {'r'}
DEBUG: Key pressed: '.'. Current keys: {'.'}
DEBUG: Key pressed: Key.space. Current keys: {<Key.space: ' '>}
DEBUG: _on_stop_recording called. is_recording=False
DEBUG: Stop ignored (not recording)
DEBUG: Key pressed: 'i'. Current keys: {'i'}
DEBUG: Key pressed: Key.space. Current keys: {<Key.space: ' '>}
DEBUG: _on_stop_recording called. is_recording=False
DEBUG: Stop ignored (not recording)
DEBUG: Key pressed: 'w'. Current keys: {'w'}
DEBUG: Key pressed: 'a'. Current keys: {'a'}
DEBUG: Key pressed: 'n'. Current keys: {'n'}
DEBUG: Key pressed: 't'. Current keys: {'t'}
DEBUG: Key pressed: Key.space. Current keys: {<Key.space: ' '>}
DEBUG: _on_stop_recording called. is_recording=False
DEBUG: Stop ignored (not recording)
DEBUG: Key pressed: 't'. Current keys: {'t'}
DEBUG: Key pressed: 'o'. Current keys: {'o'}
DEBUG: Key pressed: Key.space. Current keys: {<Key.space: ' '>}
DEBUG: _on_stop_recording called. is_recording=False
DEBUG: Stop ignored (not recording)
DEBUG: Key pressed: 'm'. Current keys: {'m'}
DEBUG: Key pressed: 'a'. Current keys: {'a'}
DEBUG: Key pressed: 'k'. Current keys: {'k'}
DEBUG: Key pressed: 'e'. Current keys: {'e'}
DEBUG: Key pressed: 'o'. Current keys: {'o'}
DEBUG: Key pressed: Key.space. Current keys: {<Key.space: ' '>}
DEBUG: _on_stop_recording called. is_recording=False
DEBUG: Stop ignored (not recording)
DEBUG: Key pressed: Key.backspace. Current keys: {<Key.backspace: <51>>}
DEBUG: Key pressed: Key.backspace. Current keys: {<Key.backspace: <51>>}
DEBUG: Key pressed: Key.space. Current keys: {<Key.space: ' '>}
DEBUG: _on_stop_recording called. is_recording=False
DEBUG: Stop ignored (not recording)
DEBUG: Key pressed: 'o'. Current keys: {'o'}
DEBUG: Key pressed: 'p'. Current keys: {'p'}
DEBUG: Key pressed: 'e'. Current keys: {'e'}
DEBUG: Key pressed: 'n'. Current keys: {'n'}
DEBUG: Key pressed: 's'. Current keys: {'s'}
DEBUG: Key pressed: 'o'. Current keys: {'o'}
DEBUG: Key pressed: 'u'. Current keys: {'u'}
DEBUG: Key pressed: 'r'. Current keys: {'r'}
DEBUG: Key pressed: 'c'. Current keys: {'c'}
DEBUG: Key pressed: 'e'. Current keys: {'e'}
DEBUG: Key pressed: Key.space. Current keys: {<Key.space: ' '>}
DEBUG: _on_stop_recording called. is_recording=False
DEBUG: Stop ignored (not recording)
DEBUG: Key pressed: 'p'. Current keys: {'p'}
DEBUG: Key pressed: 'r'. Current keys: {'r'}
DEBUG: Key pressed: 'o'. Current keys: {'o'}
DEBUG: Key pressed: 'j'. Current keys: {'j'}
DEBUG: Key pressed: 'e'. Current keys: {'e'}
DEBUG: Key pressed: 'c'. Current keys: {'c'}
DEBUG: Key pressed: 't'. Current keys: {'t'}
DEBUG: Key pressed: Key.space. Current keys: {<Key.space: ' '>}
DEBUG: _on_stop_recording called. is_recording=False
DEBUG: Stop ignored (not recording)
DEBUG: Key pressed: 'o'. Current keys: {'o'}
DEBUG: Key pressed: 'i'. Current keys: {'i'}
DEBUG: Key pressed: 't'. Current keys: {'t'}
DEBUG: Key pressed: Key.space. Current keys: {<Key.space: ' '>}
DEBUG: _on_stop_recording called. is_recording=False
DEBUG: Stop ignored (not recording)
DEBUG: Key pressed: 'o'. Current keys: {'o'}
DEBUG: Key pressed: 'f'. Current keys: {'f'}
DEBUG: Key pressed: Key.space. Current keys: {<Key.space: ' '>}
DEBUG: _on_stop_recording called. is_recording=False
DEBUG: Stop ignored (not recording)
DEBUG: Key pressed: 'i'. Current keys: {'i'}
DEBUG: Key pressed: 't'. Current keys: {'t'}
DEBUG: Key pressed: '.'. Current keys: {'.'}
DEBUG: Key pressed: Key.space. Current keys: {<Key.space: ' '>}
DEBUG: _on_stop_recording called. is_recording=False
DEBUG: Stop ignored (not recording)
DEBUG: Key pressed: 'i'. Current keys: {'i'}
DEBUG: Key pressed: Key.space. Current keys: {<Key.space: ' '>}
DEBUG: _on_stop_recording called. is_recording=False
DEBUG: Stop ignored (not recording)
DEBUG: Key pressed: 'n'. Current keys: {'n'}
DEBUG: Key pressed: 'e'. Current keys: {'e'}
DEBUG: Key pressed: 'e'. Current keys: {'e'}
DEBUG: Key pressed: 'd'. Current keys: {'d'}
DEBUG: Key pressed: Key.space. Current keys: {<Key.space: ' '>}
DEBUG: _on_stop_recording called. is_recording=False
DEBUG: Stop ignored (not recording)
DEBUG: Key pressed: 'd'. Current keys: {'d'}
DEBUG: Key pressed: 'e'. Current keys: {'e'}
DEBUG: Key pressed: 't'. Current keys: {'t'}
DEBUG: Key pressed: 'a'. Current keys: {'a'}
DEBUG: Key pressed: 'i'. Current keys: {'i'}
DEBUG: Key pressed: 'l'. Current keys: {'l'}
DEBUG: Key pressed: 'e'. Current keys: {'e'}
DEBUG: Key pressed: 'd'. Current keys: {'d'}
DEBUG: Key pressed: Key.space. Current keys: {<Key.space: ' '>}
DEBUG: _on_stop_recording called. is_recording=False
DEBUG: Stop ignored (not recording)
DEBUG: Key pressed: 'r'. Current keys: {'r'}
DEBUG: Key pressed: 'e'. Current keys: {'e'}
DEBUG: Key pressed: 'a'. Current keys: {'a'}
DEBUG: Key pressed: 'd'. Current keys: {'d'}
DEBUG: Key pressed: 'm'. Current keys: {'m'}
DEBUG: Key pressed: 'e'. Current keys: {'e'}
DEBUG: Key pressed: Key.space. Current keys: {<Key.space: ' '>}
DEBUG: _on_stop_recording called. is_recording=False
DEBUG: Stop ignored (not recording)
DEBUG: Key pressed: 'f'. Current keys: {'f'}
DEBUG: Key pressed: 'i'. Current keys: {'i'}
DEBUG: Key pressed: 'l'. Current keys: {'l'}
DEBUG: Key pressed: 'e'. Current keys: {'e'}
DEBUG: Key pressed: Key.space. Current keys: {<Key.space: ' '>}
DEBUG: _on_stop_recording called. is_recording=False
DEBUG: Stop ignored (not recording)
DEBUG: Key pressed: 'a'. Current keys: {'a'}
DEBUG: Key pressed: 'n'. Current keys: {'n'}
DEBUG: Key pressed: 'd'. Current keys: {'d'}
DEBUG: Key pressed: Key.space. Current keys: {<Key.space: ' '>}
DEBUG: _on_stop_recording called. is_recording=False
DEBUG: Stop ignored (not recording)
DEBUG: Key pressed: 'd'. Current keys: {'d'}
DEBUG: Key pressed: 'e'. Current keys: {'e'}
DEBUG: Key pressed: 't'. Current keys: {'t'}
DEBUG: Key pressed: 'a'. Current keys: {'a'}
DEBUG: Key pressed: 'i'. Current keys: {'i'}
DEBUG: Key pressed: 'l'. Current keys: {'l'}
DEBUG: Key pressed: 'e'. Current keys: {'e', 'l'}
DEBUG: Key pressed: 'd'. Current keys: {'d'}
DEBUG: Key pressed: Key.space. Current keys: {<Key.space: ' '>}
DEBUG: _on_stop_recording called. is_recording=False
DEBUG: Stop ignored (not recording)
DEBUG: Key pressed: 'i'. Current keys: {'i'}
DEBUG: Key pressed: 'n'. Current keys: {'n'}
DEBUG: Key pressed: 's'. Current keys: {'s'}
DEBUG: Key pressed: 't'. Current keys: {'t'}
DEBUG: Key pressed: 'a'. Current keys: {'a'}
DEBUG: Key pressed: 'r'. Current keys: {'r'}
DEBUG: Key pressed: Key.backspace. Current keys: {<Key.backspace: <51>>}
DEBUG: Key pressed: Key.backspace. Current keys: {<Key.backspace: <51>>}
DEBUG: Key pressed: 'r'. Current keys: {'r'}
DEBUG: Key pressed: 'u'. Current keys: {'u'}
DEBUG: Key pressed: 'c'. Current keys: {'c'}
DEBUG: Key pressed: 't'. Current keys: {'t'}
DEBUG: Key pressed: 'i'. Current keys: {'i'}
DEBUG: Key pressed: 'o'. Current keys: {'o'}
DEBUG: Key pressed: 'n'. Current keys: {'n'}
DEBUG: Key pressed: 's'. Current keys: {'s'}
DEBUG: Key pressed: Key.space. Current keys: {<Key.space: ' '>}
DEBUG: _on_stop_recording called. is_recording=False
DEBUG: Stop ignored (not recording)
DEBUG: Key pressed: 'h'. Current keys: {'h'}
DEBUG: Key pressed: 'o'. Current keys: {'o'}
DEBUG: Key pressed: 'w'. Current keys: {'w'}
DEBUG: Key pressed: Key.space. Current keys: {<Key.space: ' '>}
DEBUG: _on_stop_recording called. is_recording=False
DEBUG: Stop ignored (not recording)
DEBUG: Key pressed: 't'. Current keys: {'t'}
DEBUG: Key pressed: 'o'. Current keys: {'o'}
DEBUG: Key pressed: Key.space. Current keys: {<Key.space: ' '>}
DEBUG: _on_stop_recording called. is_recording=False
DEBUG: Stop ignored (not recording)
DEBUG: Key pressed: 's'. Current keys: {'s'}
DEBUG: Key pressed: 'e'. Current keys: {'e'}
DEBUG: Key pressed: 't'. Current keys: {'t'}
DEBUG: Key pressed: 'u'. Current keys: {'u'}
DEBUG: Key pressed: 'p'. Current keys: {'p'}
DEBUG: Key pressed: Key.space. Current keys: {<Key.space: ' '>}
DEBUG: _on_stop_recording called. is_recording=False
DEBUG: Stop ignored (not recording)
DEBUG: Key pressed: 'i'. Current keys: {'i'}
DEBUG: Key pressed: 't'. Current keys: {'t'}
DEBUG: Key pressed: Key.space. Current keys: {<Key.space: ' '>}
DEBUG: _on_stop_recording called. is_recording=False
DEBUG: Stop ignored (not recording)
DEBUG: Key pressed: 'o'. Current keys: {'o'}
DEBUG: Key pressed: 'n'. Current keys: {'n'}
DEBUG: Key pressed: Key.space. Current keys: {<Key.space: ' '>}
DEBUG: _on_stop_recording called. is_recording=False
DEBUG: Stop ignored (not recording)
DEBUG: Key pressed: 'm'. Current keys: {'m'}
DEBUG: Key pressed: 'a'. Current keys: {'a'}
DEBUG: Key pressed: 'c'. Current keys: {'c'}
DEBUG: Key pressed: 'o'. Current keys: {'o'}
DEBUG: Key pressed: 's'. Current keys: {'s'}
DEBUG: Key pressed: '.'. Current keys: {'.'}
DEBUG: Key pressed: Key.space. Current keys: {<Key.space: ' '>}
DEBUG: _on_stop_recording called. is_recording=False
DEBUG: Stop ignored (not recording)
DEBUG: Key pressed: 'i'. Current keys: {'i'}
DEBUG: Key pressed: 't'. Current keys: {'t'}
DEBUG: Key pressed: Key.space. Current keys: {<Key.space: ' '>}
DEBUG: _on_stop_recording called. is_recording=False
DEBUG: Stop ignored (not recording)
DEBUG: Key pressed: 'd'. Current keys: {'d'}
DEBUG: Key pressed: 'e'. Current keys: {'e'}
DEBUG: Key pressed: 'p'. Current keys: {'p'}
DEBUG: Key pressed: 'e'. Current keys: {'e'}
DEBUG: Key pressed: 'n'. Current keys: {'n'}
DEBUG: Key pressed: 'd'. Current keys: {'d'}
DEBUG: Key pressed: 's'. Current keys: {'s'}
DEBUG: Key pressed: Key.space. Current keys: {<Key.space: ' '>}
DEBUG: _on_stop_recording called. is_recording=False
DEBUG: Stop ignored (not recording)
DEBUG: Key pressed: 'o'. Current keys: {'o'}
DEBUG: Key pressed: 'n'. Current keys: {'n'}
DEBUG: Key pressed: Key.space. Current keys: {<Key.space: ' '>}
DEBUG: _on_stop_recording called. is_recording=False
DEBUG: Stop ignored (not recording)
DEBUG: Key pressed: 'w'. Current keys: {'w'}
DEBUG: Key pressed: 'h'. Current keys: {'h'}
DEBUG: Key pressed: 'i'. Current keys: {'i'}
DEBUG: Key pressed: 's'. Current keys: {'s'}
DEBUG: Key pressed: 'p'. Current keys: {'p'}
DEBUG: Key pressed: 'e'. Current keys: {'e'}
DEBUG: Key pressed: 'r'. Current keys: {'r'}
DEBUG: Key pressed: Key.space. Current keys: {<Key.space: ' '>}
DEBUG: _on_stop_recording called. is_recording=False
DEBUG: Stop ignored (not recording)
DEBUG: Key pressed: Key.backspace. Current keys: {<Key.backspace: <51>>}
DEBUG: Key pressed: '.'. Current keys: {'.'}
DEBUG: Key pressed: 'c'. Current keys: {'c'}
DEBUG: Key pressed: 'p'. Current keys: {'p'}
DEBUG: Key pressed: 'p'. Current keys: {'p'}
DEBUG: Key pressed: Key.space. Current keys: {<Key.space: ' '>}
DEBUG: _on_stop_recording called. is_recording=False
DEBUG: Stop ignored (not recording)
DEBUG: Key pressed: 'r'. Current keys: {'r'}
DEBUG: Key pressed: 'e'. Current keys: {'e'}
DEBUG: Key pressed: 'p'. Current keys: {'p'}
DEBUG: Key pressed: 'o'. Current keys: {'o'}
DEBUG: Key pressed: '.'. Current keys: {'.'}
DEBUG: Key pressed: Key.space. Current keys: {<Key.space: ' '>}
DEBUG: _on_stop_recording called. is_recording=False
DEBUG: Stop ignored (not recording)
DEBUG: Key pressed: 's'. Current keys: {'s'}
DEBUG: Key pressed: 'o'. Current keys: {'o'}
DEBUG: Key pressed: Key.space. Current keys: {<Key.space: ' '>}
DEBUG: _on_stop_recording called. is_recording=False
DEBUG: Stop ignored (not recording)
DEBUG: Key pressed: 'i'. Current keys: {'i'}
DEBUG: Key pressed: Key.space. Current keys: {<Key.space: ' '>}
DEBUG: _on_stop_recording called. is_recording=False
DEBUG: Stop ignored (not recording)
DEBUG: Key pressed: 'w'. Current keys: {'w'}
DEBUG: Key pressed: 'a'. Current keys: {'a'}
DEBUG: Key pressed: 'n'. Current keys: {'n'}
DEBUG: Key pressed: 't'. Current keys: {'t'}
DEBUG: Key pressed: Key.space. Current keys: {<Key.space: ' '>}
DEBUG: _on_stop_recording called. is_recording=False
DEBUG: Stop ignored (not recording)
DEBUG: Key pressed: 'd'. Current keys: {'d'}
DEBUG: Key pressed: 'e'. Current keys: {'e'}
DEBUG: Key pressed: 't'. Current keys: {'t'}
DEBUG: Key pressed: 'a'. Current keys: {'a'}
DEBUG: Key pressed: 'i'. Current keys: {'i'}
DEBUG: Key pressed: 'l'. Current keys: {'l'}
DEBUG: Key pressed: 'e'. Current keys: {'e', 'l'}
DEBUG: Key pressed: 'd'. Current keys: {'d'}
DEBUG: Key pressed: Key.space. Current keys: {<Key.space: ' '>}
DEBUG: _on_stop_recording called. is_recording=False
DEBUG: Stop ignored (not recording)
DEBUG: Key pressed: 'i'. Current keys: {'i'}
DEBUG: Key pressed: 'n'. Current keys: {'n'}
DEBUG: Key pressed: 's'. Current keys: {'s'}
DEBUG: Key pressed: 't'. Current keys: {'t'}
DEBUG: Key pressed: 'r'. Current keys: {'r'}
DEBUG: Key pressed: 'u'. Current keys: {'u'}
DEBUG: Key pressed: 'c'. Current keys: {'c'}
DEBUG: Key pressed: 't'. Current keys: {'t'}
DEBUG: Key pressed: 'i'. Current keys: {'i'}
DEBUG: Key pressed: 'o'. Current keys: {'o'}
DEBUG: Key pressed: 'n'. Current keys: {'n'}
DEBUG: Key pressed: 's'. Current keys: {'s'}
DEBUG: Key pressed: Key.space. Current keys: {<Key.space: ' '>}
DEBUG: _on_stop_recording called. is_recording=False
DEBUG: Stop ignored (not recording)
DEBUG: Key pressed: 'o'. Current keys: {'o'}
DEBUG: Key pressed: 'n'. Current keys: {'n'}
DEBUG: Key pressed: Key.space. Current keys: {<Key.space: ' '>}
DEBUG: _on_stop_recording called. is_recording=False
DEBUG: Stop ignored (not recording)
DEBUG: Key pressed: 'h'. Current keys: {'h'}
DEBUG: Key pressed: 'o'. Current keys: {'o'}
DEBUG: Key pressed: 'w'. Current keys: {'w'}
DEBUG: Key pressed: Key.backspace. Current keys: {<Key.backspace: <51>>}
DEBUG: Key pressed: Key.backspace. Current keys: {<Key.backspace: <51>>}
DEBUG: Key pressed: 'h'. Current keys: {'h'}
DEBUG: Key pressed: 'o'. Current keys: {'o'}
DEBUG: Key pressed: 'w'. Current keys: {'w'}
DEBUG: Key pressed: Key.space. Current keys: {<Key.space: ' '>}
DEBUG: _on_stop_recording called. is_recording=False
DEBUG: Stop ignored (not recording)
DEBUG: Key pressed: 't'. Current keys: {'t'}
DEBUG: Key pressed: 'o'. Current keys: {'o'}
DEBUG: Key pressed: Key.space. Current keys: {<Key.space: ' '>}
DEBUG: _on_stop_recording called. is_recording=False
DEBUG: Stop ignored (not recording)
DEBUG: Key pressed: 'f'. Current keys: {'f'}
DEBUG: Key pressed: 'i'. Current keys: {'i'}
DEBUG: Key pressed: 'r'. Current keys: {'r'}
DEBUG: Key pressed: 's'. Current keys: {'s'}
DEBUG: Key pressed: 't'. Current keys: {'t'}
DEBUG: Key pressed: Key.space. Current keys: {<Key.space: ' '>}
DEBUG: _on_stop_recording called. is_recording=False
DEBUG: Stop ignored (not recording)
DEBUG: Key pressed: 'c'. Current keys: {'c'}
DEBUG: Key pressed: 'l'. Current keys: {'l'}
DEBUG: Key pressed: 'o'. Current keys: {'o'}
DEBUG: Key pressed: 'n'. Current keys: {'n'}
DEBUG: Key pressed: 'e'. Current keys: {'e'}
DEBUG: Key pressed: Key.space. Current keys: {<Key.space: ' '>}
DEBUG: _on_stop_recording called. is_recording=False
DEBUG: Stop ignored (not recording)
DEBUG: Key pressed: 't'. Current keys: {'t'}
DEBUG: Key pressed: 'h'. Current keys: {'h'}
DEBUG: Key pressed: 'a'. Current keys: {'a'}
DEBUG: Key pressed: 't'. Current keys: {'a', 't'}
DEBUG: Key pressed: Key.space. Current keys: {<Key.space: ' '>}
DEBUG: _on_stop_recording called. is_recording=False
DEBUG: Stop ignored (not recording)
DEBUG: Key pressed: 'a'. Current keys: {'a'}
DEBUG: Key pressed: 'n'. Current keys: {'n'}
DEBUG: Key pressed: 'd'. Current keys: {'d'}
DEBUG: Key pressed: Key.space. Current keys: {<Key.space: ' '>}
DEBUG: _on_stop_recording called. is_recording=False
DEBUG: Stop ignored (not recording)
DEBUG: Key pressed: 't'. Current keys: {'t'}
DEBUG: Key pressed: 'h'. Current keys: {'h'}
DEBUG: Key pressed: 'e'. Current keys: {'e'}
DEBUG: Key pressed: 'n'. Current keys: {'n'}
DEBUG: Key pressed: Key.space. Current keys: {<Key.space: ' '>}
DEBUG: _on_stop_recording called. is_recording=False
DEBUG: Stop ignored (not recording)
DEBUG: Key pressed: 'i'. Current keys: {'i'}
DEBUG: Key pressed: 'n'. Current keys: {'n'}
DEBUG: Key pressed: 's'. Current keys: {'s'}
DEBUG: Key pressed: 'i'. Current keys: {'i'}
DEBUG: Key pressed: 'd'. Current keys: {'d'}
DEBUG: Key pressed: 'e'. Current keys: {'e'}
DEBUG: Key pressed: Key.space. Current keys: {<Key.space: ' '>}
DEBUG: _on_stop_recording called. is_recording=False
DEBUG: Stop ignored (not recording)
DEBUG: Key pressed: 'w'. Current keys: {'w'}
DEBUG: Key pressed: 'h'. Current keys: {'h'}
DEBUG: Key pressed: 'i'. Current keys: {'i'}
DEBUG: Key pressed: 'c'. Current keys: {'c'}
DEBUG: Key pressed: Key.backspace. Current keys: {<Key.backspace: <51>>}
DEBUG: Key pressed: 's'. Current keys: {'s'}
DEBUG: Key pressed: 'p'. Current keys: {'p'}
DEBUG: Key pressed: 'e'. Current keys: {'e'}
DEBUG: Key pressed: 'r'. Current keys: {'r'}
DEBUG: Key pressed: '.'. Current keys: {'.'}
DEBUG: Key pressed: 'c'. Current keys: {'c'}
DEBUG: Key pressed: 'c'. Current keys: {'c'}
DEBUG: Key pressed: Key.backspace. Current keys: {<Key.backspace: <51>>}
DEBUG: Key pressed: 'p'. Current keys: {'p'}
DEBUG: Key pressed: 'p'. Current keys: {'p'}
DEBUG: Key pressed: Key.space. Current keys: {<Key.space: ' '>}
DEBUG: _on_stop_recording called. is_recording=False
DEBUG: Stop ignored (not recording)
DEBUG: Key pressed: 'a'. Current keys: {'a'}
DEBUG: Key pressed: 'f'. Current keys: {'f'}
DEBUG: Key pressed: 't'. Current keys: {'t'}
DEBUG: Key pressed: 'e'. Current keys: {'e'}
DEBUG: Key pressed: 'r'. Current keys: {'r'}
DEBUG: Key pressed: Key.space. Current keys: {<Key.space: ' '>}
DEBUG: _on_stop_recording called. is_recording=False
DEBUG: Stop ignored (not recording)
DEBUG: Key pressed: 'w'. Current keys: {'w'}
DEBUG: Key pressed: 'e'. Current keys: {'e'}
DEBUG: Key pressed: Key.space. Current keys: {<Key.space: ' '>}
DEBUG: _on_stop_recording called. is_recording=False
DEBUG: Stop ignored (not recording)
DEBUG: Key pressed: 'd'. Current keys: {'d'}
DEBUG: Key pressed: 'o'. Current keys: {'o'}
DEBUG: Key pressed: 'w'. Current keys: {'w'}
DEBUG: Key pressed: 'n'. Current keys: {'n'}
DEBUG: Key pressed: 'l'. Current keys: {'l'}
DEBUG: Key pressed: 'o'. Current keys: {'o'}
DEBUG: Key pressed: 'a'. Current keys: {'a', 'o'}
DEBUG: Key pressed: 'd'. Current keys: {'d'}
DEBUG: Key pressed: 'e'. Current keys: {'e'}
DEBUG: Key pressed: 'd'. Current keys: {'d'}
DEBUG: Key pressed: Key.space. Current keys: {<Key.space: ' '>}
DEBUG: _on_stop_recording called. is_recording=False
DEBUG: Stop ignored (not recording)
DEBUG: Key pressed: 'l'. Current keys: {'l'}
DEBUG: Key pressed: 'a'. Current keys: {'a', 'l'}
DEBUG: Key pressed: 'r'. Current keys: {'r'}
DEBUG: Key pressed: 'g'. Current keys: {'g'}
DEBUG: Key pressed: 'e'. Current keys: {'e'}
DEBUG: Key pressed: '-'. Current keys: {'-'}
DEBUG: Key pressed: 'v'. Current keys: {'v'}
DEBUG: Key pressed: '3'. Current keys: {'3'}
DEBUG: Key pressed: Key.space. Current keys: {<Key.space: ' '>}
DEBUG: _on_stop_recording called. is_recording=False
DEBUG: Stop ignored (not recording)
DEBUG: Key pressed: 'a'. Current keys: {'a'}
DEBUG: Key pressed: 'n'. Current keys: {'n'}
DEBUG: Key pressed: 'd'. Current keys: {'d'}
DEBUG: Key pressed: Key.space. Current keys: {<Key.space: ' '>}
DEBUG: _on_stop_recording called. is_recording=False
DEBUG: Stop ignored (not recording)
DEBUG: Key pressed: 'l'. Current keys: {'l'}
DEBUG: Key pressed: 'a'. Current keys: {'a'}
DEBUG: Key pressed: 'r'. Current keys: {'r'}
DEBUG: Key pressed: 'g'. Current keys: {'g'}
DEBUG: Key pressed: 'e'. Current keys: {'e'}
DEBUG: Key pressed: '-'. Current keys: {'-'}
DEBUG: Key pressed: 'v'. Current keys: {'v'}
DEBUG: Key pressed: '3'. Current keys: {'3'}
DEBUG: Key pressed: '-'. Current keys: {'-'}
DEBUG: Key pressed: 't'. Current keys: {'t'}
DEBUG: Key pressed: 'r'. Current keys: {'r'}
DEBUG: Key pressed: 'u'. Current keys: {'u'}
DEBUG: Key pressed: Key.backspace. Current keys: {<Key.backspace: <51>>}
DEBUG: Key pressed: Key.backspace. Current keys: {<Key.backspace: <51>>}
DEBUG: Key pressed: 'u'. Current keys: {'u'}
DEBUG: Key pressed: 'r'. Current keys: {'r'}
DEBUG: Key pressed: 'n'. Current keys: {'n'}
DEBUG: Key pressed: 'b'. Current keys: {'b'}
DEBUG: Key pressed: Key.backspace. Current keys: {<Key.backspace: <51>>}
DEBUG: Key pressed: Key.backspace. Current keys: {<Key.backspace: <51>>}
DEBUG: Key pressed: 'b'. Current keys: {'b'}
DEBUG: Key pressed: 'o'. Current keys: {'o'}
DEBUG: Key pressed: Key.space. Current keys: {<Key.space: ' '>}
DEBUG: _on_stop_recording called. is_recording=False
DEBUG: Stop ignored (not recording)
DEBUG: Key pressed: 'm'. Current keys: {'m'}
DEBUG: Key pressed: 'o'. Current keys: {'o'}
DEBUG: Key pressed: 'd'. Current keys: {'d'}
DEBUG: Key pressed: 'e'. Current keys: {'e'}
DEBUG: Key pressed: 'l'. Current keys: {'l'}
DEBUG: Key pressed: Key.space. Current keys: {<Key.space: ' '>}
DEBUG: _on_stop_recording called. is_recording=False
DEBUG: Stop ignored (not recording)
DEBUG: Key pressed: 't'. Current keys: {'t'}
DEBUG: Key pressed: 'o'. Current keys: {'o'}
DEBUG: Key pressed: Key.space. Current keys: {<Key.space: ' '>}
DEBUG: _on_stop_recording called. is_recording=False
DEBUG: Stop ignored (not recording)
DEBUG: Key pressed: 'c'. Current keys: {'c'}
DEBUG: Key pressed: 'l'. Current keys: {'l'}
DEBUG: Key pressed: 'o'. Current keys: {'o'}
DEBUG: Key pressed: 'n'. Current keys: {'n'}
DEBUG: Key pressed: 'e'. Current keys: {'e'}
DEBUG: Key pressed: Key.space. Current keys: {<Key.space: ' '>}
DEBUG: _on_stop_recording called. is_recording=False
DEBUG: Stop ignored (not recording)
DEBUG: Key pressed: 'o'. Current keys: {'o'}
DEBUG: Key pressed: 'u'. Current keys: {'u'}
DEBUG: Key pressed: 'r'. Current keys: {'r'}
DEBUG: Key pressed: Key.space. Current keys: {<Key.space: ' '>}
DEBUG: _on_stop_recording called. is_recording=False
DEBUG: Stop ignored (not recording)
DEBUG: Key pressed: Key.backspace. Current keys: {<Key.backspace: <51>>}
DEBUG: Key pressed: Key.backspace. Current keys: {<Key.backspace: <51>>}
DEBUG: Key pressed: Key.backspace. Current keys: {<Key.backspace: <51>>}
DEBUG: Key pressed: Key.backspace. Current keys: {<Key.backspace: <51>>}
DEBUG: Key pressed: Key.backspace. Current keys: {<Key.backspace: <51>>}
DEBUG: Key pressed: Key.backspace. Current keys: {<Key.backspace: <51>>}
DEBUG: Key pressed: Key.backspace. Current keys: {<Key.backspace: <51>>}
DEBUG: Key pressed: Key.backspace. Current keys: {<Key.backspace: <51>>}
DEBUG: Key pressed: Key.backspace. Current keys: {<Key.backspace: <51>>}
DEBUG: Key pressed: Key.backspace. Current keys: {<Key.backspace: <51>>}
DEBUG: Key pressed: Key.backspace. Current keys: {<Key.backspace: <51>>}
DEBUG: Key pressed: Key.backspace. Current keys: {<Key.backspace: <51>>}
DEBUG: Key pressed: Key.backspace. Current keys: {<Key.backspace: <51>>}
DEBUG: Key pressed: Key.backspace. Current keys: {<Key.backspace: <51>>}
DEBUG: Key pressed: Key.backspace. Current keys: {<Key.backspace: <51>>}
DEBUG: Key pressed: Key.backspace. Current keys: {<Key.backspace: <51>>}
DEBUG: Key pressed: Key.backspace. Current keys: {<Key.backspace: <51>>}
DEBUG: Key pressed: Key.backspace. Current keys: {<Key.backspace: <51>>}
DEBUG: Key pressed: Key.backspace. Current keys: {<Key.backspace: <51>>}
DEBUG: Key pressed: Key.backspace. Current keys: {<Key.backspace: <51>>}
DEBUG: Key pressed: Key.backspace. Current keys: {<Key.backspace: <51>>}
DEBUG: Key pressed: Key.backspace. Current keys: {<Key.backspace: <51>>}
DEBUG: Key pressed: Key.backspace. Current keys: {<Key.backspace: <51>>}
DEBUG: Key pressed: Key.backspace. Current keys: {<Key.backspace: <51>>}
DEBUG: Key pressed: Key.backspace. Current keys: {<Key.backspace: <51>>}
DEBUG: Key pressed: Key.backspace. Current keys: {<Key.backspace: <51>>}
DEBUG: Key pressed: Key.backspace. Current keys: {<Key.backspace: <51>>}
DEBUG: Key pressed: Key.backspace. Current keys: {<Key.backspace: <51>>}
DEBUG: Key pressed: Key.backspace. Current keys: {<Key.backspace: <51>>}
DEBUG: Key pressed: Key.backspace. Current keys: {<Key.backspace: <51>>}
DEBUG: Key pressed: Key.backspace. Current keys: {<Key.backspace: <51>>}
DEBUG: Key pressed: Key.backspace. Current keys: {<Key.backspace: <51>>}
DEBUG: Key pressed: Key.backspace. Current keys: {<Key.backspace: <51>>}
DEBUG: Key pressed: Key.space. Current keys: {<Key.space: ' '>}
DEBUG: _on_stop_recording called. is_recording=False
DEBUG: Stop ignored (not recording)
DEBUG: Key pressed: 'w'. Current keys: {'w'}
DEBUG: Key pressed: 'e'. Current keys: {'e'}
DEBUG: Key pressed: Key.space. Current keys: {<Key.space: ' '>}
DEBUG: _on_stop_recording called. is_recording=False
DEBUG: Stop ignored (not recording)
DEBUG: Key pressed: 'c'. Current keys: {'c'}
DEBUG: Key pressed: 'a'. Current keys: {'a'}
DEBUG: Key pressed: 'n'. Current keys: {'n'}
DEBUG: Key pressed: Key.space. Current keys: {<Key.space: ' '>}
DEBUG: _on_stop_recording called. is_recording=False
DEBUG: Stop ignored (not recording)
DEBUG: Key pressed: 'c'. Current keys: {'c'}
DEBUG: Key pressed: 'l'. Current keys: {'l'}
DEBUG: Key pressed: 'o'. Current keys: {'o'}
DEBUG: Key pressed: 'n'. Current keys: {'n'}
DEBUG: Key pressed: 'e'. Current keys: {'e'}
DEBUG: Key pressed: Key.space. Current keys: {<Key.space: ' '>}
DEBUG: _on_stop_recording called. is_recording=False
DEBUG: Stop ignored (not recording)
DEBUG: Key pressed: 'o'. Current keys: {'o'}
DEBUG: Key pressed: 'u'. Current keys: {'u'}
DEBUG: Key pressed: 'r'. Current keys: {'r'}
DEBUG: Key pressed: Key.space. Current keys: {<Key.space: ' '>}
DEBUG: _on_stop_recording called. is_recording=False
DEBUG: Stop ignored (not recording)
DEBUG: Key pressed: 'r'. Current keys: {'r'}
DEBUG: Key pressed: 'e'. Current keys: {'e'}
DEBUG: Key pressed: 'p'. Current keys: {'p'}
DEBUG: Key pressed: 'o'. Current keys: {'o'}
DEBUG: Key pressed: Key.space. Current keys: {<Key.space: ' '>}
DEBUG: _on_stop_recording called. is_recording=False
DEBUG: Stop ignored (not recording)
DEBUG: Key pressed: 'a'. Current keys: {'a'}
DEBUG: Key pressed: 'n'. Current keys: {'n'}
DEBUG: Key pressed: 'd'. Current keys: {'d'}
DEBUG: Key pressed: Key.space. Current keys: {<Key.space: ' '>}
DEBUG: _on_stop_recording called. is_recording=False
DEBUG: Stop ignored (not recording)
DEBUG: Key pressed: 'u'. Current keys: {'u'}
DEBUG: Key pressed: 's'. Current keys: {'s'}
DEBUG: Key pressed: 'e'. Current keys: {'e'}
DEBUG: Key pressed: Key.space. Current keys: {<Key.space: ' '>}
DEBUG: _on_stop_recording called. is_recording=False
DEBUG: Stop ignored (not recording)
DEBUG: Key pressed: 't'. Current keys: {'t'}
DEBUG: Key pressed: 'h'. Current keys: {'h'}
DEBUG: Key pressed: Key.backspace. Current keys: {<Key.backspace: <51>>}
DEBUG: Key pressed: Key.backspace. Current keys: {<Key.backspace: <51>>}
DEBUG: Key pressed: 'o'. Current keys: {'o'}
DEBUG: Key pressed: 'u'. Current keys: {'u'}
DEBUG: Key pressed: 'r'. Current keys: {'r'}
DEBUG: Key pressed: Key.space. Current keys: {<Key.space: ' '>}
DEBUG: _on_stop_recording called. is_recording=False
DEBUG: Stop ignored (not recording)
DEBUG: Key pressed: 'r'. Current keys: {'r'}
DEBUG: Key pressed: 'e'. Current keys: {'e'}
DEBUG: Key pressed: 'c'. Current keys: {'c'}
DEBUG: Key pressed: 'o'. Current keys: {'o'}
DEBUG: Key pressed: 'r'. Current keys: {'r'}
DEBUG: Key pressed: 'd'. Current keys: {'d'}
DEBUG: Key pressed: 'i'. Current keys: {'i'}
DEBUG: Key pressed: 'n'. Current keys: {'n'}
DEBUG: Key pressed: 'g'. Current keys: {'g', 'n'}
DEBUG: Key pressed: Key.space. Current keys: {<Key.space: ' '>}
DEBUG: _on_stop_recording called. is_recording=False
DEBUG: Stop ignored (not recording)
DEBUG: Key pressed: 'a'. Current keys: {'a'}
DEBUG: Key pressed: 'u'. Current keys: {'u'}
DEBUG: Key pressed: 'd'. Current keys: {'d'}
DEBUG: Key pressed: 'i'. Current keys: {'i'}
DEBUG: Key pressed: 'o'. Current keys: {'o'}
DEBUG: Key pressed: Key.space. Current keys: {<Key.space: ' '>}
DEBUG: _on_stop_recording called. is_recording=False
DEBUG: Stop ignored (not recording)
DEBUG: Key pressed: 'p'. Current keys: {'p'}
DEBUG: Key pressed: 'a'. Current keys: {'a'}
DEBUG: Key pressed: 's'. Current keys: {'s'}
DEBUG: Key pressed: 't'. Current keys: {'t'}
DEBUG: Key pressed: 'i'. Current keys: {'i'}
DEBUG: Key pressed: 'n'. Current keys: {'n'}
DEBUG: Key pressed: 'g'. Current keys: {'g'}
DEBUG: Key pressed: Key.space. Current keys: {<Key.space: ' '>}
DEBUG: _on_stop_recording called. is_recording=False
DEBUG: Stop ignored (not recording)
DEBUG: Key pressed: 't'. Current keys: {'t'}
DEBUG: Key pressed: 'e'. Current keys: {'e'}
DEBUG: Key pressed: 'x'. Current keys: {'x'}
DEBUG: Key pressed: 't'. Current keys: {'t'}
DEBUG: Key pressed: Key.space. Current keys: {<Key.space: ' '>}
DEBUG: _on_stop_recording called. is_recording=False
DEBUG: Stop ignored (not recording)
DEBUG: Key pressed: 's'. Current keys: {'s'}
DEBUG: Key pressed: 'o'. Current keys: {'o'}
DEBUG: Key pressed: 'f'. Current keys: {'f'}
DEBUG: Key pressed: 't'. Current keys: {'t'}
DEBUG: Key pressed: 'w'. Current keys: {'w'}
DEBUG: Key pressed: 'a'. Current keys: {'a'}
DEBUG: Key pressed: 'r'. Current keys: {'r'}
DEBUG: Key pressed: 'e'. Current keys: {'e'}
DEBUG: Key pressed: '.'. Current keys: {'.'}
DEBUG: Key pressed: Key.space. Current keys: {<Key.space: ' '>}
DEBUG: _on_stop_recording called. is_recording=False
DEBUG: Stop ignored (not recording)
DEBUG: Key pressed: 'a'. Current keys: {'a'}
DEBUG: Key pressed: 'l'. Current keys: {'l'}
DEBUG: Key pressed: 'o'. Current keys: {'o'}
DEBUG: Key pressed: Key.space. Current keys: {<Key.space: ' '>}
DEBUG: _on_stop_recording called. is_recording=False
DEBUG: Stop ignored (not recording)
DEBUG: Key pressed: 'n'. Current keys: {'n'}
DEBUG: Key pressed: 'e'. Current keys: {'e'}
DEBUG: Key pressed: 'e'. Current keys: {'e'}
DEBUG: Key pressed: 'd'. Current keys: {'d'}
DEBUG: Key pressed: Key.space. Current keys: {<Key.space: ' '>}
DEBUG: _on_stop_recording called. is_recording=False
DEBUG: Stop ignored (not recording)
DEBUG: Key pressed: 'd'. Current keys: {'d'}
DEBUG: Key pressed: 'e'. Current keys: {'e'}
DEBUG: Key pressed: 't'. Current keys: {'t'}
DEBUG: Key pressed: 'a'. Current keys: {'a'}
DEBUG: Key pressed: 'i'. Current keys: {'i'}
DEBUG: Key pressed: 'l'. Current keys: {'l'}
DEBUG: Key pressed: 'e'. Current keys: {'e', 'l'}
DEBUG: Key pressed: 'd'. Current keys: {'d'}
DEBUG: Key pressed: Key.space. Current keys: {<Key.space: ' '>}
DEBUG: _on_stop_recording called. is_recording=False
DEBUG: Stop ignored (not recording)
DEBUG: Key pressed: 'i'. Current keys: {'i'}
DEBUG: Key pressed: 'n'. Current keys: {'n'}
DEBUG: Key pressed: 'f'. Current keys: {'f'}
DEBUG: Key pressed: 'o'. Current keys: {'o'}
DEBUG: Key pressed: Key.space. Current keys: {<Key.space: ' '>}
DEBUG: _on_stop_recording called. is_recording=False
DEBUG: Stop ignored (not recording)
DEBUG: Key pressed: 'a'. Current keys: {'a'}
DEBUG: Key pressed: 'b'. Current keys: {'b'}
DEBUG: Key pressed: 'o'. Current keys: {'o'}
DEBUG: Key pressed: 'u'. Current keys: {'u'}
DEBUG: Key pressed: 't'. Current keys: {'t'}
DEBUG: Key pressed: Key.space. Current keys: {<Key.space: ' '>}
DEBUG: _on_stop_recording called. is_recording=False
DEBUG: Stop ignored (not recording)
DEBUG: Key pressed: 'h'. Current keys: {'h'}
DEBUG: Key pressed: 'o'. Current keys: {'o'}
DEBUG: Key pressed: 'w'. Current keys: {'w', 'o'}
DEBUG: Key pressed: Key.space. Current keys: {<Key.space: ' '>}
DEBUG: _on_stop_recording called. is_recording=False
DEBUG: Stop ignored (not recording)
DEBUG: Key pressed: 't'. Current keys: {'t'}
DEBUG: Key pressed: 'o'. Current keys: {'o'}
DEBUG: Key pressed: Key.space. Current keys: {<Key.space: ' '>, 'o'}
DEBUG: _on_stop_recording called. is_recording=False
DEBUG: Stop ignored (not recording)
DEBUG: Key pressed: 's'. Current keys: {'s'}
DEBUG: Key pressed: 'e'. Current keys: {'e'}
DEBUG: Key pressed: 't'. Current keys: {'t'}
DEBUG: Key pressed: 'u'. Current keys: {'u'}
DEBUG: Key pressed: 'p'. Current keys: {'p'}
DEBUG: Key pressed: Key.space. Current keys: {<Key.space: ' '>}
DEBUG: _on_stop_recording called. is_recording=False
DEBUG: Stop ignored (not recording)
DEBUG: Key pressed: 'p'. Current keys: {'p'}
DEBUG: Key pressed: 'e'. Current keys: {'e'}
DEBUG: Key pressed: 'r'. Current keys: {'r'}
DEBUG: Key pressed: 'm'. Current keys: {'m'}
DEBUG: Key pressed: 'i'. Current keys: {'i'}
DEBUG: Key pressed: 's'. Current keys: {'s'}
DEBUG: Key pressed: 's'. Current keys: {'s'}
DEBUG: Key pressed: 'i'. Current keys: {'i'}
DEBUG: Key pressed: 'o'. Current keys: {'o'}
DEBUG: Key pressed: 'n'. Current keys: {'n'}
DEBUG: Key pressed: 's'. Current keys: {'s'}
DEBUG: Key pressed: Key.space. Current keys: {<Key.space: ' '>}
DEBUG: _on_stop_recording called. is_recording=False
DEBUG: Stop ignored (not recording)
DEBUG: Key pressed: 'a'. Current keys: {'a'}
DEBUG: Key pressed: 'n'. Current keys: {'n'}
DEBUG: Key pressed: 'd'. Current keys: {'d'}
DEBUG: Key pressed: Key.space. Current keys: {<Key.space: ' '>}
DEBUG: _on_stop_recording called. is_recording=False
DEBUG: Stop ignored (not recording)
DEBUG: Key pressed: 'v'. Current keys: {'v'}
DEBUG: Key pressed: 'e'. Current keys: {'e'}
DEBUG: Key pressed: 'n'. Current keys: {'n'}
DEBUG: Key pressed: 'v'. Current keys: {'v'}
DEBUG: Key pressed: Key.enter. Current keys: {<Key.enter: <36>>}
DEBUG: Key pressed: 'w'. Current keys: {'w'}
DEBUG: Key pressed: 'o'. Current keys: {'o'}
DEBUG: Key pressed: 'u'. Current keys: {'u'}
DEBUG: Key pressed: 'l'. Current keys: {'l'}
DEBUG: Key pressed: 'd'. Current keys: {'d'}
DEBUG: Key pressed: Key.space. Current keys: {<Key.space: ' '>}
DEBUG: _on_stop_recording called. is_recording=False
DEBUG: Stop ignored (not recording)
DEBUG: Key pressed: 'o'. Current keys: {'o'}
DEBUG: Key pressed: 'u'. Current keys: {'u'}
DEBUG: Key pressed: 't'. Current keys: {'t'}
DEBUG: Key pressed: Key.backspace. Current keys: {<Key.backspace: <51>>}
DEBUG: Key pressed: 'r'. Current keys: {<Key.backspace: <51>>, 'r'}
DEBUG: Key pressed: Key.backspace. Current keys: {<Key.backspace: <51>>}
DEBUG: Key pressed: Key.backspace. Current keys: {<Key.backspace: <51>>}
DEBUG: Key pressed: Key.backspace. Current keys: {<Key.backspace: <51>>}
DEBUG: Key pressed: Key.backspace. Current keys: {<Key.backspace: <51>>}
DEBUG: Key pressed: Key.backspace. Current keys: {<Key.backspace: <51>>}
DEBUG: Key pressed: Key.backspace. Current keys: {<Key.backspace: <51>>}
DEBUG: Key pressed: Key.backspace. Current keys: {<Key.backspace: <51>>}
DEBUG: Key pressed: Key.backspace. Current keys: {<Key.backspace: <51>>}
DEBUG: Key pressed: Key.backspace. Current keys: {<Key.backspace: <51>>}
DEBUG: Key pressed: Key.backspace. Current keys: {<Key.backspace: <51>>}
DEBUG: Key pressed: Key.backspace. Current keys: {<Key.backspace: <51>>}
DEBUG: Key pressed: Key.backspace. Current keys: {<Key.backspace: <51>>}
DEBUG: Key pressed: Key.backspace. Current keys: {<Key.backspace: <51>>}
DEBUG: Key pressed: Key.backspace. Current keys: {<Key.backspace: <51>>}
DEBUG: Key pressed: Key.shift_r. Current keys: {<Key.shift_r: <60>>}
DEBUG: Key pressed: '@'. Current keys: {'@', <Key.shift_r: <60>>}
DEBUG: Key pressed: 'v'. Current keys: {'v'}
DEBUG: Key pressed: 'i'. Current keys: {'i'}
DEBUG: Key pressed: 'b'. Current keys: {'b'}
DEBUG: Key pressed: 'e'. Current keys: {'e'}
DEBUG: Key pressed: 'j'. Current keys: {'j'}
DEBUG: Key pressed: Key.backspace. Current keys: {<Key.backspace: <51>>}
DEBUG: Key pressed: 'h'. Current keys: {'h'}
DEBUG: Key pressed: 'a'. Current keys: {'a', 'h'}
DEBUG: Key pressed: 's'. Current keys: {'s'}
DEBUG: Key pressed: Key.space. Current keys: {<Key.space: ' '>}
DEBUG: _on_stop_recording called. is_recording=False
DEBUG: Stop ignored (not recording)
DEBUG: Key pressed: 'e'. Current keys: {'e'}
DEBUG: Key pressed: 'r'. Current keys: {'r'}
DEBUG: Key pressed: 'r'. Current keys: {'r'}
DEBUG: Key pressed: 'o'. Current keys: {'o', 'r'}
DEBUG: Key pressed: 'r'. Current keys: {'r'}
DEBUG: Key pressed: Key.enter. Current keys: {<Key.enter: <36>>}
DEBUG: Key pressed: Key.cmd. Current keys: {<Key.cmd: <55>>}
DEBUG: Key pressed: 'a'. Current keys: {<Key.cmd: <55>>, 'a'}
DEBUG: Key pressed: Key.backspace. Current keys: {<Key.backspace: <51>>}
DEBUG: Key pressed: '.'. Current keys: {'.'}
DEBUG: Key pressed: 'g'. Current keys: {'g'}
DEBUG: Key pressed: 'i'. Current keys: {'i'}
DEBUG: Key pressed: 't'. Current keys: {'t'}
DEBUG: Key pressed: 'i'. Current keys: {'i'}
DEBUG: Key pressed: 'g'. Current keys: {'g'}
DEBUG: Key pressed: 'n'. Current keys: {'n'}
DEBUG: Key pressed: 'o'. Current keys: {'o'}
DEBUG: Key pressed: 'r'. Current keys: {'r'}
DEBUG: Key pressed: 'e'. Current keys: {'e'}
DEBUG: Key pressed: Key.enter. Current keys: {<Key.enter: <36>>}
DEBUG: Key pressed: 'p'. Current keys: {'p'}
DEBUG: Key pressed: 'y'. Current keys: {'y'}
DEBUG: Key pressed: 'c'. Current keys: {'c'}
DEBUG: Key pressed: 'a'. Current keys: {'a'}
DEBUG: Key pressed: 'h'. Current keys: {'h'}
DEBUG: Key pressed: 'c'. Current keys: {'c'}
DEBUG: Key pressed: Key.backspace. Current keys: {<Key.backspace: <51>>}
DEBUG: Key pressed: Key.backspace. Current keys: {<Key.backspace: <51>>}
DEBUG: Key pressed: Key.tab. Current keys: {<Key.tab: <48>>}
DEBUG: Key pressed: Key.cmd. Current keys: {<Key.cmd: <55>>}
DEBUG: Key pressed: 's'. Current keys: {<Key.cmd: <55>>, 's'}
DEBUG: Key pressed: Key.cmd. Current keys: {<Key.cmd: <55>>}
DEBUG: Key pressed: 'a'. Current keys: {<Key.cmd: <55>>, 'a'}
DEBUG: Key pressed: Key.backspace. Current keys: {<Key.backspace: <51>>}
DEBUG: Key pressed: 'g'. Current keys: {'g'}
DEBUG: Key pressed: 'i'. Current keys: {'i'}
DEBUG: Key pressed: 't'. Current keys: {'t'}
DEBUG: Key pressed: 'h'. Current keys: {'h'}
DEBUG: Key pressed: 'u'. Current keys: {'u'}
DEBUG: Key pressed: 'b'. Current keys: {'b'}
DEBUG: Key pressed: 'v'. Current keys: {'v'}
DEBUG: Key pressed: 'i'. Current keys: {'i'}
DEBUG: Key pressed: 'b'. Current keys: {'b'}
DEBUG: Key pressed: 'e'. Current keys: {'e'}
DEBUG: Key pressed: 'p'. Current keys: {'p'}
DEBUG: Key pressed: 'a'. Current keys: {'a', 'p'}
DEBUG: Key pressed: 's'. Current keys: {'s'}
DEBUG: Key pressed: 't'. Current keys: {'t'}
DEBUG: Key pressed: 'e'. Current keys: {'e'}
DEBUG: Key pressed: Key.cmd. Current keys: {<Key.cmd: <55>>}
DEBUG: Key pressed: 'c'. Current keys: {<Key.cmd: <55>>, 'c'}
DEBUG: Key pressed: Key.cmd. Current keys: {<Key.cmd: <55>>}
DEBUG: Key pressed: 'c'. Current keys: {'c', <Key.cmd: <55>>}
DEBUG: Key pressed: Key.cmd. Current keys: {<Key.cmd: <55>>}
DEBUG: Key pressed: 's'. Current keys: {'s', <Key.cmd: <55>>}
DEBUG: Key pressed: 'c'. Current keys: {'c'}
DEBUG: Key pressed: 'a'. Current keys: {'a'}
DEBUG: Key pressed: 'n'. Current keys: {'n', 'a'}
DEBUG: Key pressed: Key.space. Current keys: {<Key.space: ' '>}
DEBUG: _on_stop_recording called. is_recording=False
DEBUG: Stop ignored (not recording)
DEBUG: Key pressed: 'w'. Current keys: {'w'}
DEBUG: Key pressed: 'e'. Current keys: {'e'}
DEBUG: Key pressed: Key.space. Current keys: {<Key.space: ' '>}
DEBUG: _on_stop_recording called. is_recording=False
DEBUG: Stop ignored (not recording)
DEBUG: Key pressed: 'm'. Current keys: {'m'}
DEBUG: Key pressed: 'a'. Current keys: {'a'}
DEBUG: Key pressed: 'k'. Current keys: {'k'}
DEBUG: Key pressed: 'e'. Current keys: {'e'}
DEBUG: Key pressed: Key.space. Current keys: {<Key.space: ' '>}
DEBUG: _on_stop_recording called. is_recording=False
DEBUG: Stop ignored (not recording)
DEBUG: Key pressed: 'o'. Current keys: {'o'}
DEBUG: Key pressed: 'n'. Current keys: {'n'}
DEBUG: Key pressed: 'l'. Current keys: {'l'}
DEBUG: Key pressed: 'y'. Current keys: {'y'}
DEBUG: Key pressed: Key.space. Current keys: {<Key.space: ' '>}
DEBUG: _on_stop_recording called. is_recording=False
DEBUG: Stop ignored (not recording)
DEBUG: Key pressed: 'b'. Current keys: {'b'}
DEBUG: Key pressed: 'i'. Current keys: {'i'}
DEBUG: Key pressed: Key.backspace. Current keys: {<Key.backspace: <51>>}
DEBUG: Key pressed: Key.backspace. Current keys: {<Key.backspace: <51>>}
DEBUG: Key pressed: 'v'. Current keys: {'v'}
DEBUG: Key pressed: 'i'. Current keys: {'i'}
DEBUG: Key pressed: 'b'. Current keys: {'b'}
DEBUG: Key pressed: 'e'. Current keys: {'e'}
DEBUG: Key pressed: 'p'. Current keys: {'p'}
DEBUG: Key pressed: 'a'. Current keys: {'a'}
DEBUG: Key pressed: 's'. Current keys: {'s'}
DEBUG: Key pressed: 't'. Current keys: {'t'}
DEBUG: Key pressed: 'e'. Current keys: {'e'}
DEBUG: Key pressed: Key.space. Current keys: {<Key.space: ' '>}
DEBUG: _on_stop_recording called. is_recording=False
DEBUG: Stop ignored (not recording)
DEBUG: Key pressed: 'f'. Current keys: {'f'}
DEBUG: Key pressed: 'o'. Current keys: {'o'}
DEBUG: Key pressed: 'l'. Current keys: {'l'}
DEBUG: Key pressed: 'd'. Current keys: {'d'}
DEBUG: Key pressed: 'e'. Current keys: {'e'}
DEBUG: Key pressed: 'r'. Current keys: {'r'}
DEBUG: Key pressed: Key.space. Current keys: {<Key.space: ' '>}
DEBUG: _on_stop_recording called. is_recording=False
DEBUG: Stop ignored (not recording)
DEBUG: Key pressed: 'a'. Current keys: {'a'}
DEBUG: Key pressed: 's'. Current keys: {'s'}
DEBUG: Key pressed: Key.space. Current keys: {<Key.space: ' '>}
DEBUG: _on_stop_recording called. is_recording=False
DEBUG: Stop ignored (not recording)
DEBUG: Key pressed: 'n'. Current keys: {'n'}
DEBUG: Key pressed: 'e'. Current keys: {'e'}
DEBUG: Key pressed: 'w'. Current keys: {'w'}
DEBUG: Key pressed: Key.space. Current keys: {<Key.space: ' '>}
DEBUG: _on_stop_recording called. is_recording=False
DEBUG: Stop ignored (not recording)
DEBUG: Key pressed: 'g'. Current keys: {'g'}
DEBUG: Key pressed: 'i'. Current keys: {'i'}
DEBUG: Key pressed: 't'. Current keys: {'t'}
DEBUG: Key pressed: Key.space. Current keys: {<Key.space: ' '>}
DEBUG: _on_stop_recording called. is_recording=False
DEBUG: Stop ignored (not recording)
DEBUG: Key pressed: 'r'. Current keys: {'r'}
DEBUG: Key pressed: 'e'. Current keys: {'e'}
DEBUG: Key pressed: 'p'. Current keys: {'e', 'p'}
DEBUG: Key pressed: 'o'. Current keys: {'o'}
DEBUG: Key pressed: Key.space. Current keys: {<Key.space: ' '>}
DEBUG: _on_stop_recording called. is_recording=False
DEBUG: Stop ignored (not recording)
DEBUG: Key pressed: 'o'. Current keys: {'o'}
DEBUG: Key pressed: 'u'. Current keys: {'u'}
DEBUG: Key pressed: 't'. Current keys: {'t'}
DEBUG: Key pressed: 's'. Current keys: {'s'}
DEBUG: Key pressed: 'i'. Current keys: {'i'}
DEBUG: Key pressed: 'd'. Current keys: {'d'}
DEBUG: Key pressed: 'e'. Current keys: {'e'}
DEBUG: Key pressed: Key.space. Current keys: {<Key.space: ' '>}
DEBUG: _on_stop_recording called. is_recording=False
DEBUG: Stop ignored (not recording)
DEBUG: Key pressed: 'o'. Current keys: {'o'}
DEBUG: Key pressed: 'f'. Current keys: {'f'}
DEBUG: Key pressed: Key.space. Current keys: {<Key.space: ' '>}
DEBUG: _on_stop_recording called. is_recording=False
DEBUG: Stop ignored (not recording)
DEBUG: Key pressed: 'w'. Current keys: {'w'}
DEBUG: Key pressed: 'h'. Current keys: {'h'}
DEBUG: Key pressed: 'i'. Current keys: {'i'}
DEBUG: Key pressed: 's'. Current keys: {'s'}
DEBUG: Key pressed: 'p'. Current keys: {'p'}
DEBUG: Key pressed: 'e'. Current keys: {'e'}
DEBUG: Key pressed: 'r'. Current keys: {'r'}
DEBUG: Key pressed: '.'. Current keys: {'.'}
DEBUG: Key pressed: 'p'. Current keys: {'p'}
DEBUG: Key pressed: 'p'. Current keys: {'p'}
DEBUG: Key pressed: Key.backspace. Current keys: {<Key.backspace: <51>>}
DEBUG: Key pressed: Key.backspace. Current keys: {<Key.backspace: <51>>}
DEBUG: Key pressed: 'c'. Current keys: {'c'}
DEBUG: Key pressed: 'p'. Current keys: {'p'}
DEBUG: Key pressed: 'p'. Current keys: {'p'}
DEBUG: Key pressed: Key.space. Current keys: {<Key.space: ' '>}
DEBUG: _on_stop_recording called. is_recording=False
DEBUG: Stop ignored (not recording)
DEBUG: Key pressed: 'i'. Current keys: {'i'}
DEBUG: Key pressed: Key.space. Current keys: {<Key.space: ' '>}
DEBUG: _on_stop_recording called. is_recording=False
DEBUG: Stop ignored (not recording)
DEBUG: Key pressed: 'w'. Current keys: {'w'}
DEBUG: Key pressed: 'o'. Current keys: {'o'}
DEBUG: Key pressed: 'u'. Current keys: {'u'}
DEBUG: Key pressed: 'l'. Current keys: {'l'}
DEBUG: Key pressed: 'd'. Current keys: {'d'}
DEBUG: Key pressed: Key.space. Current keys: {<Key.space: ' '>}
DEBUG: _on_stop_recording called. is_recording=False
DEBUG: Stop ignored (not recording)
DEBUG: Key pressed: 'w'. Current keys: {'w'}
DEBUG: Key pressed: 'a'. Current keys: {'a'}
DEBUG: Key pressed: 'n'. Current keys: {'n'}
DEBUG: Key pressed: 't'. Current keys: {'t'}
DEBUG: Key pressed: Key.space. Current keys: {<Key.space: ' '>}
DEBUG: _on_stop_recording called. is_recording=False
DEBUG: Stop ignored (not recording)
DEBUG: Key pressed: 'i'. Current keys: {'i'}
DEBUG: Key pressed: 't'. Current keys: {'t'}
DEBUG: Key pressed: Key.space. Current keys: {<Key.space: ' '>}
DEBUG: _on_stop_recording called. is_recording=False
DEBUG: Stop ignored (not recording)
DEBUG: Key pressed: 't'. Current keys: {'t'}
DEBUG: Key pressed: 'o'. Current keys: {'o'}
DEBUG: Key pressed: Key.space. Current keys: {<Key.space: ' '>}
DEBUG: _on_stop_recording called. is_recording=False
DEBUG: Stop ignored (not recording)
DEBUG: Key pressed: 'p'. Current keys: {'p'}
DEBUG: Key pressed: 'o'. Current keys: {'o'}
DEBUG: Key pressed: 'i'. Current keys: {'i'}
DEBUG: Key pressed: 'o'. Current keys: {'o', 'i'}
DEBUG: Key pressed: 'n'. Current keys: {'n'}
DEBUG: Key pressed: 't'. Current keys: {'t'}
DEBUG: Key pressed: Key.space. Current keys: {<Key.space: ' '>}
DEBUG: _on_stop_recording called. is_recording=False
DEBUG: Stop ignored (not recording)
DEBUG: Key pressed: 't'. Current keys: {'t'}
DEBUG: Key pressed: 'o'. Current keys: {'o'}
DEBUG: Key pressed: Key.space. Current keys: {<Key.space: ' '>}
DEBUG: _on_stop_recording called. is_recording=False
DEBUG: Stop ignored (not recording)
DEBUG: Key pressed: Key.cmd. Current keys: {<Key.cmd: <55>>}
DEBUG: Key pressed: 'v'. Current keys: {<Key.cmd: <55>>, 'v'}
DEBUG: Key pressed: '-'. Current keys: {'-'}
DEBUG: Key pressed: 'p'. Current keys: {'p'}
DEBUG: Key pressed: 'e'. Current keys: {'e'}
DEBUG: Key pressed: 'r'. Current keys: {'r'}
DEBUG: Key pressed: 's'. Current keys: {'s'}
DEBUG: Key pressed: 'o'. Current keys: {'s', 'o'}
DEBUG: Key pressed: 'n'. Current keys: {'n'}
DEBUG: Key pressed: 'a'. Current keys: {'a'}
DEBUG: Key pressed: 'l'. Current keys: {'l'}
DEBUG: Key pressed: Key.enter. Current keys: {<Key.enter: <36>>}
